<?xml version="1.0" encoding="utf-8"?>
<COLLADA xmlns="http://www.collada.org/2005/11/COLLADASchema" version="1.4.1" xmlns:xsi="http://www.w3.org/2001/XMLSchema-instance">
  <asset>
    <contributor>
      <author>Blender User</author>
      <authoring_tool>Blender 4.5.3 LTS commit date:2025-09-08, commit time:12:46, hash:67807e1800cc</authoring_tool>
    </contributor>
    <created>2025-09-30T10:19:57</created>
    <modified>2025-09-30T10:19:57</modified>
    <unit name="meter" meter="1"/>
    <up_axis>Z_UP</up_axis>
  </asset>
  <library_images/>
  <library_geometries>
    <geometry id="Daggerboard_001-mesh" name="Daggerboard.001">
      <mesh>
        <source id="Daggerboard_001-mesh-positions">
          <float_array id="Daggerboard_001-mesh-positions-array" count="3177">-0.5826098 17.51003 -28.59558 -0.4176537 17.63927 -28.59686 -0.892988 9.920622 -28.60149 -0.2643533 17.523 -28.59832 0.1365963 9.841287 -28.6105 0.1876465 10.24904 -28.61048 0.231101 10.64533 -28.6104 0.297106 11.40606 -28.61011 0.3383715 12.1285 -28.60965 0.358658 12.8177 -28.60905 0.3617271 13.47869 -28.60832 -0.1224024 17.39008 -28.5997 0.3513402 14.11651 -28.60751 0.33125 14.7364 -28.60664 0.3245471 14.90403 -28.60639 0.3166509 15.08987 -28.60611 -0.001194536 17.24047 -28.60092 0.298015 15.48968 -28.6055 0.2768104 15.8828 -28.60487 0.08793979 17.08297 -28.60187 0.2657027 16.06028 -28.60457 0.2543928 16.21782 -28.60429 0.1501206 16.91477 -28.6026 0.228531 16.49226 -28.60375 0.1950227 16.72205 -28.60321 0.07748007 9.421436 -28.61046 -0.810602 9.380341 -28.60281 0.009829103 8.988879 -28.61037 -0.7158787 8.830913 -28.60426 -0.06682866 8.542953 -28.6102 -0.6086027 8.271454 -28.60582 -0.1529608 8.083071 -28.60998 -0.4885606 7.701047 -28.6075 -0.24904 7.608566 -28.60969 -0.3555356 7.118821 -28.60932 -0.9632504 10.45267 -28.60028 -1.068264 11.49566 -28.59819 -1.103381 12.00474 -28.5973 -1.127691 12.50428 -28.59653 -1.148157 13.49042 -28.59523 -0.7320516 17.3623 -28.59445 -1.138201 14.48551 -28.59419 -1.124483 14.99624 -28.59373 -1.116165 15.24823 -28.59352 -0.8489355 17.20555 -28.59362 -1.107645 15.47727 -28.59333 -1.098925 15.68402 -28.59317 -1.089987 15.86985 -28.59304 -0.9290572 17.04856 -28.5931 -1.080812 16.03614 -28.59293 -1.071379 16.18424 -28.59284 -1.061669 16.31557 -28.59278 -1.051661 16.43147 -28.59274 -0.9842712 16.88017 -28.59281 -1.008264 16.76844 -28.59273 -1.030674 16.62255 -28.5927 -0.3792617 19.73278 -21.24304 -0.4902814 21.20928 -15.69531 -0.7126365 21.02914 -15.64608 -0.8079122 20.93504 -15.62047 -0.8906339 20.84007 -15.5947 -0.8136683 21.21779 -14.59741 -0.8971994 21.12187 -14.57138 -0.8194243 21.50054 -13.57436 -0.903765 21.40367 -13.54807 -0.8309352 22.06606 -11.52825 -0.9168961 21.96726 -11.50144 -0.8424472 22.63157 -9.48214 -0.9300261 22.53088 -9.454818 -0.8482034 22.91432 -8.459086 -0.9365916 22.81268 -8.431504 -0.8539593 23.19707 -7.43603 -0.943157 23.09448 -7.408188 -0.8597153 23.47982 -6.412975 -0.9497227 23.37627 -6.384876 -0.8654704 23.76259 -5.389922 -0.9562881 23.65807 -5.361561 -0.8712262 24.04535 -4.366866 -0.9628537 23.93987 -4.338247 -0.8769823 24.3281 -3.343811 -0.9694192 24.22167 -3.314932 -0.8827383 24.61085 -2.320755 -0.9759846 24.50347 -2.291618 -0.8884943 24.8936 -1.2977 -0.9825502 24.78527 -1.268305 -0.8942492 25.17637 -0.2746468 -0.9891157 25.06707 -0.2449893 -0.925099 25.44419 0.7525225 -1.016351 25.33088 0.7832317 -1.068801 24.95722 -0.2152681 -1.090411 25.21827 0.8136625 -1.131277 24.84841 -0.1859121 -1.14965 25.10645 0.8438015 -1.19571 24.69721 -0.1452417 -1.236268 24.87386 0.9062986 -1.245452 24.53299 -0.1011781 -1.268728 24.74275 0.9414406 -1.27403 24.07217 -1.076555 -1.28321 24.34814 -0.05167293 -1.302398 23.85989 -1.019785 -1.31169 24.13506 0.005310058 -1.324269 23.61154 -0.9534302 -1.333598 23.88612 0.07182312 -1.3336 23.47145 -0.9160175 -1.342934 23.74584 0.1092863 -1.342304 23.31947 -0.8754358 -1.351641 23.59375 0.1499004 -1.351766 23.14685 -0.8293438 -1.361108 23.42102 0.1960201 -1.362372 22.94967 -0.7766962 -1.371716 23.22372 0.2486991 -1.373264 22.72841 -0.7176237 -1.382609 23.00232 0.3078089 -1.383589 22.48351 -0.6522493 -1.392934 22.75728 0.3732214 -1.39249 22.21544 -0.5807057 -1.401833 22.48906 0.4448071 -1.399114 21.92468 -0.5031176 -1.408452 22.19812 0.522439 -1.402605 21.61166 -0.4196129 -1.411936 21.88494 0.6059895 -1.402108 21.27688 -0.3303232 -1.41143 21.54997 0.6953287 -1.396767 20.92079 -0.2353754 -1.406078 21.19367 0.7903328 -1.385728 20.54384 -0.1348953 -1.395024 20.81652 0.8908644 -1.368136 20.1465 -0.02901172 -1.377415 20.41897 0.9968042 -1.343135 19.72924 0.08214569 -1.352395 20.00149 1.108021 -1.309869 19.29252 0.1984491 -1.319107 19.56455 1.224383 -1.267486 18.83679 0.3197727 -1.276697 19.10861 1.345764 -1.215127 18.36255 0.445982 -1.22431 18.63412 1.472037 -1.15194 17.87021 0.5769596 -1.161092 18.14155 1.603077 -1.077069 17.36028 0.7125683 -1.086185 17.63138 1.738749 -0.9896577 16.8332 0.8526831 -0.9987348 17.10408 1.878926 -0.8888527 16.28944 0.997179 -0.8978877 16.56007 2.023483 -0.7737976 15.72946 1.145923 -0.7827857 15.99986 2.172287 -0.6436384 15.15371 1.298789 -0.6525758 15.42389 2.325214 -0.4975191 14.56268 1.45565 -0.506402 14.83263 2.482136 -0.3345849 13.95681 1.616377 -0.3434094 14.22654 2.642921 -0.3072378 14.33407 3.712488 -0.4333116 14.77959 3.594334 -0.9593347 20.74564 -15.56915 -0.9666318 21.02642 -14.54556 -0.9739301 21.30718 -13.52196 -0.9885255 21.86873 -11.47478 -1.003121 22.43027 -9.427597 -1.010419 22.71104 -8.404003 -1.017716 22.99182 -7.380412 -1.025015 23.27259 -6.356819 -1.032313 23.55335 -5.333225 -1.03961 23.83413 -4.309635 -1.046908 24.1149 -3.286043 -1.054205 24.39568 -2.262451 -1.061504 24.67644 -1.238858 -1.012549 20.65311 -15.54418 -1.020465 20.93279 -14.5203 -1.02838 21.21248 -13.49641 -1.04421 21.77186 -11.44864 -1.06004 22.33123 -9.400876 -1.067956 22.61091 -8.37699 -1.07587 22.89061 -7.353106 -1.083786 23.17029 -6.329221 -1.091701 23.44998 -5.305337 -1.099617 23.72966 -4.281451 -1.107532 24.00934 -3.257565 -1.115447 24.28904 -2.233682 -1.123362 24.56871 -1.209796 -1.067633 20.52331 -15.50927 -1.111289 20.37771 -15.47021 -1.145514 20.20843 -15.42488 -1.172308 20.00757 -15.37116 -1.193665 19.76729 -15.30696 -1.202929 19.62989 -15.27026 -1.211582 19.47969 -15.23016 -1.220984 19.30849 -15.18444 -1.23155 19.11295 -15.13223 -1.242427 18.89351 -15.07364 -1.252761 18.65063 -15.00881 -1.261698 18.38476 -14.93785 -1.268387 18.09635 -14.86089 -1.271974 17.78583 -14.77805 -1.277725 18.36979 -13.83533 -1.281304 18.05911 -13.75245 -1.287063 18.64325 -12.80978 -1.290636 18.33237 -12.72684 -1.305738 19.19015 -10.75867 -1.309297 18.87893 -10.67564 -1.324414 19.73705 -8.707557 -1.327958 19.42547 -8.624436 -1.333751 20.01051 -7.682003 -1.337289 19.69875 -7.598833 -1.343088 20.28396 -6.656447 -1.346621 19.97202 -6.57323 -1.352427 20.55741 -5.630891 -1.355951 20.2453 -5.547627 -1.361764 20.83086 -4.605337 -1.365281 20.51858 -4.522025 -1.371101 21.10432 -3.579783 -1.374613 20.79184 -3.496421 -1.380439 21.37776 -2.554225 -1.383944 21.06512 -2.470819 -1.389777 21.65122 -1.528671 -1.393275 21.33838 -1.445215 -1.271603 17.45368 -14.68947 -1.280925 17.72677 -13.66381 -1.290246 17.99986 -12.63816 -1.30889 18.54603 -10.58685 -1.327534 19.0922 -8.535547 -1.336855 19.36528 -7.509894 -1.346177 19.63837 -6.484241 -1.355499 19.91146 -5.458589 -1.364821 20.18454 -4.432935 -1.374143 20.45763 -3.407283 -1.383464 20.73071 -2.381629 -1.392786 21.0038 -1.355977 -1.255581 16.72626 -14.49553 -1.266423 17.10035 -14.59525 -1.213493 15.91768 -14.2801 -1.238222 16.33188 -14.39044 -1.264877 16.99894 -13.46977 -1.275733 17.37324 -13.56955 -1.285044 17.64612 -12.54384 -1.180542 15.48407 -14.16462 -1.138515 15.03152 -14.04414 -1.086558 14.5605 -13.91878 -1.023818 14.07143 -13.78868 -1.095741 14.83207 -12.89273 -1.03297 14.34277 -12.76256 -1.104926 15.10364 -11.86668 -1.042122 14.6141 -11.73644 -1.123292 15.64679 -9.814568 -1.060424 15.1568 -9.684211 -1.141659 16.18995 -7.762458 -1.078728 15.69947 -7.631975 -1.150843 16.46151 -6.7364 -1.08788 15.97081 -6.605859 -1.160026 16.73309 -5.710345 -1.097031 16.24217 -5.579743 -1.16921 17.00467 -4.684292 -1.106182 16.5135 -4.553626 -1.178393 17.27625 -3.658237 -1.115334 16.78484 -3.527507 -1.187577 17.54781 -2.63218 -1.124486 17.05618 -2.501389 -1.196761 17.81939 -1.606125 -1.133637 17.32754 -1.475274 -1.205944 18.09097 -0.5800705 -1.142789 17.59887 -0.4491587 -0.9494421 13.56476 -13.65394 -0.9585589 13.83586 -12.62776 -0.9676748 14.10698 -11.60158 -0.9859073 14.64919 -9.549222 -1.004139 15.19142 -7.496866 -1.013256 15.46252 -6.470685 -1.022372 15.73363 -5.444507 -1.031487 16.00474 -4.418328 -1.040604 16.27584 -3.392147 -1.04972 16.54696 -2.365969 -1.058837 16.81806 -1.339787 -1.067953 17.08917 -0.3136091 -0.8625771 13.04096 -13.51469 -0.8716544 13.31183 -12.48845 -0.8807317 13.5827 -11.46221 -0.8988862 14.12445 -9.409729 -0.9170406 14.6662 -7.357245 -0.9261179 14.93707 -6.331004 -0.9351952 15.20795 -5.304763 -0.9442714 15.47883 -4.278524 -0.9533486 15.74971 -3.252283 -0.9624258 16.02058 -2.226041 -0.9715031 16.29146 -1.1998 -0.9805803 16.56233 -0.1735591 -0.762368 12.50048 -13.37107 -0.7714031 12.77111 -12.34477 -0.7804371 13.04176 -11.31846 -0.7985073 13.58303 -9.265856 -0.8165764 14.12431 -7.21325 -0.8256103 14.39496 -6.186948 -0.8346454 14.66559 -5.160641 -0.8436794 14.93624 -4.134339 -0.8527145 15.20687 -3.108035 -0.8617485 15.47752 -2.081733 -0.8707836 15.74815 -1.055428 -0.8798187 16.01879 -0.02912425 -0.6479638 11.94375 -13.22319 -0.6569519 12.21415 -12.19683 -0.6659401 12.48456 -11.17046 -0.6839163 13.02538 -9.117732 -0.7018925 13.56619 -7.065 -0.7108807 13.8366 -6.038635 -0.7198688 14.10701 -5.01227 -0.7288569 14.37742 -3.985906 -0.737845 14.64783 -2.959538 -0.7468332 14.91823 -1.933174 -0.7558213 15.18864 -0.9068089 -0.7648094 15.45905 0.1195554 -0.5185092 11.37124 -13.07118 -0.5274477 11.6414 -12.04475 -0.5363852 11.91159 -11.01833 -0.554261 12.45193 -8.965476 -0.5721359 12.9923 -6.912624 -0.5810743 13.26247 -5.886197 -0.5900117 13.53265 -4.859771 -0.5989492 13.80283 -3.833344 -0.6078877 14.073 -2.806916 -0.6168252 14.34318 -1.780491 -0.6257625 14.61336 -0.7540665 -0.634701 14.88353 0.2723646 -0.3323812 7.94479 -24.54817 -0.3091796 8.780846 -20.47132 -0.3731523 10.78338 -12.91517 -0.2860404 9.622138 -16.39915 -0.2630745 10.46382 -12.35181 -0.2172225 12.16197 -4.255835 -0.2463378 11.25955 -8.649086 -0.3909191 11.32328 -10.86219 -0.3820352 11.05334 -11.88868 -0.1943129 13.01832 -0.2040376 -0.2992858 12.87791 -2.489809 -0.2904613 12.60818 -3.516355 -0.2816359 12.33846 -4.542903 -0.4531026 13.21292 -3.676785 -0.4442186 12.94298 -4.703274 -0.1715037 13.8756 3.834046 -0.3257594 13.6871 0.5898275 -0.3169348 13.41737 -0.436719 -0.4886353 14.29273 0.429162 -0.4797524 14.02278 -0.5973234 -0.5500487 15.21263 3.479458 -0.6577724 15.63365 3.367739 -0.7568088 16.04309 3.25906 -0.847481 16.44142 3.153302 -1.005029 17.20658 2.95006 -1.133009 17.9328 2.757046 -1.234016 18.62374 2.573299 -1.310642 19.28305 2.397858 -1.365481 19.91441 2.229756 -1.401106 20.52216 2.067849 -1.419846 21.12207 1.90794 -1.424852 21.70678 1.752016 -1.419564 22.25935 1.604608 -1.414136 22.51829 1.535515 -1.407425 22.76284 1.470252 -1.399862 22.99091 1.409384 -1.391877 23.20035 1.35348 -1.383899 23.38907 1.303105 -1.37636 23.55493 1.258824 -1.369687 23.69587 1.221199 -1.36345 23.82103 1.187782 -1.350203 24.05049 1.126511 -1.335102 24.2545 1.072018 -1.317151 24.43595 1.023526 -1.295358 24.59774 0.980259 -0.8142952 25.55813 0.7215433 -0.7862318 25.28352 -0.3038025 -0.7813256 24.99989 -1.326622 -0.7764198 24.71626 -2.349439 -0.7715126 24.43265 -3.372259 -0.7666064 24.14902 -4.395076 -0.7617003 23.86539 -5.417893 -0.7567933 23.58178 -6.440713 -0.7518871 23.29815 -7.463531 -0.7469811 23.01452 -8.48635 -0.742075 22.73089 -9.509167 -0.7322618 22.16364 -11.5548 -0.7224497 21.59638 -13.60044 -0.7175424 21.31277 -14.62326 -0.5523639 25.76835 0.6640797 -0.5388571 25.48506 -0.3588734 -0.5356191 25.2 -1.381301 -0.5323802 24.91496 -2.403733 -0.5291424 24.6299 -3.426159 -0.5259034 24.34485 -4.448589 -0.5226655 24.05979 -5.471016 -0.5194266 23.77475 -6.493448 -0.5161887 23.48969 -7.515875 -0.5129497 23.20465 -8.538306 -0.5097118 22.91959 -9.560732 -0.503235 22.34948 -11.60559 -0.4967582 21.77938 -13.65045 -0.4935192 21.49434 -14.67288 -0.2650852 25.94492 0.6154537 -0.284055 24.91395 -3.015197 -0.3031064 23.87814 -6.66185 -0.3411861 21.80643 -13.95184 -0.3601383 20.77456 -17.58083 -0.3081104 13.14764 -1.463264 -0.4708684 13.75284 -1.623812 -0.2728114 12.06873 -5.569449 -0.4353358 12.67303 -5.729759 -1.147727 15.30333 -13.01815 -1.15694 15.57513 -11.99215 -1.175363 16.11875 -9.940168 -1.193788 16.66236 -7.888179 -1.203 16.93416 -6.862185 -1.212213 17.20596 -5.83619 -1.221424 17.47778 -4.810198 -1.230636 17.74958 -3.784206 -1.239849 18.02138 -2.758211 -1.249061 18.29319 -1.732216 -1.258273 18.56499 -0.7062225 -1.18978 15.75609 -13.13869 -1.199017 16.02814 -12.11275 -1.217493 16.57219 -10.06088 -1.235968 17.11626 -8.009019 -1.245205 17.3883 -6.983086 -1.254443 17.66033 -5.957152 -1.263681 17.93235 -4.931218 -1.272918 18.2044 -3.905287 -1.282156 18.47642 -2.879352 -1.291394 18.74845 -1.853418 -1.300631 19.02049 -0.8274851 -1.222753 16.18993 -13.25422 -1.232014 16.46218 -12.22835 -1.250533 17.0067 -10.1766 -1.269054 17.5512 -8.124848 -1.278314 17.82345 -7.098972 -1.287574 18.09572 -6.073101 -1.296834 18.36797 -5.047226 -1.306094 18.64022 -4.02135 -1.315355 18.91247 -2.995477 -1.324614 19.18473 -1.969604 -1.333874 19.45698 -0.9437285 -1.247502 16.60436 -13.36462 -1.256781 16.87683 -12.33881 -1.27534 17.42178 -10.28717 -1.2939 17.96671 -8.235541 -1.303179 18.23919 -7.209725 -1.312458 18.51166 -6.183908 -1.321738 18.78414 -5.158093 -1.331017 19.05661 -4.132278 -1.340297 19.32909 -3.106462 -1.349577 19.60155 -2.080643 -1.358857 19.87402 -1.054827 -1.271041 18.65839 -13.91234 -1.280384 18.93199 -12.88683 -1.299069 19.47923 -10.83581 -1.317753 20.02647 -8.784788 -1.327095 20.3001 -7.759276 -1.336437 20.57372 -6.733767 -1.345779 20.84734 -5.708257 -1.355122 21.12096 -4.682745 -1.364464 21.39458 -3.657236 -1.373806 21.6682 -2.631724 -1.383148 21.94182 -1.606215 -1.262105 18.92441 -13.98334 -1.271451 19.19818 -12.95787 -1.29014 19.74574 -10.90694 -1.30883 20.29329 -8.855998 -1.318174 20.56707 -7.830531 -1.32752 20.84084 -6.805061 -1.336864 21.11463 -5.779593 -1.346209 21.3884 -4.754124 -1.355554 21.66218 -3.728656 -1.364899 21.93595 -2.703186 -1.374243 22.20974 -1.677719 -1.251773 19.16743 -14.04822 -1.261118 19.44135 -13.02278 -1.279809 19.9892 -10.97193 -1.2985 20.53703 -8.921064 -1.307846 20.81095 -7.895633 -1.31719 21.08489 -6.870205 -1.326536 21.3588 -5.844775 -1.335882 21.63272 -4.819343 -1.345228 21.90664 -3.793912 -1.354573 22.18056 -2.768482 -1.363918 22.45449 -1.743054 -1.240894 19.38701 -14.10684 -1.250239 19.66106 -13.08144 -1.268928 20.20916 -11.03065 -1.287616 20.75726 -8.979861 -1.296961 21.03131 -7.954465 -1.306305 21.30536 -6.929069 -1.31565 21.57942 -5.903675 -1.324994 21.85347 -4.878279 -1.334339 22.12752 -3.852882 -1.343683 22.40157 -2.827486 -1.353027 22.67562 -1.802092 -1.230326 19.58266 -14.15908 -1.239667 19.85683 -13.13371 -1.25835 20.40517 -11.08299 -1.277033 20.95351 -9.032258 -1.286375 21.22768 -8.006896 -1.295717 21.50183 -6.981528 -1.305059 21.776 -5.956163 -1.3144 22.05017 -4.9308 -1.323742 22.32434 -3.905436 -1.333083 22.59851 -2.880071 -1.342425 22.87268 -1.854709 -1.220919 19.75396 -14.20482 -1.230256 20.02824 -13.17948 -1.248931 20.57677 -11.12881 -1.267605 21.12532 -9.078134 -1.276942 21.39959 -8.052797 -1.28628 21.67385 -7.027457 -1.295617 21.94812 -6.00212 -1.304955 22.22239 -4.976784 -1.314292 22.49667 -3.951447 -1.32363 22.77093 -2.926108 -1.332967 23.0452 -1.900771 -1.212261 19.9043 -14.24496 -1.221596 20.17869 -13.21966 -1.240262 20.72749 -11.16905 -1.25893 21.27628 -9.118442 -1.268265 21.55067 -8.09314 -1.277597 21.82507 -7.067838 -1.286932 22.09947 -6.042534 -1.296266 22.37386 -5.01723 -1.305598 22.64826 -3.991928 -1.314933 22.92265 -2.966623 -1.324267 23.19705 -1.941319 -1.202993 20.04189 -14.28171 -1.212322 20.31647 -13.25645 -1.23098 20.86565 -11.20595 -1.249638 21.41482 -9.155446 -1.258966 21.68942 -8.130196 -1.268296 21.96401 -7.104942 -1.277625 22.23859 -6.079689 -1.286953 22.51319 -5.054439 -1.296283 22.78777 -4.029186 -1.305612 23.06236 -3.003933 -1.31494 23.33696 -1.978683 -1.1816 20.28275 -14.34606 -1.190892 20.55791 -13.32096 -1.209476 21.10824 -11.27077 -1.22806 21.65858 -9.220573 -1.237353 21.93374 -8.195474 -1.246645 22.2089 -7.170375 -1.255937 22.48407 -6.145279 -1.265229 22.75923 -5.12018 -1.274522 23.03439 -4.095081 -1.283813 23.30957 -3.069985 -1.293106 23.58473 -2.044885 -1.154694 20.48442 -14.39999 -1.163875 20.76038 -13.37511 -1.182234 21.31235 -11.32535 -1.200593 21.86432 -9.275594 -1.209772 22.1403 -8.250716 -1.218952 22.41628 -7.225834 -1.228132 22.69225 -6.200953 -1.237312 22.96824 -5.176073 -1.246491 23.24422 -4.151194 -1.255671 23.5202 -3.126313 -1.264851 23.79619 -2.101434 -1.120233 20.65474 -14.4456 -1.129177 20.93176 -13.42101 -1.147066 21.48578 -11.3718 -1.164954 22.03982 -9.322596 -1.173898 22.31684 -8.297993 -1.182842 22.59387 -7.273392 -1.191787 22.87088 -6.248789 -1.200731 23.1479 -5.224188 -1.209676 23.42491 -4.199583 -1.21862 23.70193 -3.174982 -1.227564 23.97895 -2.150379 -1.236508 24.25597 -1.125778 -1.076171 20.80158 -14.48501 -1.08471 21.07983 -13.46074 -1.101787 21.63636 -11.4122 -1.118863 22.19288 -9.363661 -1.127402 22.47113 -8.339393 -1.135941 22.74938 -7.315122 -1.144479 23.02765 -6.290854 -1.153018 23.30591 -5.266586 -1.161556 23.58418 -4.242318 -1.170094 23.86243 -3.218048 -1.178633 24.14068 -2.193779 -1.187171 24.41895 -1.169511 -1.274173 17.27162 -12.44401 -1.303664 18.1919 -10.49243 -0.4619855 13.48288 -2.6503 -1.339246 19.18042 -5.263695 -1.329951 18.90772 -6.289453 -1.320655 18.63504 -7.315212 -1.311359 18.36236 -8.340973 -1.292766 17.81699 -10.39249 -1.350216 19.55634 -5.363903 -1.340906 19.28345 -6.389605 -1.331596 19.01056 -7.415311 -1.322285 18.73767 -8.441017 -1.348543 19.45311 -4.237936 -1.357839 19.72579 -3.212174 -1.367135 19.99847 -2.186415 -1.376432 20.27116 -1.160656 -1.359527 19.82922 -4.338194 -1.368837 20.10211 -3.312489 -1.378147 20.375 -2.286784 -1.387457 20.6479 -1.261081 -0.2639869 11.79901 -6.595995 -0.4264518 12.40309 -6.756247 -0.4086859 11.86318 -8.80922 -0.1833669 9.25936 -20.84543 -0.283236 8.842332 -20.73367 -0.1324011 10.89274 -12.94562 -0.2414354 10.46181 -12.8301 -0.1620954 11.54185 -8.724831 -0.122425 12.08188 -6.672195 -0.05289655 11.9735 -8.840538 -0.01314431 12.51388 -6.787998 0.04742664 12.39266 -8.95287 0.08725714 12.9334 -6.900428 0.1392108 12.79973 -9.061932 0.1791158 13.34086 -7.009593 0.2227942 13.19514 -9.16784 0.2627696 13.73664 -7.115601 0.2985137 13.57927 -9.270697 0.3385561 14.12117 -7.218564 0.3667064 13.95253 -9.370615 0.4068117 14.49483 -7.318589 0.481861 14.66807 -9.562076 0.5220809 15.21118 -7.510265 0.5709597 15.34503 -9.743108 0.6112761 15.88892 -7.691505 0.6367002 15.98663 -9.914584 0.6770984 16.5313 -7.863192 0.6817818 16.59613 -10.07739 0.7222446 17.14154 -8.02619 0.7089028 17.17675 -10.23239 0.7494134 17.72285 -8.181383 0.7207632 17.73174 -10.38048 0.7613058 18.27849 -8.329645 0.7200618 18.26436 -10.52253 0.7606183 18.81167 -8.471848 0.7094981 18.77784 -10.65943 0.7500507 19.32562 -8.608871 0.7008879 19.03704 -10.72852 0.7414366 19.58497 -8.678 0.6887925 19.33896 -10.80898 0.7293383 19.88701 -8.758496 0.6736254 19.66857 -10.89682 0.714168 20.21676 -8.846362 0.655801 20.01084 -10.98801 0.6963344 20.5592 -8.937601 0.6357342 20.35074 -11.07856 0.6762508 20.89935 -9.028219 0.6138389 20.67324 -11.16446 0.6543278 21.22223 -9.11422 0.5953571 20.90141 -11.22522 0.635822 21.45094 -9.175123 0.5750061 21.09826 -11.27761 0.6154107 21.64863 -9.227742 0.5513487 21.2687 -11.32294 0.591597 21.82027 -9.273394 0.5229483 21.41769 -11.36253 0.5628821 21.9708 -9.313388 0.4883691 21.55018 -11.39769 0.5277696 22.10519 -9.349044 0.4461729 21.67111 -11.42971 0.4847609 22.22837 -9.381673 0.3531128 21.86967 -11.48218 0.3893845 22.43124 -9.435274 0.2890237 21.96876 -11.50826 0.3237395 22.53246 -9.461917 0.2062549 22.06938 -11.53466 0.2392265 22.63515 -9.488859 0.0995773 22.17279 -11.56167 0.1306678 22.74048 -9.516374 -0.03623831 22.28025 -11.58961 -0.007108986 22.84968 -9.544763 -0.2064224 22.393 -11.61878 -0.1792797 22.96391 -9.574315 -0.152137 23.53483 -7.529853 -0.1249942 24.10574 -5.48539 0.05114877 23.98852 -5.455063 0.06571352 24.27324 -4.43264 0.2083933 24.1597 -4.40312 0.2239385 24.44355 -3.380468 0.3381392 24.33244 -3.351442 0.3546255 24.61533 -2.328542 0.4452484 24.50544 -2.299715 0.4626068 24.7873 -1.276545 0.5344694 24.67751 -1.247644 0.5526049 24.95829 -0.2241897 0.6584064 24.73606 -0.1654787 0.6643745 25.04707 0.8499756 0.7050736 24.6027 -0.1301593 0.7410591 24.82107 0.9098463 0.7425852 24.45979 -0.0922451 0.7942873 24.56353 0.9782534 0.7727145 24.30235 -0.05041408 0.8145748 24.41909 1.016668 0.7972337 24.12537 -0.003338813 0.8324566 24.25748 1.059677 0.8179163 23.92385 0.05029964 0.8493946 24.07155 1.109178 0.8365326 23.69275 0.1118383 0.8653576 23.86628 1.16384 0.8585794 23.36813 0.1983022 0.8940932 23.41872 1.283062 0.8787375 23.02681 0.2892294 0.9181316 22.95673 1.406154 0.8966096 22.68361 0.3806734 0.9117975 22.35329 0.4686937 0.8763384 22.40951 -0.6445503 0.8915241 22.07926 -0.5565491 0.8560671 22.13542 -1.669778 0.8712517 21.80524 -1.581795 0.8357958 21.86133 -2.695004 0.8509783 21.5312 -2.607036 0.8155245 21.58723 -3.720232 0.8307047 21.25717 -3.632279 0.7952533 21.31314 -4.745456 0.8104313 20.98314 -4.657522 0.7547106 20.76495 -6.79591 0.7698853 20.43508 -6.708009 -0.09201401 9.664251 -20.95391 -0.008840501 10.05741 -21.05921 0.06649285 10.43929 -21.16147 0.1428422 12.11211 -13.27231 0.2184285 12.49546 -13.37496 0.134322 10.81026 -21.26077 0.2864956 12.86793 -13.47467 0.2488184 11.52119 -21.451 0.3373506 12.19354 -21.6308 0.4026198 12.83066 -21.80107 0.4473257 13.43585 -21.96273 0.4741684 14.01243 -22.11665 0.4858475 14.56373 -22.26376 0.4850666 15.09311 -22.40495 0.4745227 15.60384 -22.54111 0.6389495 17.16975 -14.62391 0.6283925 17.68229 -14.76056 0.465934 15.86208 -22.60994 0.6197909 17.94116 -14.82956 0.4538517 16.16329 -22.69022 0.6076995 18.24283 -14.90995 0.4387077 16.49218 -22.77786 0.4209329 16.83345 -22.86879 0.4009622 17.17187 -22.95894 0.379226 17.49211 -23.04424 0.3408847 17.90913 -23.15526 0.3608872 17.71723 -23.10418 0.5328586 19.57522 -15.26493 0.5546989 19.25351 -15.17924 0.3181346 18.07267 -23.19876 0.2915564 18.21277 -23.23598 0.2600668 18.33431 -23.26823 0.2225825 18.44216 -23.29679 0.4095668 20.44017 -15.49497 0.3689979 20.5566 -15.5258 0.1429439 18.61575 -23.34267 0.2805703 20.74654 -15.57599 0.08786326 18.70244 -23.3655 0.21959 20.84134 -15.60095 0.01520836 18.79113 -23.38877 -0.08057087 18.88339 -23.41287 -0.2050222 18.98081 -23.43819 -0.3636965 19.08493 -23.46511 -0.2607069 21.25119 -15.70771 -0.1114223 24.3912 -4.463159 -0.09785151 24.67665 -3.440927 -0.08427965 24.96212 -2.418698 0.09484291 24.84267 -2.38779 0.1094066 25.12737 -1.365364 0.2550292 25.01125 -1.335168 0.2705743 25.29509 -0.3125181 0.3875961 25.18109 -0.2827358 0.3792749 25.47717 0.7367792 0.4719578 25.37053 0.7647286 -0.05156755 25.82169 0.6471844 0.1238169 25.70184 0.6782169 -0.05713796 25.53302 -0.3742313 -0.07070881 25.24757 -1.396464 0.1239712 25.41208 -0.3429403 0.2658382 25.58659 0.7082005 0.4799653 25.06916 -0.2533722 0.5491557 25.26339 0.7928934 0.936945 22.52229 1.521926 0.9239063 22.0507 0.5493364 0.9036316 21.77673 -0.4759235 0.8833579 21.50277 -1.501183 0.8630831 21.22879 -2.526443 0.8428084 20.95482 -3.551702 0.8225347 20.68086 -4.576962 0.781986 20.13292 -6.627481 0.944226 22.32851 1.573571 0.9500016 22.15735 1.619189 0.9325379 21.79062 0.6186581 0.9636146 21.52954 1.786566 0.9431198 21.27452 0.7562523 0.9437454 20.73883 0.8991289 0.922842 21.00087 -0.2690916 0.9234732 20.46544 -0.1262884 0.9025643 20.72723 -1.294437 0.9032024 20.19208 -1.151707 0.8822866 20.45358 -2.319782 0.8829316 19.91871 -2.177128 0.8620087 20.17993 -3.345127 0.8626609 19.64534 -3.202548 0.8417299 19.90627 -4.370469 0.8423901 19.37198 -4.227967 0.8011742 19.35897 -6.421158 0.8018473 18.82523 -6.278805 0.9622777 20.87269 1.961767 0.9411244 20.18077 2.146426 0.9317135 20.18033 1.048155 0.9114575 19.90727 0.02265071 0.8952788 19.44808 2.342092 0.9043274 19.59587 1.204185 0.8840963 19.32317 0.1785869 0.8912019 19.63421 -1.002852 0.8615712 19.06465 2.444539 0.8588895 18.98229 1.368078 0.8386902 18.70996 0.3423824 0.863864 19.05045 -0.8470078 0.8709471 19.36117 -2.028359 0.8198603 18.66887 2.550321 0.792702 18.33643 1.540694 0.7725431 18.06448 0.5148954 0.8184912 18.43762 -0.6833134 0.8436325 18.77775 -1.872606 0.8506913 19.08812 -3.053862 0.7695385 18.26006 2.659626 0.709994 17.83747 2.772654 0.703066 17.6551 1.722893 0.6829569 17.38356 0.6969843 0.7523855 17.79254 -0.5109062 0.7982922 18.16529 -1.70901 0.8234012 18.50505 -2.898202 0.8304355 18.81506 -4.079366 0.6406192 17.40041 2.889593 0.5608021 16.94815 3.010645 0.5872851 16.93517 1.915527 0.567233 16.66403 0.889513 0.6628471 17.11201 -0.3289223 0.7322266 17.52059 -1.536707 0.778093 17.89296 -2.734706 0.8031701 18.23235 -3.9238 0.789925 18.26896 -6.130375 0.5187473 16.55974 2.016027 0.4699348 16.48 3.135995 0.4426608 16.17345 2.119461 0.3586896 15.77593 2.225932 0.4226726 15.90269 1.093345 0.3387364 15.50536 1.199765 0.4026854 15.63194 0.0672245 0.3187844 15.23481 0.1735944 0.3826971 15.36118 -0.9588938 0.2988314 14.96424 -0.8525744 0.3627089 15.09042 -1.98501 0.2788794 14.69368 -1.878745 0.3427217 14.81967 -3.011129 0.2589262 14.42311 -2.904913 0.3027452 14.27815 -5.063365 0.219021 13.88198 -4.957254 0.3674069 15.99521 3.265841 0.2664956 15.36678 2.335551 0.2465798 15.0964 1.309332 0.2266651 14.82603 0.2831116 0.2067493 14.55565 -0.7431078 0.1868336 14.28527 -1.769327 0.1669189 14.01491 -2.795549 0.1270875 13.47415 -4.847989 0.2526085 15.49309 3.400374 0.1657416 14.9456 2.448425 0.1458656 14.67541 1.422154 0.1259896 14.40522 0.3958855 0.1061134 14.13503 -0.6303835 0.08623731 13.86484 -1.656654 0.06636112 13.59465 -2.682923 0.02660793 13.05426 -4.73546 0.1249307 14.97293 3.53979 0.0560913 14.512 2.564657 0.03625601 14.24199 1.538341 0.01642078 13.97197 0.5120239 -0.003414511 13.70196 -0.5142918 -0.02324974 13.43194 -1.54061 -0.04308497 13.16193 -2.566926 -0.08275449 12.62191 -4.619562 -0.01623708 14.434 3.684286 -0.06279408 14.06557 2.68436 -0.08258616 13.79573 1.657998 -0.1023781 13.52589 0.6316328 -0.1221702 13.25605 -0.3947296 -0.1419622 12.98621 -1.421092 -0.1617553 12.71636 -2.447454 -0.2013394 12.17668 -4.500181 -0.09449625 21.1414 -15.67931 0.03739726 21.03742 -15.65228 0.1403127 20.93785 -15.62627 0.4430803 20.31147 -15.46082 0.4708518 20.16555 -15.42204 0.4941959 19.99749 -15.37735 0.5144271 19.80236 -15.32541 0.5747331 18.91413 -15.08882 0.5925403 18.5722 -14.99772 0.6396787 16.63826 -14.48216 0.6278808 16.08454 -14.33441 0.6008556 15.50531 -14.17977 0.5559039 14.8973 -14.01737 0.4903268 14.25726 -13.84631 0.4014236 13.58189 -13.6657 0.05940043 11.71748 -13.16661 -0.03223514 11.31115 -13.05775 0.1928479 23.87586 -5.42577 0.02201938 23.41909 -7.499912 0.1617584 23.30818 -7.471073 0.3051687 23.76668 -5.397249 0.272197 23.20091 -7.443052 0.321654 24.04956 -4.374345 0.4105316 23.94174 -4.34606 0.3931732 23.65988 -5.369231 0.4800624 23.83516 -4.318005 0.461927 23.55438 -5.341458 0.5812304 23.62153 -4.261564 0.5619369 23.3429 -5.285588 0.6262713 23.49268 -4.227439 0.6065709 23.21518 -5.25176 0.6627174 23.35358 -4.190532 0.64275 23.07702 -5.215102 0.6922176 23.1992 -4.149515 0.672094 22.92342 -5.174293 0.7164237 23.0246 -4.103074 0.6962218 22.74942 -5.12801 0.7369853 22.82478 -4.049887 0.7167528 22.55001 -5.074935 0.7555523 22.59474 -3.988631 0.7353079 22.32024 -5.013751 0.7775442 22.27089 -3.902372 0.7572858 21.99659 -4.927544 0.7976695 21.9301 -3.811584 0.7774024 21.65592 -4.836786 0.3584563 23.09617 -7.415575 0.4256552 22.9928 -7.388364 0.5233489 22.78564 -7.333631 0.5671703 22.66018 -7.300402 0.6028161 22.52391 -7.264244 0.6318455 22.37185 -7.223842 0.6558163 22.19903 -7.177875 0.6762879 22.00049 -7.12503 0.6948178 21.77124 -7.063985 0.7167683 21.44797 -6.977881 0.7368689 21.10756 -6.887196 0.8311561 20.42117 -4.507747 0.7906039 19.8734 -6.55831 0.8514322 20.69506 -3.482466 0.8717084 20.96895 -2.457183 0.8919845 21.24283 -1.431903 0.9122607 21.51672 -0.4066191 0.7578939 17.62062 -3.760402 0.7627074 17.68694 -5.974996 0.7174966 17.07597 -5.811799 0.6919102 16.9767 -3.588307 0.6515938 16.43282 -5.639908 0.712068 17.24864 -2.562506 0.6226283 16.56892 -2.380735 0.6025185 16.29736 -3.406639 0.5070746 15.85057 -2.188524 0.4870225 15.57943 -3.214538 0.4386623 15.47593 -2.088235 0.4186412 15.20498 -3.114301 0.5622996 15.75427 -5.458452 0.4469169 15.03713 -5.266563 0.3785985 14.66307 -5.166433 0.2394838 24.7274 -2.357819 0.08027821 24.55795 -3.410216 0.3711108 24.89821 -1.305638 0.5163341 24.39673 -2.271098 0.42789 24.22359 -3.322887 0.4981977 24.11594 -3.294551 0.6198184 24.17879 -2.213522 0.6005248 23.90017 -3.237545 0.6391129 24.45743 -1.189503 0.6853733 24.3252 -1.154479 0.665673 24.0477 -2.1788 0.7226188 24.18325 -1.116817 0.7026515 23.90669 -2.141388 0.7525908 24.02657 -1.075191 0.732466 23.75078 -2.099964 0.7770321 23.85019 -1.028275 0.7568293 23.57499 -2.053208 0.7976838 23.64908 -0.9747477 0.7774503 23.3743 -1.999792 0.8162881 23.41826 -0.9132815 0.7960425 23.14375 -1.938396 0.838321 23.09383 -0.8268671 0.8180617 22.81951 -1.852035 0.8584701 22.75263 -0.7359734 0.838203 22.47845 -1.761174 0.6459726 23.7702 -3.20312 0.6826838 23.63012 -3.165957 0.7123424 23.475 -3.124741 0.7366264 23.2998 -3.078141 0.7572178 23.09954 -3.02484 0.775798 22.86925 -2.963516 0.7978034 22.54521 -2.877204 0.8179367 22.20428 -2.786381 0.5471798 16.39287 -0.1364984 0.6427373 16.84046 -1.354826 0.5271278 16.12173 -1.162513 0.4787049 16.01783 -0.0361042 0.4586836 15.74688 -1.062169 0.498726 16.28878 0.9899607 -0.2401147 27.19524 5.30328 -0.5194397 27.02455 5.350294 -0.7804937 26.81691 5.407065 -0.897656 26.6973 5.43959 -0.9987229 26.57104 5.473807 -1.079819 26.44362 5.508222 -1.14371 26.31468 5.542955 -1.231927 26.04661 5.614923 -1.262764 25.89729 5.654915 -1.287135 25.73299 5.698865 -1.306483 25.55087 5.747539 -1.322319 25.34982 5.801249 -1.34864 24.93898 5.910967 -1.382071 24.11514 6.13088 -1.390151 23.2892 6.351213 -1.373198 22.46212 6.571718 -1.33153 21.63487 6.792139 -1.265463 20.80842 7.012217 -1.175315 19.98371 7.231701 -1.061406 19.1617 7.450336 -0.9240513 18.34337 7.66787 -0.7635694 17.52965 7.884043 -0.5802765 16.72154 8.098607 -0.3744916 15.91998 8.311299 -0.1465322 15.12593 8.521872 0.009551763 15.6874 8.371287 0.1514789 16.22971 8.225888 0.2798463 16.75359 8.085474 0.395256 17.25987 7.949827 0.4983042 17.74927 7.818747 0.5895932 18.22262 7.692009 0.6697199 18.68066 7.569414 0.7392857 19.1242 7.450747 0.7988877 19.55398 7.3358 0.8491261 19.97079 7.224361 0.8906009 20.37542 7.116215 0.9239115 20.76865 7.01116 0.9684332 21.52396 6.809469 0.9874861 22.24295 6.617599 0.9858666 22.93185 6.433868 0.9683669 23.59686 6.256592 0.9189426 24.89043 5.911837 0.9033059 25.21376 5.825683 0.8735765 25.53462 5.740264 0.821775 25.85102 5.65615 0.7399237 26.16102 5.573904 0.682833 26.31245 5.533819 0.6070373 26.46067 5.494689 0.5082673 26.60635 5.456359 0.3835784 26.74894 5.418993 0.2417382 26.87922 5.385001 0.0881412 26.99622 5.354615</float_array>
          <technique_common>
            <accessor source="#Daggerboard_001-mesh-positions-array" count="1059" stride="3">
              <param name="X" type="float"/>
              <param name="Y" type="float"/>
              <param name="Z" type="float"/>
            </accessor>
          </technique_common>
        </source>
        <source id="Daggerboard_001-mesh-normals">
          <float_array id="Daggerboard_001-mesh-normals-array" count="6342">-0.008645057 0.001131832 -0.9999619 -0.008694231 0.001134872 -0.9999616 -0.008665621 0.001132488 -0.9999618 -0.008670151 0.001132249 -0.9999618 -0.008606374 0.001136183 -0.9999623 -0.008659362 0.001132369 -0.9999619 -0.008669853 0.001131415 -0.9999618 -0.00864315 0.001134395 -0.9999621 -0.008648335 0.001133739 -0.9999619 -0.008637726 0.001135349 -0.999962 -0.008686006 0.001129388 -0.9999617 -0.008674263 0.001131117 -0.9999617 -0.008752703 0.001117706 -0.9999611 -0.008613884 0.00114268 -0.9999623 -0.008674561 0.001131057 -0.9999617 -0.008620858 0.001138985 -0.9999622 -0.008688032 0.001127541 -0.9999616 -0.008649945 0.001135349 -0.9999619 -0.008765816 0.00111711 -0.9999609 -0.008440136 0.001173675 -0.9999638 -0.008716821 0.001120448 -0.9999614 -0.008393824 0.001168787 -0.9999641 -0.008661806 0.001119077 -0.9999618 -0.008666217 0.001124799 -0.9999618 -0.008662223 0.001132547 -0.9999619 -0.008662521 0.001138746 -0.9999618 -0.00866121 0.001141548 -0.9999618 -0.008657515 0.001124739 -0.9999619 -0.008653998 0.001132667 -0.9999619 -0.008653342 0.001131296 -0.9999619 -0.008656322 0.001124024 -0.9999619 -0.008676588 0.001141846 -0.9999617 -0.008680403 0.001132011 -0.9999617 -0.00866127 0.001132488 -0.9999619 -0.008658945 0.001132369 -0.9999619 -0.008716881 0.001137018 -0.9999614 -0.008639156 0.001129686 -0.999962 -0.00867176 0.001133263 -0.9999617 -0.008661568 0.001131772 -0.9999619 -0.008655607 0.001131176 -0.9999619 -0.008699536 0.001137375 -0.9999615 -0.008623838 0.001124799 -0.9999622 -0.008665919 0.001132428 -0.9999618 -0.008642375 0.001129209 -0.999962 -0.008650541 0.001130461 -0.999962 -0.008685111 0.001136124 -0.9999616 -0.008709728 0.001140594 -0.9999614 -0.008633315 0.001130163 -0.9999622 -0.00877279 0.001151084 -0.9999609 -0.008678317 0.001135528 -0.9999617 -0.008422672 0.001089274 -0.9999639 -0.008539855 0.00111252 -0.9999629 -0.009002923 0.001182079 -0.9999588 -0.008285641 0.001089692 -0.9999651 -0.5775448 0.7859511 -0.2207329 -0.6032266 0.7678046 -0.2158561 -0.643105 0.737318 -0.2068284 -0.6901009 0.6966007 -0.1962351 -0.7152993 0.6726575 -0.1894168 -0.7654412 0.6192524 -0.1750035 -0.7654386 0.6191365 -0.175424 -0.765519 0.6190485 -0.1753845 -0.7655189 0.6190446 -0.1753991 -0.7655948 0.6189612 -0.1753616 -0.7655947 0.6189562 -0.1753796 -0.7657984 0.6187275 -0.1752972 -0.7657982 0.6187237 -0.1753114 -0.7659016 0.6186075 -0.1752693 -0.7659017 0.6186046 -0.1752799 -0.7659749 0.6185243 -0.175243 -0.7659748 0.6185208 -0.1752557 -0.7660405 0.6184489 -0.1752225 -0.7660405 0.618445 -0.1752363 -0.7661132 0.6183654 -0.1751994 -0.7661131 0.6183592 -0.175222 -0.7662231 0.6182386 -0.1751659 -0.766223 0.6182351 -0.1751791 -0.7662879 0.618164 -0.1751459 -0.7662878 0.6181604 -0.1751591 -0.766359 0.6180825 -0.1751226 -0.766359 0.6180788 -0.1751359 -0.7664179 0.6180143 -0.1751055 -0.7664178 0.6180108 -0.1751184 -0.7664792 0.6179437 -0.1750866 -0.766479 0.6179382 -0.1751064 -0.7665757 0.6178326 -0.1750562 -0.7664981 0.6154743 -0.1834996 -0.7895014 0.5891359 -0.1720656 -0.8190585 0.5501157 -0.1628372 -0.844188 0.515093 -0.1484112 -0.8745585 0.4653338 -0.136425 -0.8902661 0.4377827 -0.1255885 -0.9247209 0.3650126 -0.1079678 -0.940986 0.3259668 -0.0910542 -0.9597238 0.2686659 -0.08215081 -0.9725551 0.2229472 -0.06656563 -0.980633 0.1866175 -0.05943691 -0.9819056 0.1804651 -0.05738914 -0.9917311 0.121412 -0.04157596 -0.9917281 0.1214328 -0.04158657 -0.9963613 0.07962304 -0.0304051 -0.9963662 0.07957214 -0.03037726 -0.9978973 0.05976283 -0.02508586 -0.9979009 0.05971312 -0.025065 -0.9984339 0.05110287 -0.02276557 -0.9984352 0.05108106 -0.02275615 -0.9985617 0.04882252 -0.02215313 -0.9985622 0.04881674 -0.02215051 -0.9986138 0.04786413 -0.02189624 -0.9986148 0.04784768 -0.02188831 -0.9988321 0.04362607 -0.02076196 -0.9988333 0.04360544 -0.02075141 -0.9991327 0.03705054 -0.01900315 -0.9991338 0.03702706 -0.01899045 -0.9994469 0.02871245 -0.01677358 -0.999448 0.02868598 -0.01675856 -0.9997192 0.0189917 -0.01417446 -0.9997198 0.01896786 -0.01416027 -0.9999033 0.008144378 -0.01127606 -0.9999036 0.008118748 -0.01126009 -0.9999604 -0.003652989 -0.008123934 -0.9999603 -0.003674924 -0.008109688 -0.9998564 -0.01626467 -0.004756689 -0.9998562 -0.01628249 -0.004744589 -0.9995614 -0.02959215 -0.001201093 -0.9995608 -0.02961254 -0.001186728 -0.9990477 -0.04355889 0.002525269 -0.9990469 -0.04357516 0.00253719 -0.9982897 -0.05810922 0.006404519 -0.998289 -0.05812007 0.006412744 -0.9972637 -0.07318764 0.01042068 -0.9972629 -0.07319784 0.01042866 -0.9959477 -0.08874785 0.01456362 -0.9959464 -0.08876085 0.01457417 -0.9943186 -0.1047662 0.0188291 -0.9943183 -0.1047685 0.01883101 -0.9923583 -0.12119 0.02319502 -0.9923582 -0.121191 0.02319598 -0.9900445 -0.1380093 0.02766388 -0.9900444 -0.1380091 0.02766376 -0.9873608 -0.1551783 0.03222334 -0.9873602 -0.1551817 0.03222644 -0.984289 -0.1726722 0.03687024 -0.9842898 -0.172669 0.03686714 -0.9808111 -0.1904724 0.04159247 -0.9808108 -0.1904731 0.04159319 -0.9769142 -0.2085356 0.04638606 -0.9769142 -0.208535 0.04638552 -0.9725814 -0.2268471 0.05124348 -0.9725818 -0.2268453 0.05124169 -0.9678011 -0.2453725 0.0561555 -0.9678021 -0.2453694 0.05615222 -0.9658434 -0.25254 0.05805313 -0.9645249 -0.2574283 0.05849999 -0.790816 0.5887842 -0.167162 -0.8183414 0.5528177 -0.157194 -0.8183398 0.5527431 -0.1574642 -0.8183769 0.5526941 -0.1574434 -0.8183769 0.552692 -0.157451 -0.8184519 0.5525929 -0.1574088 -0.8184518 0.5525893 -0.1574221 -0.8185535 0.5524522 -0.1573743 -0.8185535 0.5524483 -0.1573878 -0.8186905 0.5522636 -0.1573233 -0.8186905 0.5522609 -0.1573337 -0.8187577 0.5521722 -0.1572952 -0.8187576 0.5521684 -0.1573085 -0.818787 0.5521296 -0.1572915 -0.818787 0.5521281 -0.1572971 -0.8188475 0.5520485 -0.1572622 -0.8188474 0.5520449 -0.1572751 -0.8189111 0.5519608 -0.1572382 -0.8189111 0.5519572 -0.1572515 -0.8189388 0.5519206 -0.1572354 -0.8189388 0.5519193 -0.15724 -0.8189989 0.5518401 -0.157205 -0.8189986 0.5518364 -0.1572188 -0.8190253 0.5518013 -0.1572031 -0.8190252 0.5517996 -0.157209 -0.8190853 0.5517206 -0.1571738 -0.8190852 0.5517171 -0.1571863 -0.8191093 0.5516855 -0.1571722 -0.8833292 0.4503934 -0.1299057 -0.8742368 0.4665092 -0.1344593 -0.8742383 0.4665756 -0.1342185 -0.8742925 0.4664845 -0.134182 -0.8742924 0.4664831 -0.1341875 -0.8742907 0.466486 -0.1341887 -0.8742907 0.4664854 -0.1341909 -0.874342 0.4663976 -0.1341614 -0.874342 0.4663961 -0.1341665 -0.8743883 0.4663172 -0.1341398 -0.8743883 0.4663164 -0.1341421 -0.874407 0.4662852 -0.1341293 -0.8744068 0.4662824 -0.1341394 -0.8744323 0.4662399 -0.1341218 -0.8744322 0.4662399 -0.1341218 -0.8744542 0.4662029 -0.1341065 -0.8744543 0.4662016 -0.134111 -0.8744491 0.4662103 -0.1341146 -0.874449 0.466209 -0.1341196 -0.874499 0.4661255 -0.1340848 -0.8744989 0.4661241 -0.1340895 -0.8745167 0.4660943 -0.134077 -0.8745166 0.4660915 -0.1340878 -0.8745358 0.4660592 -0.1340742 -0.8745359 0.4660597 -0.1340728 -0.8745589 0.4660208 -0.1340565 -0.8745589 0.4660177 -0.1340679 -0.8745785 0.4659849 -0.134054 -0.9252794 0.3640334 -0.1064786 -0.9462025 0.3101081 -0.09237891 -0.9604974 0.2664481 -0.08031278 -0.9756401 0.209444 -0.06526619 -0.9814205 0.1828904 -0.05800813 -0.9871767 0.1516309 -0.04990184 -0.9917593 0.1211587 -0.04164355 -0.9932816 0.1091041 -0.03857362 -0.9957707 0.08599132 -0.03234487 -0.9962934 0.08032959 -0.03076827 -0.996855 0.07372766 -0.02905863 -0.9978443 0.06047219 -0.0254929 -0.9976323 0.06355196 -0.02628737 -0.9984143 0.05137556 -0.02300995 -0.9981934 0.05509603 -0.02396655 -0.9985554 0.04888838 -0.02229291 -0.9986012 0.04804474 -0.02207702 -0.9986002 0.04806232 -0.02208179 -0.9988997 0.0421434 -0.02057695 -0.9988147 0.0438888 -0.02104759 -0.9991211 0.03718203 -0.01935595 -0.9991146 0.03733283 -0.01939654 -0.9992874 0.03300368 -0.018314 -0.9994309 0.02899569 -0.01723718 -0.9994996 0.02686136 -0.01670831 -0.9997078 0.01930117 -0.01455157 -0.9998961 0.00842905 -0.01169472 -0.9998991 0.008514404 -0.01137489 -0.9998995 0.008487045 -0.01135796 -0.9998994 0.008484899 -0.01136612 -0.9998998 0.008463084 -0.01135259 -0.9998996 0.008461058 -0.01136016 -0.9999004 0.008407831 -0.01133698 -0.9999003 0.008405566 -0.01134532 -0.999901 0.008354723 -0.01132321 -0.9999009 0.008352696 -0.0113309 -0.9999014 0.008328735 -0.01131606 -0.9999012 0.00832659 -0.01132392 -0.9999015 0.008304595 -0.01131027 -0.9999015 0.00830245 -0.01131832 -0.9999019 0.008276045 -0.01130187 -0.9999018 0.008273899 -0.01130992 -0.9999022 0.008249342 -0.01129466 -0.9999021 0.008247137 -0.01130288 -0.9999024 0.008225202 -0.01128923 -0.9999023 0.008223116 -0.01129704 -0.9999027 0.008197188 -0.01128089 -0.9999027 0.008195042 -0.01128894 -0.9999031 0.008173048 -0.01127523 -0.999903 0.008171141 -0.0112825 -0.9999034 0.008146703 -0.0112673 -0.9998769 0.0100159 -0.01207363 -0.9999632 -0.003237605 -0.007954239 -0.9999608 -0.003307342 -0.008215785 -0.9999608 -0.003329157 -0.008201718 -0.9999607 -0.003331542 -0.008210599 -0.9999608 -0.003356099 -0.008194684 -0.9999608 -0.003358125 -0.008202373 -0.9999607 -0.003403306 -0.008182168 -0.9999607 -0.003405451 -0.008190214 -0.9999607 -0.003453433 -0.008168697 -0.9999607 -0.003455519 -0.008176565 -0.9999606 -0.003477394 -0.008162379 -0.9999606 -0.003479719 -0.008170962 -0.9999606 -0.003504455 -0.008154928 -0.9999605 -0.0035066 -0.008162856 -0.9999607 -0.00352776 -0.008149087 -0.9999606 -0.003529787 -0.008156538 -0.9999606 -0.003551006 -0.008142769 -0.9999606 -0.00355333 -0.008151471 -0.9999605 -0.003577649 -0.008135676 -0.9999605 -0.003579676 -0.008143365 -0.9999605 -0.003601193 -0.008129417 -0.9999604 -0.003603458 -0.008138 -0.9999604 -0.003627717 -0.008122265 -0.9999604 -0.003629744 -0.008129894 -0.9999605 -0.003650903 -0.008116185 -0.9997807 -0.02074563 -0.002856135 -0.9995728 -0.02921307 -9.11331e-4 -0.9998653 -0.01582217 -0.004366636 -0.9998611 -0.01594859 -0.00484085 -0.998802 -0.04861295 0.005604386 -0.9983131 -0.05754142 0.007736146 -0.9990696 -0.04296147 0.003801882 -0.9990583 -0.04331827 0.002461314 -0.9995691 -0.02932739 -0.001262485 -0.9995691 -0.02932965 -0.001270949 -0.9998605 -0.01599019 -0.004822432 -0.9998605 -0.0159921 -0.004829406 -0.9972908 -0.07254761 0.01215749 -0.9975646 -0.0688343 0.0112608 -0.9959753 -0.08807861 0.01659095 -0.9947756 -0.1001985 0.01954126 -0.9943444 -0.1041491 0.02078914 -0.9923822 -0.1205512 0.02539485 -0.992365 -0.1211379 0.0231812 -0.9923647 -0.1211395 0.02318257 -0.9923647 -0.1211405 0.02317911 -0.9923639 -0.1211461 0.02318394 -0.9923639 -0.1211462 0.02318346 -0.9923629 -0.1211542 0.02318775 -0.9923627 -0.1211547 0.02318567 -0.9923625 -0.1211572 0.02318698 -0.9923624 -0.121158 0.023184 -0.9923616 -0.1211639 0.023189 -0.9923616 -0.121164 0.02318811 -0.9923609 -0.1211696 0.02319294 -0.9923607 -0.1211704 0.0231899 -0.9923606 -0.121172 0.02319121 -0.9923607 -0.1211722 0.02319031 -0.9923604 -0.1211738 0.02319169 -0.9923603 -0.1211748 0.02318805 -0.9923595 -0.1211805 0.023193 -0.9923595 -0.1211805 0.02319276 -0.9923586 -0.1211864 0.02319782 -0.9923586 -0.1211873 0.02319437 -0.9923585 -0.1211885 0.02319532 -0.9923584 -0.1211887 0.02319473 -0.9923583 -0.1211898 0.02319574 -0.9909973 -0.1309341 0.02793729 -0.9900653 -0.1374223 0.02976357 -0.9900488 -0.1379802 0.02765649 -0.9900488 -0.1379797 0.02765595 -0.990049 -0.1379797 0.02765589 -0.9900481 -0.1379847 0.02766036 -0.9900481 -0.1379851 0.02765917 -0.9900482 -0.1379842 0.02765876 -0.9900481 -0.1379846 0.02765733 -0.9900466 -0.1379948 0.02766305 -0.9900465 -0.1379955 0.02766048 -0.9900466 -0.137995 0.02765995 -0.9900466 -0.1379942 0.02766275 -0.9900466 -0.1379945 0.02766299 -0.9900466 -0.1379951 0.02766042 -0.9900459 -0.1379991 0.02766394 -0.9900459 -0.1379997 0.02766168 -0.9900461 -0.1379992 0.0276612 -0.990046 -0.1379992 0.02766108 -0.9900452 -0.1380044 0.02766567 -0.9900452 -0.1380043 0.02766591 -0.990046 -0.1379987 0.02766096 -0.9900462 -0.1379987 0.02766108 -0.9900454 -0.1380033 0.02766519 -0.9900453 -0.138004 0.02766257 -0.9900445 -0.1380085 0.02766668 -0.9880216 -0.1507418 0.03301858 -0.9873769 -0.1546689 0.03412377 -0.9873619 -0.1551721 0.03222179 -0.9873612 -0.1551753 0.03222471 -0.9873613 -0.155175 0.03222584 -0.9873616 -0.1551731 0.03222417 -0.9873616 -0.1551732 0.03222376 -0.9873614 -0.1551748 0.03222465 -0.9873614 -0.1551746 0.03222572 -0.987362 -0.1551706 0.03222352 -0.987362 -0.1551711 0.03222149 -0.9873614 -0.1551744 0.03222447 -0.9873613 -0.1551741 0.03222566 -0.9873617 -0.1551722 0.03222393 -0.9873618 -0.155172 0.03222483 -0.9873611 -0.1551755 0.03222811 -0.9873611 -0.1551769 0.0322231 -0.9873605 -0.1551802 0.03222614 -0.9873605 -0.1551799 0.03222721 -0.9873608 -0.1551778 0.03222531 -0.9873608 -0.1551783 0.03222334 -0.9873602 -0.1551815 0.03222638 -0.9873602 -0.1551812 0.03222745 -0.9873605 -0.1551798 0.03222608 -0.9873605 -0.1551796 0.03222703 -0.9873608 -0.1551777 0.03222537 -0.98474 -0.1698721 0.03782141 -0.9842978 -0.1722676 0.03849411 -0.9842848 -0.1726951 0.03687626 -0.9842855 -0.1726918 0.03687304 -0.9842855 -0.1726912 0.03687518 -0.9842851 -0.1726933 0.03687721 -0.9842851 -0.1726936 0.0368759 -0.9842864 -0.1726865 0.03687173 -0.9842865 -0.1726859 0.03687381 -0.9842868 -0.1726845 0.03687298 -0.9842868 -0.1726844 0.0368734 -0.9842864 -0.1726864 0.0368753 -0.9842864 -0.1726867 0.03687405 -0.984287 -0.1726837 0.03687113 -0.984287 -0.1726822 0.03687644 -0.9842877 -0.1726789 0.03687328 -0.9842877 -0.1726792 0.03687214 -0.9842885 -0.1726757 0.03686892 -0.9842885 -0.1726753 0.03687089 -0.984288 -0.1726774 0.03687292 -0.984288 -0.1726777 0.03687161 -0.9842888 -0.1726745 0.03686851 -0.9842888 -0.1726739 0.03687077 -0.9842894 -0.1726703 0.03686732 -0.9842895 -0.1726697 0.03686946 -0.984289 -0.1726719 0.03687155 -0.9812047 -0.1882639 0.0423569 -0.9808161 -0.190159 0.04288691 -0.9808056 -0.1904987 0.04159933 -0.9808055 -0.1904995 0.04160004 -0.9808055 -0.1904986 0.04160332 -0.9808065 -0.1904938 0.04159867 -0.9808066 -0.190494 0.0415982 -0.9808063 -0.1904954 0.04159903 -0.9808064 -0.190495 0.04160034 -0.9808073 -0.190491 0.04159796 -0.9808073 -0.1904901 0.041601 -0.9808083 -0.1904854 0.04159629 -0.9808084 -0.1904854 0.04159605 -0.9808082 -0.190486 0.04159659 -0.9808082 -0.1904852 0.04159963 -0.9808093 -0.1904808 0.04159533 -0.9808093 -0.190481 0.04159474 -0.9808092 -0.1904816 0.04159533 -0.9808092 -0.1904808 0.04159849 -0.9808103 -0.1904763 0.04159408 -0.9808103 -0.1904764 0.04159349 -0.9808101 -0.1904772 0.0415942 -0.9808101 -0.1904773 0.04159361 -0.9808099 -0.1904782 0.0415945 -0.9808098 -0.1904773 0.04159772 -0.980811 -0.1904724 0.04159283 -0.9774722 -0.2058464 0.04664051 -0.9769127 -0.2083302 0.04733127 -0.9769049 -0.2085766 0.04639679 -0.9769064 -0.2085707 0.04639089 -0.9769065 -0.2085695 0.04639512 -0.9769066 -0.2085688 0.0463944 -0.9769067 -0.2085687 0.04639482 -0.9769085 -0.2085617 0.04639059 -0.9769083 -0.2085611 0.04639291 -0.9769087 -0.2085597 0.04639208 -0.9769087 -0.2085596 0.04639232 -0.9769101 -0.2085539 0.04638653 -0.9769102 -0.2085528 0.04639065 -0.9769104 -0.2085523 0.04639005 -0.9769104 -0.2085521 0.04639059 -0.9769106 -0.2085514 0.04638987 -0.9769106 -0.2085514 0.04639011 -0.9769121 -0.2085455 0.04638421 -0.9769122 -0.2085443 0.0463885 -0.9769124 -0.2085435 0.04638767 -0.9769124 -0.2085434 0.04638808 -0.9769123 -0.2085433 0.04638803 -0.9769124 -0.2085433 0.04638808 -0.976914 -0.2085371 0.04638177 -0.976914 -0.2085359 0.046386 -0.9769142 -0.2085357 0.0463857 -0.9735901 -0.2226005 0.05070883 -0.9732117 -0.2241518 0.05113732 -0.9722849 -0.2278821 0.052266 -0.9725776 -0.2267244 0.05185252 -0.9704861 -0.2350176 0.05406808 -0.9698703 -0.2373632 0.0548653 -0.9749635 -0.2164556 0.05092388 -0.9687107 -0.2417172 0.05632442 -0.9696702 -0.2383141 0.05427861 -0.9725735 -0.22688 0.05124658 -0.9725714 -0.2268872 0.05125397 -0.9640164 -0.2589423 0.06017798 -0.9648295 -0.2561665 0.05901491 -0.9648335 -0.2561535 0.05900663 -0.9677982 -0.2453848 0.0561518 -0.9677973 -0.2453874 0.05615466 -0.9725788 -0.2268585 0.05124062 -0.9725766 -0.2268661 0.05124849 -0.9613739 -0.2680919 0.06234604 -0.9637146 -0.2601907 0.05962413 -0.9634779 -0.2609162 0.06027454 -0.9678001 -0.2453765 0.05615425 -0.9677993 -0.2453791 0.05615705 -0.9725792 -0.2268561 0.05124431 -0.9725803 -0.2268521 0.0512402 -0.9677551 -0.2465001 0.05184227 -0.9676037 -0.247102 0.05180364 -0.9725002 -0.2286035 0.04454112 -0.9705727 -0.236967 0.0428391 -0.9735742 -0.2247741 0.040371 -0.9766752 -0.212356 0.03179091 -0.9763592 -0.2137964 0.03184062 -0.9804722 -0.1952799 0.0232352 -0.9803885 -0.1957054 0.02318674 -0.983722 -0.1793364 0.01138001 -0.9852455 -0.170821 0.01055622 -0.9866428 -0.1628739 0.002842605 -0.9893008 -0.1458717 -0.002312242 -0.9893968 -0.1452208 -0.002192199 -0.9914772 -0.1298993 -0.009963095 -0.9929611 -0.1180288 -0.009864211 -0.9934809 -0.1132221 -0.01328182 -0.9957034 -0.09101986 -0.01703464 -0.9953104 -0.09591764 -0.01253068 -0.997626 -0.06473606 -0.0234884 -0.996909 -0.07813394 -0.008207678 -0.9978209 -0.06403642 -0.01590132 -0.999172 -0.03617429 -0.01861548 -0.9988433 -0.04697734 -0.01026374 -0.9996985 -0.0139473 -0.02020746 -0.9995381 -0.03020143 -0.003398478 -0.9997926 -0.01770216 -0.01007252 -0.99989 0.005945384 -0.01358294 -0.9999741 -0.003226459 -0.006428122 -0.9999083 0.008259177 -0.01073396 -0.9997753 0.01794713 -0.01128077 -0.9997383 0.01959753 -0.01180213 -0.9996348 0.02424645 -0.01192551 -0.9994732 0.02958273 -0.01334935 -0.9994727 0.02959501 -0.01335573 -0.9993093 0.03425532 -0.01440542 -0.9991561 0.03782159 -0.01601755 -0.9991508 0.03795349 -0.01604253 -0.9990189 0.04082751 -0.0171591 -0.9988473 0.04406303 -0.01904028 -0.9989314 0.0423631 -0.01848328 -0.9986205 0.04802328 -0.02123188 -0.99881 0.04436582 -0.02025294 -0.998563 0.04884159 -0.02205759 -0.9984114 0.05158817 -0.02265733 -0.9984379 0.05116099 -0.02245754 -0.9979013 0.05972552 -0.02501863 -0.9974207 0.06685453 -0.02612209 -0.9963626 0.07946795 -0.03076606 -0.9954351 0.08994626 -0.03191894 -0.9916035 0.1224719 -0.04150986 -0.9917326 0.121569 -0.04107928 -0.9846033 0.1669027 -0.0519607 -0.7291222 0.6565786 -0.1930946 -0.7167347 0.668456 -0.1986405 -0.7168124 0.6710217 -0.189499 -0.7167413 0.6710882 -0.1895323 -0.7167415 0.6710943 -0.1895102 -0.716628 0.6712005 -0.1895633 -0.7166281 0.6712071 -0.1895396 -0.7165595 0.6712712 -0.1895715 -0.7165597 0.6712746 -0.1895591 -0.7164484 0.6713787 -0.1896107 -0.7164486 0.6713848 -0.1895886 -0.7163285 0.6714972 -0.1896442 -0.7163286 0.6715011 -0.1896302 -0.7163031 0.6715251 -0.189642 -0.7163031 0.6715289 -0.1896278 -0.7161872 0.6716376 -0.1896812 -0.7161872 0.671644 -0.1896578 -0.7160584 0.6717647 -0.1897168 -0.7160586 0.6717711 -0.1896938 -0.7159342 0.6718876 -0.1897505 -0.7159343 0.6718944 -0.1897261 -0.7157244 0.6720966 -0.189802 -0.7157245 0.6721007 -0.1897875 -0.7155154 0.672302 -0.1898626 -0.7155156 0.6723085 -0.189839 -0.7154365 0.6723827 -0.1898744 -0.7154365 0.6723866 -0.1898599 -0.715297 0.6725175 -0.1899222 -0.6395422 0.7380321 -0.2151614 -0.6451985 0.734068 -0.211809 -0.6452252 0.7354081 -0.2070254 -0.6450934 0.7355012 -0.2071051 -0.6450936 0.7355151 -0.2070549 -0.6449851 0.7355919 -0.2071202 -0.6449853 0.7356065 -0.2070674 -0.6448237 0.735721 -0.2071643 -0.6448239 0.7357352 -0.2071133 -0.6447076 0.7358175 -0.2071827 -0.6447078 0.7358294 -0.2071402 -0.6445695 0.7359274 -0.2072223 -0.6445698 0.7359445 -0.2071605 -0.6444305 0.7360433 -0.2072429 -0.6444306 0.7360552 -0.2072001 -0.6442812 0.7361614 -0.207288 -0.6442813 0.7361764 -0.207234 -0.6441673 0.7362574 -0.2073008 -0.6441674 0.7362689 -0.2072594 -0.644017 0.7363759 -0.2073471 -0.6440172 0.7363926 -0.2072869 -0.643715 0.7366226 -0.2074078 -0.6437153 0.7366364 -0.2073583 -0.6434282 0.736855 -0.2074723 -0.6434286 0.7368721 -0.2074109 -0.6432657 0.7369883 -0.2075036 -0.6432659 0.7370008 -0.2074581 -0.6431027 0.7371172 -0.2075505 -0.5375481 0.8107939 -0.2316358 -0.5488001 0.8049095 -0.2256969 -0.5521538 0.8026583 -0.2255346 -0.5521048 0.8026925 -0.225533 -0.5521201 0.8026801 -0.2255392 -0.5526747 0.8024382 -0.2250413 -0.557003 0.7995438 -0.2246713 -0.5570754 0.7994943 -0.224668 -0.558139 0.7989056 -0.2241219 -0.5570356 0.7995197 -0.2246766 -0.5570299 0.799527 -0.2246646 -0.570099 0.7910293 -0.2219454 -0.5688124 0.7917867 -0.222545 -0.5688194 0.7917805 -0.2225492 -0.5763946 0.7866759 -0.2211565 -0.5729668 0.7890866 -0.2214757 -0.9658294 -0.2525912 0.05806219 -0.963478 -0.2609162 0.0602746 -0.9677993 -0.2453796 0.05615514 -0.9678002 -0.2453768 0.05615204 -0.9725804 -0.2268524 0.05123925 -0.9725782 -0.2268601 0.05124723 -0.9648346 -0.2561482 0.05901008 -0.9677973 -0.2453868 0.05615699 -0.9677964 -0.2453897 0.05616009 -0.9725767 -0.2268664 0.05124723 -0.9725762 -0.2268681 0.05124896 -0.5689591 0.7916855 -0.2225302 -0.5686083 0.7919233 -0.2225804 -0.5688121 0.7917856 -0.2225499 -0.9725726 -0.2268834 0.05124872 -0.9725715 -0.2268874 0.0512529 -0.9943287 -0.1046761 0.01880246 -0.9943278 -0.1046832 0.01880836 -0.9943277 -0.1046842 0.01880449 -0.9943274 -0.1046871 0.01880687 -0.9943274 -0.1046872 0.01880663 -0.9943262 -0.1046979 0.01881229 -0.9943261 -0.1046989 0.01880842 -0.9943243 -0.1047144 0.01881664 -0.9943243 -0.1047154 0.01881283 -0.9943239 -0.1047185 0.01881539 -0.9943239 -0.1047189 0.01881366 -0.994323 -0.1047263 0.0188198 -0.994323 -0.1047267 0.01881837 -0.9943227 -0.1047295 0.0188207 -0.9943225 -0.1047306 0.01881688 -0.9943218 -0.1047376 0.01882284 -0.9943217 -0.1047387 0.01881909 -0.9943214 -0.104741 0.01882106 -0.9943215 -0.1047414 0.01881968 -0.9943205 -0.104749 0.018826 -0.9943205 -0.10475 0.01882195 -0.9943195 -0.1047573 0.01882809 -0.9943195 -0.1047584 0.0188241 -0.9943187 -0.1047658 0.01883035 -0.9959591 -0.08862549 0.01453101 -0.9959582 -0.08863425 0.01453804 -0.9959582 -0.08863484 0.01453596 -0.9959577 -0.08863872 0.01453912 -0.9959577 -0.08863985 0.01453471 -0.9959554 -0.08866339 0.01454693 -0.9959554 -0.08866459 0.01454257 -0.995954 -0.08867824 0.01454967 -0.9959541 -0.08867883 0.01454734 -0.9959536 -0.08868342 0.01455104 -0.9959535 -0.08868449 0.01454687 -0.9959527 -0.08869266 0.01455342 -0.9959527 -0.08869379 0.01454895 -0.9959514 -0.08870697 0.01455956 -0.9959513 -0.0887081 0.01455527 -0.9959509 -0.08871245 0.01455879 -0.9959508 -0.08871364 0.0145542 -0.9959499 -0.08872276 0.01456159 -0.9959499 -0.08872389 0.01455736 -0.995949 -0.08873206 0.01456397 -0.995949 -0.08873265 0.01456165 -0.9959487 -0.08873713 0.01456528 -0.9959486 -0.08873832 0.01456093 -0.9959477 -0.08874678 0.01456773 -0.9972764 -0.07302087 0.01037645 -0.9972756 -0.07303088 0.0103842 -0.9972755 -0.07303214 0.01037943 -0.9972744 -0.07304656 0.01039063 -0.9972743 -0.07304811 0.01038461 -0.997273 -0.0730651 0.0103932 -0.997273 -0.07306635 0.01038849 -0.997271 -0.07309216 0.01040154 -0.9972709 -0.07309371 0.01039564 -0.9972698 -0.07310765 0.01040655 -0.9972698 -0.07310891 0.0104019 -0.9972692 -0.07311517 0.01040679 -0.9972692 -0.07311648 0.01040196 -0.9972683 -0.07312577 0.01040923 -0.9972683 -0.07312703 0.01040464 -0.9972673 -0.07314097 0.01041555 -0.9972672 -0.07314276 0.01040875 -0.9972664 -0.07315248 0.01041632 -0.9972664 -0.07315325 0.0104134 -0.9972658 -0.07315999 0.01041871 -0.9972658 -0.0731613 0.01041376 -0.9972646 -0.07317495 0.01042443 -0.9972646 -0.07317668 0.01041787 -0.9972638 -0.07318633 0.01042544 -0.9983016 -0.05790966 0.006351292 -0.9983009 -0.05792123 0.006359994 -0.9983009 -0.0579226 0.006354868 -0.9983001 -0.0579338 0.006363332 -0.9983001 -0.05793523 0.006358027 -0.9982984 -0.05796349 0.006372034 -0.9982983 -0.05796533 0.00636518 -0.9982966 -0.05799359 0.006379127 -0.9982965 -0.0579949 0.00637412 -0.9982959 -0.05800586 0.006382346 -0.9982959 -0.05800724 0.00637716 -0.9982948 -0.05802261 0.006388723 -0.9982948 -0.05802446 0.006381869 -0.998294 -0.05803608 0.006390631 -0.9982939 -0.05803751 0.006385207 -0.9982932 -0.05804914 0.006393969 -0.9982932 -0.05805051 0.006388902 -0.9982925 -0.05806142 0.006397128 -0.9982925 -0.05806326 0.006390154 -0.9982913 -0.05808204 0.00640428 -0.9982912 -0.05808377 0.006397664 -0.9982905 -0.05809515 0.006406247 -0.9982905 -0.05809652 0.006401002 -0.9982898 -0.05810785 0.006409585 -0.9998608 -0.01596969 -0.004826605 -0.9995696 -0.02930986 -0.001274764 -0.9997104 0.01937454 -0.0142768 -0.999711 0.01935005 -0.01426225 -0.9997109 0.01934796 -0.01427018 -0.9997118 0.01931983 -0.01425349 -0.9997116 0.01931768 -0.01426142 -0.999713 0.01926565 -0.01423937 -0.999713 0.01926362 -0.014247 -0.9997143 0.01921159 -0.01422494 -0.9997142 0.01920956 -0.01423245 -0.9997148 0.01918417 -0.01421737 -0.9997148 0.01918202 -0.01422536 -0.9997156 0.01915591 -0.01420986 -0.9997155 0.01915383 -0.01421761 -0.9997161 0.01913034 -0.0142036 -0.999716 0.01912838 -0.01421093 -0.9997167 0.01910275 -0.01419568 -0.9997167 0.0191006 -0.01420366 -0.9997174 0.01907491 -0.01418834 -0.9997172 0.01907283 -0.01419609 -0.999718 0.01904881 -0.01418179 -0.9997179 0.01904684 -0.01418906 -0.9997186 0.01902163 -0.0141741 -0.9997185 0.01901954 -0.01418197 -0.9997193 0.01899379 -0.01416665 -0.9994343 0.02909266 -0.01687419 -0.9994351 0.02906936 -0.01686102 -0.9994351 0.02906745 -0.01686817 -0.9994361 0.02904266 -0.01685416 -0.999436 0.02904087 -0.01686084 -0.9994379 0.0289877 -0.01683902 -0.9994379 0.02898579 -0.01684606 -0.9994397 0.02893328 -0.01682448 -0.9994398 0.02893143 -0.01683151 -0.9994406 0.0289058 -0.01681703 -0.9994406 0.02890384 -0.0168246 -0.9994416 0.02887761 -0.01680976 -0.9994416 0.02887582 -0.01681637 -0.9994425 0.02885162 -0.0168026 -0.9994424 0.0288496 -0.01681017 -0.9994434 0.02882313 -0.01679515 -0.9994433 0.02882128 -0.01680195 -0.9994443 0.0287975 -0.01678842 -0.9994441 0.02879554 -0.01679587 -0.9994453 0.02876859 -0.01678055 -0.9994451 0.02876675 -0.0167874 -0.9994461 0.02874219 -0.01677346 -0.999446 0.02874022 -0.01678091 -0.9994471 0.02871441 -0.01676625 -0.9991174 0.03741222 -0.01909953 -0.9991187 0.03738635 -0.01908558 -0.9991186 0.03738462 -0.01909226 -0.9991196 0.03736054 -0.01907932 -0.9991196 0.03735899 -0.01908522 -0.999122 0.03730988 -0.01906561 -0.9991219 0.03730821 -0.01907175 -0.9991241 0.03725755 -0.01905161 -0.9991241 0.03725588 -0.01905798 -0.9991252 0.0372309 -0.01904451 -0.9991252 0.03722935 -0.01905035 -0.9991263 0.0372076 -0.01903861 -0.9991261 0.03720599 -0.01904469 -0.9991274 0.0371797 -0.01903051 -0.9991273 0.03717792 -0.01903712 -0.9991285 0.03715437 -0.01902443 -0.9991284 0.03715276 -0.01903039 -0.9991296 0.03712725 -0.01901662 -0.9991295 0.03712552 -0.01902306 -0.9991306 0.03710275 -0.01901078 -0.9991306 0.03710126 -0.01901632 -0.9991317 0.03707718 -0.01900333 -0.9991316 0.03707551 -0.01900964 -0.9991327 0.03705215 -0.01899707 -0.9988166 0.04394263 -0.02084636 -0.9988177 0.04392135 -0.02083551 -0.9988177 0.04392004 -0.02084046 -0.9988188 0.04389899 -0.02082973 -0.9988188 0.04389774 -0.02083444 -0.9988211 0.04385298 -0.02081722 -0.998821 0.04385167 -0.02082222 -0.9988234 0.04380726 -0.02080512 -0.9988234 0.04380601 -0.02080988 -0.9988244 0.04378581 -0.02079951 -0.9988244 0.04378449 -0.02080434 -0.9988256 0.04376173 -0.02079266 -0.9988255 0.04376029 -0.02079802 -0.9988267 0.0437389 -0.02078706 -0.9988266 0.04373764 -0.0207917 -0.9988278 0.04371702 -0.02078115 -0.9988278 0.04371577 -0.02078592 -0.9988289 0.04369473 -0.02077519 -0.9988289 0.04369342 -0.0207799 -0.99883 0.04367256 -0.02076923 -0.99883 0.0436713 -0.02077394 -0.9988311 0.04364991 -0.02076297 -0.998831 0.04364854 -0.02076792 -0.9988322 0.04362744 -0.02075713 -0.9986013 0.04809558 -0.02195769 -0.9986023 0.04808026 -0.02195024 -0.9986022 0.04807937 -0.02195346 -0.9986032 0.04806393 -0.02194601 -0.9986031 0.04806303 -0.02194917 -0.9986049 0.04803037 -0.02193701 -0.9986049 0.04802954 -0.02194017 -0.9986068 0.04799771 -0.02192836 -0.9986067 0.04799687 -0.02193158 -0.9986076 0.04798001 -0.02192348 -0.9986076 0.04797905 -0.02192699 -0.9986086 0.0479626 -0.02191901 -0.9986086 0.04796177 -0.02192223 -0.9986094 0.04794669 -0.02191489 -0.9986094 0.04794597 -0.02191758 -0.9986103 0.04793161 -0.02191066 -0.9986103 0.04793071 -0.021914 -0.9986112 0.0479145 -0.02190613 -0.9986112 0.04791367 -0.02190917 -0.9986121 0.04789847 -0.02190178 -0.998612 0.04789763 -0.02190512 -0.9986131 0.04788088 -0.02189701 -0.9986129 0.04788005 -0.02190017 -0.9986138 0.04786503 -0.0218929 -0.9985566 0.0489189 -0.02217882 -0.9985569 0.04891121 -0.02217537 -0.9985569 0.04891085 -0.02217668 -0.9985573 0.04890406 -0.02217358 -0.9985573 0.04890376 -0.02217477 -0.9985581 0.04889059 -0.02217006 -0.9985581 0.04889029 -0.02217113 -0.9985588 0.0488767 -0.02216631 -0.9985588 0.04887646 -0.02216732 -0.9985591 0.04887145 -0.02216506 -0.9985591 0.04887115 -0.02216625 -0.9985595 0.04886472 -0.02216333 -0.9985594 0.04886448 -0.02216422 -0.9985598 0.04885864 -0.02216154 -0.9985598 0.04885834 -0.02216261 -0.9985603 0.04885041 -0.02215898 -0.9985603 0.04884994 -0.02216058 -0.9985607 0.04884356 -0.02215766 -0.9985607 0.04884326 -0.02215886 -0.9985612 0.04883491 -0.02215504 -0.9985612 0.04883462 -0.02215623 -0.9985614 0.04882919 -0.02215373 -0.9985614 0.04882895 -0.02215456 -0.9985617 0.04882287 -0.02215176 -0.9984158 0.05141848 -0.0228495 -0.998417 0.05139833 -0.02284079 -0.998417 0.05139744 -0.02284425 -0.9984183 0.05137473 -0.02283447 -0.9984183 0.05137383 -0.02283781 -0.998421 0.05132961 -0.02282243 -0.998421 0.05132865 -0.02282577 -0.9984236 0.05128377 -0.02281022 -0.9984236 0.05128282 -0.02281367 -0.998425 0.0512591 -0.02280342 -0.998425 0.0512582 -0.0228067 -0.9984262 0.05123907 -0.02279841 -0.9984261 0.05123817 -0.02280181 -0.9984275 0.05121481 -0.02279174 -0.9984275 0.05121392 -0.02279508 -0.9984288 0.0511921 -0.02278566 -0.9984288 0.05119127 -0.0227887 -0.99843 0.05117285 -0.02278071 -0.99843 0.05117195 -0.02278411 -0.9984312 0.05115014 -0.02277469 -0.9984312 0.0511493 -0.02277797 -0.9984326 0.05112683 -0.02276819 -0.9984325 0.05112594 -0.02277147 -0.9984339 0.05110383 -0.02276194 -0.9978461 0.06052654 -0.02529001 -0.99785 0.06047278 -0.0252676 -0.99785 0.06047075 -0.02527523 -0.9978536 0.06041777 -0.02525317 -0.9978536 0.0604158 -0.0252605 -0.9978612 0.06030786 -0.02522373 -0.997861 0.06030583 -0.02523124 -0.9978685 0.06019693 -0.0251941 -0.9978684 0.06019496 -0.02520138 -0.9978721 0.06014406 -0.0251801 -0.997872 0.06014209 -0.02518743 -0.9978758 0.06008845 -0.02516496 -0.9978757 0.06008648 -0.02517235 -0.9978793 0.06003671 -0.02515149 -0.9978792 0.06003469 -0.02515888 -0.997883 0.05998086 -0.02513635 -0.997883 0.05997884 -0.02514392 -0.9978868 0.059924 -0.02512097 -0.9978867 0.05992203 -0.02512842 -0.9978902 0.05987256 -0.02510768 -0.9978902 0.0598706 -0.02511495 -0.9978938 0.05981874 -0.02509319 -0.9978938 0.05981683 -0.02510052 -0.9978975 0.05976474 -0.02507865 -0.9962948 0.08037322 -0.03060573 -0.9963001 0.08032077 -0.03057754 -0.9962998 0.08031731 -0.03059035 -0.9963048 0.08026617 -0.03056281 -0.9963047 0.08026266 -0.03057593 -0.9963145 0.08015686 -0.03053373 -0.9963143 0.0801534 -0.03054684 -0.9963241 0.0800473 -0.03050446 -0.9963241 0.08004397 -0.03051698 -0.9963288 0.07999533 -0.03049063 -0.9963287 0.07999187 -0.03050345 -0.9963335 0.07994145 -0.03047609 -0.9963334 0.07993799 -0.03048896 -0.9963384 0.07988727 -0.03046137 -0.9963383 0.07988369 -0.03047472 -0.996343 0.07983464 -0.03044807 -0.9963429 0.07983136 -0.03046023 -0.9963476 0.0797832 -0.03043401 -0.9963474 0.0797798 -0.03044688 -0.9963524 0.07972866 -0.03041905 -0.9963523 0.0797252 -0.03043204 -0.9963569 0.07967764 -0.03040605 -0.9963568 0.07967442 -0.03041815 -0.9963614 0.07962656 -0.03039205 -0.9917604 0.1211923 -0.04151803 -0.9917579 0.12121 -0.04152673 -0.9917579 0.1212112 -0.04152214 -0.9917554 0.1212283 -0.0415306 -0.9917556 0.1212292 -0.04152774 -0.9917511 0.1212612 -0.0415399 -0.9917511 0.1212621 -0.04153674 -0.9917467 0.1212942 -0.0415489 -0.9917467 0.121295 -0.04154568 -0.9917452 0.1213056 -0.04155093 -0.9917452 0.1213063 -0.04154837 -0.9917432 0.1213207 -0.04155558 -0.9917432 0.1213216 -0.04155194 -0.9917405 0.12134 -0.04156118 -0.9917406 0.1213409 -0.04155784 -0.9917385 0.1213552 -0.041565 -0.9917385 0.1213561 -0.04156184 -0.9917368 0.1213682 -0.04156792 -0.9917368 0.121369 -0.04156517 -0.9917344 0.1213861 -0.04157382 -0.9917344 0.121387 -0.04157054 -0.9917328 0.1213981 -0.04157614 -0.9917328 0.1213989 -0.04157304 -0.9917311 0.1214112 -0.04157924 -0.9814204 0.1828887 -0.05801463 -0.9813933 0.1830155 -0.05807316 -0.9813935 0.1830217 -0.05805021 -0.9813687 0.1831381 -0.05810403 -0.9813688 0.1831439 -0.05808228 -0.9813147 0.1834038 -0.05817681 -0.9813148 0.1834098 -0.0581544 -0.9812632 0.1836574 -0.05824476 -0.9812634 0.1836634 -0.05822259 -0.9812378 0.1837828 -0.05827856 -0.981238 0.1837887 -0.05825656 -0.9812133 0.183903 -0.05831032 -0.9812135 0.1839089 -0.05828845 -0.9811903 0.1840168 -0.05833923 -0.9811905 0.1840223 -0.05831885 -0.9811656 0.1841372 -0.05837315 -0.9811659 0.1841435 -0.0583499 -0.98114 0.1842634 -0.05840671 -0.9811401 0.1842692 -0.05838525 -0.9811162 0.1843799 -0.05843788 -0.9811164 0.1843858 -0.05841636 -0.9810919 0.184499 -0.0584703 -0.9810921 0.1845048 -0.05844891 -0.9810693 0.1846102 -0.05849921 -0.9810695 0.1846158 -0.05847841 -0.9252788 0.3640044 -0.1065832 -0.9604967 0.2664277 -0.08038836 -0.9604424 0.2666007 -0.08046472 -0.9604426 0.2666091 -0.08043402 -0.9603839 0.2667955 -0.08051657 -0.9603841 0.2668033 -0.08048772 -0.9602797 0.267143 -0.0806083 -0.9602798 0.2671504 -0.08058106 -0.960174 0.267494 -0.08070355 -0.9601742 0.2675019 -0.08067429 -0.9601196 0.2676742 -0.08075195 -0.9601199 0.2676821 -0.08072263 -0.9600651 0.2678547 -0.08080065 -0.9600654 0.2678617 -0.08077436 -0.9600185 0.2680097 -0.08084154 -0.9600187 0.2680175 -0.08081305 -0.959967 0.2681805 -0.08088731 -0.9599671 0.2681875 -0.08086186 -0.9599258 0.2683174 -0.08092117 -0.959926 0.2683242 -0.0808959 -0.9598759 0.268482 -0.08096826 -0.9598761 0.2684897 -0.08093965 -0.9598258 0.2686471 -0.08101207 -0.9598261 0.2686537 -0.08098787 -0.9597823 0.2687912 -0.0810514 -0.9597826 0.2687989 -0.08102303 -0.9597335 0.2689524 -0.08109414 -0.9696688 -0.2383182 0.05428421 -0.9990576 -0.0433343 0.002472996 -0.9990575 -0.04333615 0.002465903 -0.9995684 -0.02935004 -0.001256704 -0.9995684 -0.02935189 -0.001263618 -0.9998598 -0.0160371 -0.004808723 -0.9998598 -0.01603925 -0.00481677 -0.9990567 -0.04335296 0.002478063 -0.9998607 -0.01597189 -0.004834771 -0.9252234 0.3641337 -0.1066227 -0.9252232 0.3641296 -0.1066376 -0.9251937 0.3642005 -0.1066519 -0.972579 -0.2268581 0.05124205 -0.9677983 -0.245383 0.05615848 -0.9677992 -0.2453799 0.05615514 -0.9677992 -0.2453793 0.05615735 -0.9678001 -0.2453762 0.05615401 -0.9990515 -0.04347109 0.002509355 -0.9990521 -0.04345893 0.002500474 -0.9990521 -0.04345756 0.00250566 -0.999053 -0.04344123 0.002493798 -0.999053 -0.04343926 0.00250101 -0.9990537 -0.04342281 0.002489089 -0.9990537 -0.0434212 0.002495229 -0.9990552 -0.04339033 0.002480328 -0.9990552 -0.04338848 0.002487361 -0.9990567 -0.0433548 0.002471029 -0.9995643 -0.02949148 -0.001217365 -0.9995649 -0.02947044 -0.001232147 -0.999565 -0.02946859 -0.001225233 -0.9995655 -0.02945214 -0.001236736 -0.9995655 -0.02945029 -0.001229882 -0.999566 -0.02943259 -0.001242339 -0.9995661 -0.02943074 -0.001235187 -0.9995672 -0.02939105 -0.001253962 -0.9995673 -0.02938896 -0.001246154 -0.9990514 -0.04347294 0.002502381 -0.9990507 -0.0434888 0.002514004 -0.9990507 -0.04349064 0.00250703 -0.99905 -0.04350721 0.002519071 -0.9990499 -0.04350906 0.002512037 -0.9990493 -0.04352122 0.002520918 -0.9990493 -0.04352265 0.002515554 -0.9990485 -0.04353898 0.002527415 -0.9990485 -0.04354083 0.002520442 -0.9990478 -0.04355704 0.002532184 -0.9998582 -0.01614975 -0.004778802 -0.9998584 -0.01612842 -0.004793167 -0.9998585 -0.01612615 -0.004784822 -0.9998587 -0.01610517 -0.004799008 -0.9998589 -0.01610314 -0.004791319 -0.9998592 -0.01608228 -0.004805386 -0.9998592 -0.01608031 -0.004797875 -0.9995642 -0.0294941 -0.00122708 -0.9995636 -0.02951431 -0.001212894 -0.9995636 -0.02951622 -0.001220047 -0.999563 -0.02953374 -0.001207768 -0.999563 -0.02953553 -0.001214683 -0.9995625 -0.02955257 -0.001202702 -0.9995625 -0.02955442 -0.001209616 -0.9995619 -0.02957123 -0.001197874 -0.9995619 -0.02957302 -0.001204669 -0.9995614 -0.02958995 -0.001192808 -0.9998581 -0.01615184 -0.004786789 -0.9998579 -0.01617026 -0.004774391 -0.9998578 -0.01617217 -0.004781424 -0.9998576 -0.01619291 -0.004767417 -0.9998575 -0.01619499 -0.004775285 -0.9998573 -0.01621615 -0.00476098 -0.9998571 -0.0162183 -0.004769027 -0.9998568 -0.01623928 -0.004754841 -0.9998568 -0.01624143 -0.004762947 -0.9998565 -0.01626253 -0.004748642 -0.9249238 0.3648342 -0.1068266 -0.9249716 0.3647271 -0.1067783 -0.9249716 0.3647235 -0.1067919 -0.9249979 0.3646643 -0.1067653 -0.9249978 0.3646615 -0.1067755 -0.9250339 0.3645805 -0.1067393 -0.9250338 0.3645763 -0.1067548 -0.925112 0.3643967 -0.1066911 -0.9251118 0.3643927 -0.1067056 -0.9251938 0.364204 -0.106639 -0.9249239 0.3648379 -0.1068128 -0.9248997 0.3648921 -0.1068373 -0.9248998 0.364896 -0.1068232 -0.9248526 0.3650017 -0.1068712 -0.9248527 0.3650065 -0.1068534 -0.9248171 0.3650863 -0.1068898 -0.9248172 0.3650888 -0.1068807 -0.9247967 0.3651343 -0.1069015 -0.9247968 0.3651379 -0.1068883 -0.9247498 0.3652429 -0.1069366 -0.9247499 0.3652466 -0.1069231 -0.9247297 0.3652918 -0.1069439 -0.9648346 -0.2561482 0.05901008 -0.9677964 -0.2453902 0.05615794 -0.9677973 -0.2453874 0.0561549 -0.9725762 -0.2268695 0.05124372 -0.9725757 -0.2268713 0.05124562 -0.9725793 -0.2268557 0.05124574 -0.967801 -0.2453742 0.056149 -0.9678001 -0.2453771 0.05615216 -0.9725813 -0.2268484 0.05123817 -0.9634779 -0.2609167 0.06027454 -0.9725736 -0.2268792 0.0512498 -0.9725745 -0.2268754 0.05124747 -0.9677956 -0.2453934 0.05615878 -0.9677956 -0.2453928 0.0561608 -0.9677973 -0.2453868 0.05615705 -0.9725746 -0.2268746 0.05125075 -0.9725756 -0.2268706 0.05124831 -0.9648348 -0.256148 0.05901002 -0.9725776 -0.226862 0.05124729 -0.9725778 -0.2268623 0.05124634 -0.9725782 -0.2268605 0.05124574 0.9764787 -0.2123077 0.03761237 0.975279 -0.2176796 0.03803247 0.9740957 -0.2226014 0.03982746 0.9740941 -0.222623 0.0397455 0.9720492 -0.2309919 0.04198843 0.9713765 -0.2336658 0.04275459 0.9712324 -0.2342253 0.0429669 0.9691907 -0.2421907 0.04486638 0.9692994 -0.2417545 0.04486942 0.9692944 -0.2417736 0.04487526 0.9712386 -0.234221 0.04285067 0.971242 -0.2342068 0.04285007 0.9741221 -0.2225058 0.03971374 0.9741268 -0.2224855 0.03971272 0.9769145 -0.2104898 0.03649818 0.9769201 -0.2104642 0.03649675 0.9796029 -0.1981807 0.03320586 0.9796077 -0.1981573 0.03320437 0.9821696 -0.1856129 0.02984446 0.9821748 -0.185586 0.02984261 0.9846012 -0.1728073 0.02642077 0.9846055 -0.1727833 0.02641898 0.9879491 -0.1533191 0.02120971 0.9879523 -0.1532981 0.02121144 0.9918321 -0.1267672 0.01411277 0.9918332 -0.1267583 0.0141133 0.9949549 -0.1000803 0.006979525 0.9949547 -0.1000828 0.006979405 0.9972748 -0.07377719 -5.06833e-5 0.9972736 -0.07379382 -5.11734e-5 0.9988012 -0.04847377 -0.006813764 0.9987999 -0.04850018 -0.006814181 0.9996048 -0.02486354 -0.01312357 0.9996038 -0.0248962 -0.01312369 0.9998167 -0.003692269 -0.01878082 0.9998167 -0.003719747 -0.01878064 0.99962 0.01427799 -0.02358019 0.9996201 0.01426738 -0.02358007 0.9993027 0.02607232 -0.02672725 0.9993029 0.0260666 -0.02672648 0.999069 0.03244817 -0.02842712 0.9990693 0.03244197 -0.0284264 0.9988306 0.03799176 -0.02990502 0.9988309 0.03798317 -0.02990412 0.9985538 0.0436331 -0.03140914 0.9985538 0.04363465 -0.03140932 0.9981943 0.05010402 -0.03313237 0.9981939 0.05010968 -0.03313291 0.9976725 0.05832797 -0.03532153 0.9976722 0.05833178 -0.03532195 0.9967685 0.07046979 -0.03855425 0.9967748 0.07038897 -0.03854215 0.9948639 0.09112703 -0.04406327 0.9948769 0.0909962 -0.04404175 0.9909411 0.1235263 -0.05269825 0.9909483 0.1234731 -0.05268883 0.9832679 0.1701371 -0.06509619 0.9832439 0.1702671 -0.06512045 0.9694463 0.2314188 -0.08135777 0.9693804 0.2316777 -0.08140772 0.9473668 0.303946 -0.1005626 0.9473167 0.3040932 -0.1005914 0.9106786 0.3939555 -0.1243522 0.9101973 0.3950185 -0.1245036 0.8476497 0.5076267 -0.1542897 0.8469828 0.508677 -0.1544917 0.7823591 0.5969372 -0.177708 0.7822261 0.5971029 -0.1777375 0.7076152 0.6780222 -0.1989135 0.7079476 0.6776904 -0.1988618 0.6327792 0.7435925 -0.2160111 0.6334114 0.7430727 -0.2159466 0.5646026 0.7929962 -0.2288686 0.565168 0.7926028 -0.2288363 0.5125619 0.8252236 -0.2372472 0.5125575 0.8252261 -0.2372482 0.5125551 0.8252273 -0.2372491 0.5663183 0.7918382 -0.228639 0.5663192 0.7918557 -0.2285764 0.6349245 0.7418711 -0.2156345 0.6349254 0.7418889 -0.2155705 0.7089237 0.6767423 -0.1986132 0.708924 0.6767492 -0.1985881 0.7815895 0.5978741 -0.1779456 0.7815893 0.5978707 -0.1779574 0.8447866 0.5120455 -0.155387 0.8447856 0.5120301 -0.1554429 0.9082186 0.3991999 -0.1256124 0.9081832 0.3986971 -0.1274517 0.9471237 0.3052 -0.09904402 0.950073 0.29713 -0.0952627 0.9690949 0.2325346 -0.08235764 0.9805085 0.1853032 -0.06531238 0.9831643 0.1711238 -0.06406658 0.9907407 0.1251804 -0.05256056 0.9909789 0.1233615 -0.0523709 0.9941638 0.09799313 -0.04511994 0.9949292 0.0903477 -0.04419517 0.995971 0.07988154 -0.04075074 0.9967828 0.06981396 -0.03937053 0.9969927 0.0673024 -0.03841936 0.9976388 0.05792874 -0.03689086 0.9978823 0.05468636 -0.03521972 0.9981545 0.04962861 -0.03499275 0.9985335 0.04329633 -0.03250157 0.9985317 0.04333811 -0.03249889 0.9988096 0.03766644 -0.03099417 0.9988319 0.03795957 -0.0298978 0.9988319 0.03796154 -0.02989774 0.9988319 0.03796136 -0.02989828 0.9988316 0.03796815 -0.02989792 0.9988316 0.03796762 -0.02990001 0.9988315 0.03796947 -0.02989989 0.9988315 0.03796935 -0.02990043 0.9988315 0.0379706 -0.02990037 0.9988314 0.03797048 -0.02990072 0.9988313 0.03797233 -0.02990061 0.9988313 0.03797215 -0.02990126 0.998831 0.03798031 -0.0299021 0.998831 0.03797996 -0.02990335 0.9988309 0.03798335 -0.02990365 0.9768849 -0.2106237 0.03651875 0.9795747 -0.198327 0.03316175 0.9795712 -0.1983442 0.03316533 0.9821416 -0.1857641 0.02982687 0.9821426 -0.1857497 0.02988153 0.9821606 -0.185658 0.02986192 0.9821605 -0.1856592 0.02985727 0.9821698 -0.1856116 0.02984935 0.982491 -0.1839983 0.02925795 0.9845764 -0.1729508 0.02640813 0.9845773 -0.1729382 0.02645587 0.984593 -0.172852 0.02643728 0.9845928 -0.1728531 0.02643299 0.9846013 -0.1728062 0.026425 0.9852301 -0.1693589 0.02528214 0.987761 -0.1544789 0.02155166 0.9879339 -0.1533975 0.02134597 0.9900862 -0.1394053 0.01719081 0.9918267 -0.1267997 0.01420575 0.9921653 -0.1242187 0.01332616 0.9940008 -0.1089979 0.009046375 0.9949579 -0.1000455 0.007045984 0.9962535 -0.08644127 0.00264734 0.9972819 -0.07368028 -3.84712e-5 0.9983596 -0.05702203 -0.005149424 0.9988077 -0.04833185 -0.006865978 0.9994909 -0.02940911 -0.0123707 0.9996071 -0.02470868 -0.01323771 0.9998132 -0.004621803 -0.01876914 0.999814 -0.003578543 -0.0189476 0.9996184 0.0143426 -0.02360767 0.9996186 0.01434528 -0.02359765 0.9996195 0.01430082 -0.02358889 0.9996195 0.01430153 -0.02358621 0.99962 0.01427727 -0.02358287 0.9995718 0.01630878 -0.0242955 0.9993023 0.02611964 -0.02669543 0.9993014 0.02610862 -0.02673685 0.9993025 0.02607876 -0.02672994 0.9993025 0.02607887 -0.02672922 0.9993027 0.02607214 -0.02672791 0.9990673 0.03241938 -0.02852445 0.9990653 0.03247076 -0.02853405 0.9990672 0.03249585 -0.02844005 0.9990683 0.03246647 -0.02843344 0.9990683 0.03246676 -0.02843201 0.999069 0.03244781 -0.02842843 0.99883 0.03803271 -0.02987056 0.9987363 0.03997844 -0.03045493 0.9986122 0.0424782 -0.03113365 0.9985533 0.04363888 -0.0314117 0.9983917 0.04658687 -0.03230464 0.9981958 0.05008357 -0.03311949 0.9979598 0.05388319 -0.03424715 0.9976748 0.058326 -0.03525525 0.99738 0.06248402 -0.03645324 0.9966775 0.0716198 -0.03879141 0.9945769 0.09381067 -0.04490441 0.9947819 0.09189766 -0.04431384 0.9967346 0.07090759 -0.03862947 0.9967339 0.07089704 -0.03866887 0.9976729 0.05832141 -0.03531998 0.9976728 0.05832117 -0.03532075 0.9981943 0.05010402 -0.03313231 0.9909047 0.123843 -0.05263847 0.9878174 0.1441892 -0.05853652 0.983425 0.169368 -0.06472885 0.9707111 0.2264169 -0.08034527 0.9698594 0.2297616 -0.08113181 0.9477537 0.3028799 -0.1001338 0.947751 0.3028427 -0.1002713 0.9475009 0.303565 -0.1004503 0.9475006 0.3035621 -0.1004624 0.9473671 0.3039489 -0.1005516 0.9318939 0.3449937 -0.1120405 0.9139456 0.3869588 -0.1223367 0.9139426 0.386915 -0.122497 0.9117143 0.3917784 -0.1236401 0.9117118 0.3917436 -0.1237681 0.9106809 0.3939895 -0.1242278 0.8599103 0.4875702 -0.1510945 0.8518156 0.5006068 -0.1542823 0.851847 0.5010791 -0.1525659 0.8489493 0.5056329 -0.1536892 0.8489483 0.5056138 -0.1537578 0.847651 0.5076449 -0.1542229 0.7835804 0.5948166 -0.1794292 0.7626064 0.6193458 -0.1866609 0.7053444 0.6796625 -0.2013659 0.6670105 0.7145188 -0.2110921 0.628688 0.7464447 -0.2181094 0.5872474 0.7771282 -0.2263015 0.5609148 0.7952995 -0.2299417 0.4751156 0.845641 -0.2432212 0.5036957 0.8302929 -0.2385463 0.5160871 0.8231383 -0.2368491 0.5145457 0.824059 -0.2370015 0.5152513 0.8236631 -0.236844 0.5141506 0.8243213 -0.2369459 0.5125815 0.8252107 -0.2372499 0.5110288 0.8261492 -0.2373335 0.5102064 0.8265841 -0.2375885 0.5101794 0.8265955 -0.2376066 0.5671238 0.7912999 -0.2285061 0.5671249 0.7913221 -0.2284265 0.6357335 0.74123 -0.2154554 0.6357343 0.7412441 -0.2154043 0.7093726 0.6763052 -0.1984991 0.7094656 0.6783077 -0.1911994 0.7654017 0.6196647 -0.1737121 0.5118131 0.8257171 -0.2371471 0.5092883 0.827216 -0.2373583 0.5765609 0.7854281 -0.2251227 0.3836783 0.8881083 -0.2530903 0.3837035 0.8880981 -0.2530878 0.5674024 0.7911177 -0.2284455 0.5676816 0.7920036 -0.2246508 0.6424376 0.7372578 -0.209105 0.6360835 0.7427324 -0.2091563 0.7059517 0.6818917 -0.1914573 0.7814828 0.5999123 -0.171435 0.8203917 0.5500091 -0.156357 0.8446102 0.5135884 -0.1511974 0.8889553 0.4395032 -0.1288236 0.9989372 0.03539013 -0.02952975 0.9990584 0.03224343 -0.02902776 0.9990707 0.0324065 -0.0284177 0.9990707 0.0324099 -0.02841758 0.9990707 0.03241002 -0.02841717 0.9990705 0.03241354 -0.02841705 0.9990705 0.03241288 -0.02841943 0.9990704 0.03241652 -0.02841931 0.9990703 0.03241622 -0.0284205 0.9990702 0.03242027 -0.02842038 0.9990702 0.03242003 -0.02842128 0.9990699 0.03242874 -0.02842104 0.9990699 0.03242826 -0.02842283 0.9990696 0.03243494 -0.0284236 0.9990696 0.03243452 -0.02842527 0.9990693 0.03244203 -0.02842611 0.9991557 0.03008455 -0.02798229 0.9992831 0.0265184 -0.02701753 0.9992988 0.02597749 -0.02696394 0.9996121 0.01550775 -0.02313184 0.9996243 0.01425409 -0.02341246 0.9998133 -0.00388056 -0.01892757 0.9998169 -0.003833174 -0.01874983 0.9998169 -0.003821313 -0.01874721 0.9998169 -0.003822743 -0.01875263 0.999817 -0.003808438 -0.01874941 0.9998169 -0.003810226 -0.01875597 0.9998169 -0.003795742 -0.01875275 0.9998168 -0.003797531 -0.01875948 0.9998169 -0.003782629 -0.01875615 0.9998168 -0.003784716 -0.01876384 0.9998169 -0.003768146 -0.01876014 0.9998168 -0.003769934 -0.01876682 0.9998168 -0.003744244 -0.01876699 0.9998167 -0.003745973 -0.01877331 0.9998168 -0.003717839 -0.01877349 0.9998409 -0.006468653 -0.01662218 0.999745 -0.01656228 -0.01534897 0.9994242 -0.03283596 -0.008550822 0.9995358 -0.02786135 -0.01232445 0.9995899 -0.02516514 -0.01366823 0.9996014 -0.02501183 -0.01309257 0.9980451 -0.06249761 -1.81074e-4 0.9985064 -0.05438202 -0.005236804 0.9987776 -0.04883199 -0.007663369 0.9987953 -0.04859906 -0.006787776 0.9996019 -0.02499538 -0.01308858 0.9996017 -0.02499747 -0.01309627 0.9962453 -0.08647638 0.004133999 0.9965655 -0.08277493 0.002351999 0.9972522 -0.07407724 -8.77845e-4 0.9972692 -0.07385343 -3.51172e-5 0.998796 -0.04858553 -0.0067842 0.9987959 -0.04858732 -0.006790757 0.9996021 -0.02498018 -0.0130921 0.9996021 -0.02498233 -0.01310026 0.994664 -0.102921 0.007132828 0.9945419 -0.1040287 0.008034646 0.9949356 -0.1003286 0.006098568 0.9949536 -0.1000941 0.006982505 0.9972698 -0.07384467 -3.25991e-5 0.9972697 -0.07384592 -3.72736e-5 0.9987966 -0.04857361 -0.00678718 0.9987964 -0.04857552 -0.006794273 0.9996025 -0.02496665 -0.01309645 0.9996023 -0.02496868 -0.01310402 0.9928302 -0.1188846 0.01243853 0.9926776 -0.1201614 0.01234823 0.9906921 -0.1350653 0.01692551 0.9909164 -0.1335344 0.01592093 0.9918152 -0.1270212 0.01297259 0.991838 -0.1267219 0.01410335 0.9949536 -0.100093 0.006982862 0.9949536 -0.1000931 0.006982088 0.9972703 -0.0738371 -3.4738e-5 0.9972702 -0.07383829 -3.92166e-5 0.9987971 -0.04856091 -0.006790459 0.9987969 -0.04856282 -0.006797552 0.9996028 -0.02495247 -0.01310014 0.9996026 -0.02495461 -0.01310813 0.9882484 -0.1515673 0.01980841 0.9885292 -0.1496681 0.02023804 0.9856127 -0.1670359 0.02581518 0.9863774 -0.1627762 0.0237388 0.9879452 -0.153473 0.02025598 0.987964 -0.1532255 0.02119207 0.9918375 -0.1267261 0.01410186 0.9918376 -0.1267253 0.01410466 0.9949538 -0.1000917 0.006982564 0.9949538 -0.1000919 0.006981849 0.9972709 -0.07382959 -3.6719e-5 0.9972708 -0.07383072 -4.09862e-5 0.9987977 -0.04854798 -0.006793677 0.9987976 -0.04854989 -0.006800889 0.9996035 -0.02492195 -0.01310795 0.9996034 -0.02492403 -0.01311588 0.9846131 -0.1728243 0.02585965 0.9827061 -0.1827551 0.02981841 0.9821916 -0.1855357 0.02959805 0.9796347 -0.197987 0.03342151 0.97963 -0.1980515 0.03317707 0.9796275 -0.1980639 0.03317552 0.9796275 -0.1980633 0.03317797 0.9796252 -0.1980751 0.03317648 0.9796254 -0.1980735 0.03318297 0.9796229 -0.1980858 0.03318142 0.979623 -0.1980846 0.03318583 0.9796195 -0.1981019 0.03318375 0.9796196 -0.1981007 0.03318834 0.9796181 -0.1981083 0.03318738 0.9796183 -0.1981071 0.03319191 0.9796124 -0.1981357 0.0331937 0.9796125 -0.1981345 0.03319823 0.9796076 -0.1981586 0.03319978 0.9795898 -0.1981827 0.03357839 0.9769373 -0.210438 0.0361849 0.9769429 -0.2103627 0.03647059 0.9769401 -0.2103762 0.0364688 0.9769402 -0.2103753 0.03647172 0.9769375 -0.2103878 0.03647005 0.9769377 -0.210386 0.03647691 0.9769348 -0.2103997 0.03647506 0.9769349 -0.2103989 0.0364781 0.9769332 -0.2104068 0.03647702 0.9769333 -0.2104055 0.03648203 0.9769293 -0.2104241 0.03647947 0.9769295 -0.2104226 0.03648543 0.9769251 -0.2104425 0.03648656 0.9769252 -0.2104415 0.03649044 0.97692 -0.2104655 0.03649181 0.9763067 -0.2130279 0.03800284 0.9741364 -0.2225515 0.03910422 0.9741479 -0.2223972 0.03969019 0.9741451 -0.2224102 0.03968828 0.9741451 -0.2224093 0.03969138 0.9741433 -0.2224173 0.03969019 0.9741435 -0.2224159 0.03969514 0.9741404 -0.2224295 0.03969317 0.9741405 -0.2224282 0.03969848 0.9741376 -0.2224414 0.03969651 0.9741377 -0.2224406 0.03969949 0.9741358 -0.2224487 0.0396983 0.974136 -0.2224472 0.0397036 0.9741314 -0.2224671 0.03970462 0.9741315 -0.2224662 0.03970772 0.9741268 -0.2224865 0.03970873 0.972864 -0.2275193 0.04207748 0.9712478 -0.2343032 0.04218691 0.9712605 -0.2341338 0.0428307 0.9712585 -0.2341421 0.04282933 0.9712585 -0.2341413 0.04283273 0.9712568 -0.2341488 0.04283148 0.9712569 -0.2341481 0.04283422 0.971255 -0.2341558 0.04283297 0.9712552 -0.2341549 0.04283624 0.9712534 -0.2341622 0.04283505 0.9712535 -0.2341615 0.04283779 0.9712517 -0.2341691 0.0428366 0.9712518 -0.2341679 0.04284101 0.9712455 -0.2341939 0.04284209 0.9712457 -0.2341927 0.04284644 0.971242 -0.2342076 0.04284703 0.96929 -0.2416212 0.04578423 0.9682869 -0.2456744 0.04543709 0.9682958 -0.2455555 0.04588931 0.9682941 -0.2455624 0.04588812 0.9682942 -0.2455615 0.04589134 0.9682923 -0.2455689 0.04589003 0.9682924 -0.2455682 0.04589271 0.9682907 -0.2455751 0.04589152 0.9682909 -0.2455743 0.04589474 0.9682888 -0.2455819 0.04589337 0.968289 -0.2455812 0.04589629 0.9682887 -0.2455822 0.04589611 0.9682887 -0.2455824 0.04589539 0.9682866 -0.24559 0.04589563 0.9682879 -0.2455733 0.04595923 0.9663038 -0.2529672 0.04758781 0.9665171 -0.2521391 0.04765152 0.9665014 -0.2521956 0.04766935 0.9656084 -0.2553196 0.04911565 0.9653767 -0.2562268 0.04894381 0.9658943 -0.2544 0.04825788 0.9658941 -0.2544008 0.04825824 0.9658942 -0.2544003 0.04825794 0.9659004 -0.254369 0.04829931 0.9665269 -0.2521032 0.04764187 0.9719758 -0.2313157 0.04190528 0.9692942 -0.2417747 0.0448755 0.5609209 0.7954255 -0.2294907 0.5634252 0.793756 -0.2291364 0.5634264 0.7937755 -0.2290658 0.5646016 0.792979 -0.2289308 0.6287066 0.7467993 -0.2168384 0.6314365 0.7446342 -0.2163515 0.6314371 0.7446539 -0.2162815 0.6327782 0.7435749 -0.2160745 0.7836177 0.5954028 -0.1773098 0.7053752 0.6801881 -0.1994742 0.706922 0.678684 -0.1991212 0.7069221 0.6786944 -0.1990853 0.7076151 0.6780138 -0.1989431 0.9698632 0.2298151 -0.08093339 0.9695763 0.2309268 -0.08120822 0.969576 0.2309218 -0.08122599 0.9694467 0.2314234 -0.08134108 0.9834221 0.1693267 -0.06488162 0.9833195 0.1698697 -0.06501495 0.9833194 0.1698672 -0.06502473 0.9832681 0.1701398 -0.06508648 0.9909021 0.1238066 -0.05277359 0.9909283 0.1236163 -0.0527274 0.9909284 0.1236175 -0.05272328 0.990941 0.1235252 -0.05270284 0.9947828 0.09190893 -0.04427176 0.9948356 0.09139466 -0.04414856 0.9948359 0.09139817 -0.04413539 0.9948637 0.09112352 -0.04407626 0.9976736 0.05830937 -0.0353173 0.9981946 0.05009913 -0.03313076 0.9981956 0.05008167 -0.03312689 0.9985537 0.04363453 -0.03140974 0.9985535 0.04363906 -0.03141081 0.99883 0.03800195 -0.02990913 0.9988291 0.03802126 -0.02991342 0.9998167 -0.003544509 -0.01881998 0.9998166 -0.003642618 -0.01880085 0.9998168 -0.00364089 -0.01879435 0.9998167 -0.003693997 -0.01878726 0.9996083 -0.02469056 -0.01316976 0.9996058 -0.02480626 -0.01314759 0.999606 -0.02480411 -0.01313954 0.9996045 -0.02486574 -0.01313173 0.998808 -0.04832828 -0.006852567 0.9988034 -0.04842585 -0.006834149 0.9988035 -0.04842394 -0.006827056 0.9988011 -0.04847568 -0.006820797 0.9972812 -0.07368975 -7.40941e-5 0.9972769 -0.07374835 -6.32696e-5 0.997277 -0.07374709 -5.87366e-5 0.9972747 -0.07377839 -5.51864e-5 0.9949565 -0.1000643 0.006975293 0.9949554 -0.1000754 0.006977319 0.9949554 -0.1000752 0.006978213 0.9949549 -0.1000804 0.00697875 0.9879319 -0.153426 0.0212382 0.9918251 -0.1268206 0.01412677 0.9918298 -0.1267848 0.01412051 0.9918297 -0.1267856 0.01411736 0.9918321 -0.1267665 0.01411551 0.9795727 -0.1983234 0.03324407 0.9795925 -0.198229 0.03322404 0.9795924 -0.1982303 0.03321903 0.979603 -0.1981794 0.03321075 0.9768852 -0.2106199 0.03653335 0.9769049 -0.2105313 0.03651475 0.9769049 -0.2105325 0.03651016 0.9769146 -0.2104884 0.03650313 0.7827886 0.5964134 -0.1775757 0.7827889 0.596419 -0.1775555 0.7823592 0.5969417 -0.1776925 0.9967572 0.07060575 -0.03860038 0.9967574 0.07060796 -0.03859221 0.9976724 0.05832785 -0.03532195 0.9967684 0.07046741 -0.03856307 0.9981946 0.05009895 -0.03313142 0.9985538 0.04363304 -0.03140926 0.9985536 0.04363453 -0.03140956 0.9988304 0.0379914 -0.02990633 0.99883 0.03800219 -0.02990829 0.9879433 -0.1533554 0.02121931 0.9879434 -0.1533537 0.02122592 0.9879492 -0.1533175 0.02121609 0.9741118 -0.2225483 0.03972995 0.9741117 -0.2225494 0.03972542 0.9712386 -0.2342202 0.04285365 0.9741222 -0.2225046 0.03971844 0.9712303 -0.2342538 0.04285877 0.6346238 0.7421104 -0.215696 0.633975 0.742646 -0.2157605 0.633974 0.7426282 -0.2158249 0.6334123 0.7430909 -0.2158814 0.7085794 0.6770783 -0.198696 0.7083221 0.677336 -0.1987351 0.7083216 0.6773273 -0.1987668 0.7079481 0.6777008 -0.1988242 0.6346246 0.7421284 -0.2156316 0.7087513 0.6769101 -0.1986564 0.7085799 0.6770871 -0.1986646 0.781738 0.5976967 -0.1778886 0.7818431 0.5975626 -0.1778768 0.8455819 0.5108289 -0.1550653 0.8458402 0.5104151 -0.1550177 0.9090569 0.3974352 -0.1251425 0.9092708 0.3969478 -0.1251358 0.9471918 0.3044514 -0.1006832 0.9472222 0.3043602 -0.1006721 0.9692182 0.2322972 -0.08157247 0.9692521 0.2321614 -0.08155655 0.9831881 0.1705582 -0.06519967 0.9831954 0.1705177 -0.06519532 0.9909618 0.1233755 -0.05266129 0.9909585 0.1234012 -0.05266362 0.99491 0.09067583 -0.0439552 0.9949044 0.09073472 -0.04395908 0.9967898 0.07020342 -0.03849285 0.9967867 0.07024627 -0.03849452 0.9976716 0.0583412 -0.03532421 0.9976717 0.05833858 -0.03532433 0.9981934 0.05012011 -0.03313565 0.9981936 0.05011481 -0.03313595 0.9985538 0.04363167 -0.0314092 0.9985538 0.04363316 -0.03140914 0.7818434 0.5975674 -0.1778598 0.782011 0.5973589 -0.1778234 0.7820115 0.5973649 -0.1778013 0.7822258 0.5970982 -0.1777544 0.8458414 0.5104311 -0.15496 0.846417 0.5095276 -0.1547892 0.8464181 0.5095455 -0.1547251 0.8469817 0.5086594 -0.154556 0.9092729 0.3969782 -0.1250247 0.9097164 0.3960028 -0.1248911 0.9097186 0.3960359 -0.1247701 0.9101952 0.3949858 -0.1246234 0.9472225 0.3043627 -0.1006628 0.9472685 0.3042277 -0.1006368 0.9472687 0.3042302 -0.1006277 0.9473164 0.3040907 -0.1006007 0.9692525 0.2321665 -0.08153754 0.9693157 0.2319189 -0.08149033 0.969316 0.2319236 -0.08147293 0.96938 0.231673 -0.08142489 0.9831956 0.1705197 -0.06518775 0.9832188 0.1703945 -0.06516462 0.983219 0.1703971 -0.06515491 0.9832437 0.1702644 -0.06513023 0.9909583 0.1233997 -0.0526694 0.9909535 0.1234366 -0.0526759 0.9909534 0.1234357 -0.05267912 0.9909483 0.1234739 -0.05268585 0.9949042 0.0907312 -0.04397231 0.9948903 0.09087252 -0.04399549 0.9948899 0.09086889 -0.04400902 0.9948772 0.09099924 -0.04403048 0.9967864 0.07024389 -0.0385034 0.9967811 0.07031333 -0.03851377 0.9967811 0.070311 -0.03852242 0.9967749 0.07039099 -0.0385344 0.9976717 0.05833846 -0.03532475 0.997672 0.058335 -0.03532439 0.9976719 0.05833518 -0.03532379 0.9976722 0.05833142 -0.03532344 0.9981936 0.05011498 -0.03313523 0.9981937 0.05011481 -0.03313523 0.9981937 0.05011481 -0.03313517 0.9981939 0.0501092 -0.03313463 0.9985538 0.04363322 -0.03140896 0.9985539 0.04363143 -0.03140878 0.9985539 0.04363131 -0.03140926 0.9985538 0.04363453 -0.03140956 0.9993033 0.02605414 -0.02672314 0.9993031 0.02606105 -0.0267241 0.9993031 0.0260607 -0.02672547 0.9993029 0.02606666 -0.0267263 0.9996206 0.01424258 -0.02357327 0.9996205 0.0142548 -0.02357345 0.9996204 0.01425385 -0.02357691 0.9996202 0.01426815 -0.02357709 0.9993033 0.02605438 -0.02672231 0.9993034 0.02605396 -0.02672231 0.9993033 0.02605396 -0.02672225 0.9993035 0.02604812 -0.02672219 0.9993035 0.02604848 -0.02672076 0.9993036 0.02604252 -0.02672064 0.9993036 0.02604287 -0.02671927 0.9993038 0.02604252 -0.02671927 0.9993036 0.0260421 -0.02672064 0.9993036 0.02604252 -0.02672064 0.9996207 0.01424306 -0.02357155 0.9996208 0.01423925 -0.02357232 0.9996208 0.01423996 -0.02356952 0.9996209 0.01423346 -0.02357089 0.9996209 0.0142343 -0.02356791 0.9996209 0.01422762 -0.02356928 0.999621 0.01422846 -0.0235663 0.9996211 0.01422166 -0.02356773 0.9996212 0.01422244 -0.02356475 0.9996213 0.01421284 -0.02356678 0.9972712 -0.07382369 -4.316e-5 0.9972725 -0.07380765 -4.2676e-5 0.9972724 -0.07380884 -4.71413e-5 0.9972736 -0.07379263 -4.66599e-5 0.994954 -0.1000893 0.006980836 0.9949544 -0.1000857 0.006980955 0.9949544 -0.1000859 0.006980121 0.9949547 -0.1000825 0.00698024 0.9972714 -0.07382249 -3.86301e-5 0.9949539 -0.10009 0.006981313 0.994954 -0.100089 0.006981611 0.9918362 -0.1267358 0.01410681 0.9918357 -0.1267396 0.01410549 0.9879597 -0.1532517 0.02119916 0.9879579 -0.1532643 0.02119433 0.9846153 -0.1727295 0.02640372 0.9846135 -0.1727396 0.02640271 0.9821867 -0.185525 0.02982628 0.9821838 -0.1855411 0.02982449 0.9918358 -0.1267389 0.01410812 0.9918345 -0.126749 0.01410752 0.9918345 -0.1267481 0.01411092 0.9918331 -0.1267591 0.0141102 0.9879581 -0.1532624 0.02120131 0.987955 -0.1532823 0.02119964 0.9879551 -0.1532806 0.0212062 0.9879522 -0.1532999 0.02120459 0.9846137 -0.1727385 0.02640676 0.9846096 -0.1727617 0.02640849 0.9846097 -0.1727606 0.02641284 0.9846054 -0.1727844 0.02641463 0.9821839 -0.1855396 0.02983009 0.9821797 -0.1855615 0.02983158 0.9821798 -0.1855605 0.02983576 0.9821746 -0.1855873 0.0298376 0.9987989 -0.04852354 -0.006800472 0.9987987 -0.04852545 -0.006807625 0.9996041 -0.02489411 -0.01311576 0.9988 -0.04849833 -0.006807208 0.5657733 0.7922008 -0.2287324 0.5657741 0.7922185 -0.2286688 0.5651689 0.7926223 -0.2287663 0.6354951 0.7414169 -0.2155155 0.6352123 0.7416604 -0.2155119 0.6352114 0.7416431 -0.2155737 0.7090446 0.6766244 -0.1985828 0.7090452 0.6766344 -0.1985469 0.7814893 0.5979983 -0.177968 0.781489 0.5979925 -0.1779891 0.8445437 0.5124163 -0.1554849 0.7092077 0.6764662 -0.1985399 0.635496 0.7414346 -0.215452 0.8450304 0.5116732 -0.1552875 0.845318 0.5112134 -0.155236 0.8453192 0.5112315 -0.1551706 0.8455809 0.5108129 -0.1551231 0.9086349 0.3983229 -0.1253855 0.9088302 0.3978783 -0.1253816 0.9088323 0.3979089 -0.1252691 0.9090548 0.3974022 -0.1252634 0.8450294 0.5116576 -0.1553441 0.9084186 0.3987801 -0.1255 0.9086328 0.3982925 -0.125497 0.9471203 0.304654 -0.1007429 0.947136 0.304607 -0.1007373 0.969133 0.2326224 -0.08165895 0.9691655 0.2324921 -0.08164405 0.9831528 0.1707434 -0.06524884 0.9831644 0.1706789 -0.06524217 0.9909701 0.1233137 -0.05264812 0.9909667 0.1233409 -0.05265051 0.9949297 0.09048324 -0.04390633 0.9949241 0.09054237 -0.04391014 0.9967983 0.07009762 -0.03846663 0.9967953 0.07013732 -0.03846812 0.9976712 0.05834484 -0.03532755 0.9976713 0.05834382 -0.03532761 0.9981933 0.05011993 -0.03313738 0.9981934 0.0501194 -0.03313738 0.9985539 0.04363155 -0.03140938 0.9985538 0.04363352 -0.03140926 0.9471362 0.3046101 -0.100726 0.9471643 0.3045261 -0.1007161 0.9471644 0.3045278 -0.1007099 0.9471915 0.3044468 -0.1007001 0.9691658 0.2324971 -0.08162569 0.9691991 0.2323636 -0.08161032 0.9691994 0.2323676 -0.08159542 0.9692179 0.2322933 -0.08158677 0.9831646 0.1706815 -0.06523269 0.9831719 0.170641 -0.0652284 0.9831721 0.1706436 -0.06521862 0.983188 0.1705555 -0.06520932 0.9909666 0.1233404 -0.05265223 0.9909655 0.1233494 -0.05265301 0.9909654 0.1233482 -0.05265724 0.9909618 0.1233759 -0.05265969 0.9949238 0.09053933 -0.04392147 0.9949171 0.09061175 -0.04392617 0.9949169 0.09060817 -0.04393947 0.9949102 0.09067881 -0.04394412 0.9967952 0.07013559 -0.03847467 0.9967923 0.07017672 -0.03847622 0.9967921 0.07017433 -0.03848505 0.9967898 0.07020521 -0.03848618 0.9976713 0.05834448 -0.03532528 0.9976715 0.05834192 -0.0353254 0.9976714 0.05834156 -0.03532671 0.9976715 0.05834048 -0.03532671 0.9981934 0.05011981 -0.03313571 0.9981933 0.05012029 -0.03313571 0.9981933 0.05011987 -0.03313738 0.9981934 0.05011963 -0.03313738 0.9985537 0.04363381 -0.03140819 0.9985539 0.04363024 -0.03140842 0.9985539 0.04363012 -0.0314089 0.9985538 0.04363179 -0.03140878 0.9879626 -0.1532341 0.02119445 0.9879608 -0.1532464 0.02118974 0.9879609 -0.1532448 0.02119588 0.9879596 -0.1532534 0.02119266 0.9846197 -0.1727057 0.02639752 0.9846177 -0.1727172 0.02639639 0.9846178 -0.1727158 0.02640151 0.9846153 -0.1727304 0.02640008 0.9879625 -0.1532357 0.02118819 0.9846221 -0.1726922 0.02639555 0.9846197 -0.1727066 0.02639412 0.9821939 -0.185489 0.02981686 0.9821906 -0.1855066 0.02981495 0.9821907 -0.1855051 0.02982062 0.9821887 -0.1855157 0.02981942 0.9821888 -0.1855147 0.02982336 0.9821867 -0.185526 0.02982211 0.991837 -0.1267302 0.01410299 0.991837 -0.1267293 0.01410627 0.9949539 -0.1000897 0.006982505 0.9918361 -0.1267367 0.01410371 0.7816404 0.5978091 -0.1779401 0.7816407 0.5978147 -0.1779198 0.7087519 0.6769198 -0.1986212 0.7817376 0.5976911 -0.1779091 0.5668371 0.7914949 -0.228542 0.5668379 0.7915103 -0.228487 0.5666025 0.7916674 -0.2285266 0.9846236 -0.1726839 0.02639132 0.9821938 -0.1854901 0.02981257 0.9821959 -0.1854788 0.02981382 0.984622 -0.1726936 0.02639037 0.9958739 -0.0906381 0.004453361 0.997563 -0.06976276 -0.001128494 0.99908 -0.04202485 -0.008544206 0.9985539 0.04363173 -0.03140878 0.9985539 0.0436297 -0.0314089 0.9981933 0.05011987 -0.0331375 0.998193 0.05012524 -0.0331372 0.9976713 0.05834519 -0.03532624 0.9976711 0.0583477 -0.03532612 0.9967984 0.07010048 -0.03845596 0.9968014 0.07005941 -0.03845441 0.9949299 0.09048682 -0.04389303 0.9949352 0.09042972 -0.04388934 0.9909703 0.1233158 -0.05264061 0.9909737 0.1232896 -0.05263835 0.9831526 0.1707419 -0.06525462 0.9831417 0.1708022 -0.06526088 0.9691326 0.2326186 -0.08167296 0.9691081 0.2327168 -0.08168411 0.9471201 0.3046522 -0.1007494 0.9470925 0.304735 -0.100759 0.9084165 0.3987498 -0.1256107 0.7092082 0.6764756 -0.1985059 0.7813923 0.5981157 -0.1779991 0.5676349 0.7909625 -0.2284053 0.5674031 0.7911334 -0.2283892 0.6360062 0.7410096 -0.2154085 0.5666016 0.7916484 -0.2285946 -0.5353237 0.8168233 -0.2150074 -0.5375418 0.8154184 -0.2148062 -0.6361769 0.7463386 -0.1955955 -0.6395764 0.7435469 -0.1951419 -0.7266947 0.6647317 -0.1733395 -0.7291762 0.6621596 -0.1727623 -0.789541 0.5940123 -0.1541893 -0.7913357 0.5918002 -0.1534944 -0.8442062 0.5189874 -0.1340445 -0.8519899 0.5070523 -0.1304267 -0.8902763 0.4411442 -0.1131373 -0.9020597 0.4182885 -0.1064087 -0.9409804 0.3280842 -0.08316648 -0.9530029 0.2941853 -0.07239258 -0.9725639 0.225948 -0.05537897 -0.980664 0.1903632 -0.04538738 -0.9846157 0.170001 -0.04039484 -0.9898754 0.1383838 -0.03156864 -0.991627 0.1259354 -0.02857059 -0.9947604 0.09997892 -0.02134966 -0.9954515 0.09320038 -0.01974827 -0.9971037 0.07464051 -0.01459211 -0.99744 0.07021003 -0.01356506 -0.9984348 0.05513769 -0.00936985 -0.9980782 0.0609287 -0.01129198 -0.9988332 0.04760211 -0.008135259 -0.9989456 0.04529017 -0.007521927 -0.9990271 0.04353982 -0.007000744 -0.9991562 0.04062896 -0.006020665 -0.9992207 0.03909605 -0.005435228 -0.9993113 0.03676861 -0.004989385 -0.9994768 0.03211027 -0.003879547 -0.999638 0.0268048 -0.002339303 -0.9999378 0.01065522 0.003274559 -0.9997704 0.02137285 0.001558005 -0.9999362 0.01060825 0.003894567 -0.9997673 -0.01692825 0.01336771 -0.9999181 -0.005473852 0.01157414 -0.9994928 -0.02652597 0.01761883 -0.9987345 -0.0436474 0.02498894 -0.9983195 -0.05137866 0.02680379 -0.9969215 -0.07062608 0.03405153 -0.9963952 -0.077156 0.03526121 -0.994348 -0.09752035 0.04197299 -0.9936445 -0.1040672 0.04290223 -0.9900506 -0.1312274 0.05078613 -0.9910531 -0.1246324 0.04775387 -0.985709 -0.1586693 0.05658459 -0.9870173 -0.1514632 0.05343759 -0.9806997 -0.1855795 0.06154972 -0.9822582 -0.1782037 0.05841588 -0.9765965 -0.2051741 0.06451958 -0.973691 -0.2173524 0.06843823 -0.976769 -0.2047958 0.06309467 -0.9707276 -0.2301132 0.06881761 -0.9676565 -0.2416019 0.0725907 -0.970545 -0.2311299 0.0679816 -0.9645513 -0.2535063 0.07331669 -0.963571 -0.2568694 0.07449084 -0.9613943 -0.2645614 0.07568454 0.9657635 -0.2518963 0.0620408 0.965779 -0.2518389 0.06203299 0.9694395 -0.2382813 0.05838727 0.969491 -0.2380789 0.05835855 0.9730127 -0.2241954 0.05461513 0.9731026 -0.2238179 0.0545594 0.976459 -0.209653 0.05072891 0.9765921 -0.2090542 0.05063712 0.9797503 -0.1946913 0.04674041 0.9799239 -0.1938481 0.04660654 0.9828605 -0.1793471 0.0426582 0.9830734 -0.1782214 0.04247337 0.985764 -0.1636688 0.038495 0.9860084 -0.1622467 0.03825414 0.9884341 -0.1477282 0.03426724 0.9887037 -0.1459848 0.03396302 0.9908501 -0.1315929 0.02999109 0.9911332 -0.1295288 0.02962052 0.9929913 -0.1153617 0.02568876 0.9932776 -0.1129693 0.02524757 0.9948446 -0.09913128 0.02138322 0.9951217 -0.09642183 0.02087032 0.9964007 -0.08302479 0.01710343 0.9966569 -0.08001363 0.01651877 0.9981653 -0.05959045 0.01073312 0.9983722 -0.05609542 0.01031148 0.9995513 -0.02982711 0.002737939 0.999662 -0.02590078 0.002210319 0.9999848 -0.00322622 -0.004464745 0.9999866 9.93953e-4 -0.005087971 0.9997667 0.01888287 -0.01048487 0.9996653 0.02332097 -0.01119804 0.9994559 0.03017377 -0.01332437 0.9993285 0.03374034 -0.01428967 0.9991136 0.03913331 -0.01551222 0.9993039 0.03421908 -0.01486563 0.9987103 0.04658985 -0.02017474 0.9980486 0.05775958 -0.02372258 0.9988713 0.04284065 -0.02051383 0.9971444 0.06999599 -0.02834886 0.9959746 0.08384734 -0.03168994 0.9961074 0.08242559 -0.03124141 0.994291 0.1003997 -0.03612989 0.9908785 0.1278566 -0.04257142 0.9876887 0.1492422 -0.04687935 0.980601 0.1874372 -0.05735003 0.968932 0.2377741 -0.06807476 0.9501761 0.2996565 -0.08585762 0.9395358 0.3296483 -0.09275978 0.8963986 0.4270061 -0.1188918 0.8890042 0.441002 -0.1232427 0.8362565 0.528831 -0.1449584 0.8204279 0.5512946 -0.1515662 0.7654312 0.6208071 -0.1694509 0.7634589 0.6230966 -0.1699448 0.7059907 0.6832942 -0.1862426 0.6884391 0.6999864 -0.1899226 0.6425049 0.7394332 -0.201062 0.6184301 0.7585637 -0.2052443 0.5766634 0.7884974 -0.2138482 0.5306748 0.8185319 -0.2199771 0.5119317 0.8293282 -0.223921 0.005151391 0.2577044 0.9662101 0.005157887 0.2577036 0.9662103 0.005142033 0.2577052 0.96621 0.005146503 0.2577045 0.9662101 0.005142152 0.2577041 0.9662102 0.00514096 0.2577056 0.9662098 0.005145311 0.2577049 0.96621 0.005149185 0.2577043 0.9662101 0.005156636 0.2577037 0.9662103 0.005156219 0.2577037 0.9662103 0.005148708 0.2577046 0.9662101 0.005153417 0.2577039 0.9662101 0.005139589 0.2577059 0.9662097 0.0051319 0.2577075 0.9662094 0.005141377 0.2577058 0.9662098 0.005166947 0.2577006 0.966211 0.005086898 0.2577146 0.9662078 0.005163908 0.257699 0.9662114 0.005224764 0.2576851 0.9662148 0.005105078 0.257717 0.9662069 0.005138099 0.2577056 0.9662099 0.005146443 0.2577011 0.966211 0.005147993 0.2577065 0.9662095 0.005148351 0.2577051 0.9662099 0.00514847 0.2577067 0.9662095 0.005146026 0.2577011 0.966211 0.005145549 0.2577033 0.9662104 0.005145668 0.2577037 0.9662103 0.005150377 0.2577096 0.9662088 0.005150437 0.2577069 0.9662094 0.005148172 0.2577038 0.9662103 0.005147039 0.2577056 0.9662098 0.005145251 0.2577028 0.9662105 0.005147635 0.2577047 0.96621 0.005185067 0.2577084 0.9662088 0.005103826 0.2576993 0.9662117 0.005143344 0.2577042 0.9662102 0.005155563 0.257706 0.9662096 0.005143046 0.2577039 0.9662103 0.00516051 0.2577075 0.9662092 0.005150854 0.2577058 0.9662097 0.005146205 0.2577047 0.96621 0.005146622 0.2577048 0.96621 0.005150794 0.2577055 0.9662098 0.005138576 0.2577029 0.9662106 0.005121588 0.2576996 0.9662116 0.005188703 0.25771 0.9662083 0.005138337 0.2577034 0.9662104 0.005140841 0.2577038 0.9662103 0.005133926 0.2577029 0.9662105</float_array>
          <technique_common>
            <accessor source="#Daggerboard_001-mesh-normals-array" count="2114" stride="3">
              <param name="X" type="float"/>
              <param name="Y" type="float"/>
              <param name="Z" type="float"/>
            </accessor>
          </technique_common>
        </source>
        <vertices id="Daggerboard_001-mesh-vertices">
          <input semantic="POSITION" source="#Daggerboard_001-mesh-positions"/>
        </vertices>
        <triangles count="2114">
          <input semantic="VERTEX" source="#Daggerboard_001-mesh-vertices" offset="0"/>
          <input semantic="NORMAL" source="#Daggerboard_001-mesh-normals" offset="1"/>
          <p>0 0 1 0 2 0 2 1 1 1 3 1 2 2 3 2 4 2 4 3 3 3 5 3 5 4 3 4 6 4 6 5 3 5 7 5 7 6 3 6 8 6 8 7 3 7 9 7 9 8 3 8 10 8 10 9 3 9 11 9 10 10 11 10 12 10 12 11 11 11 13 11 13 12 11 12 14 12 14 13 11 13 15 13 15 14 11 14 16 14 15 15 16 15 17 15 17 16 16 16 18 16 18 17 16 17 19 17 18 18 19 18 20 18 20 19 19 19 21 19 21 20 19 20 22 20 21 21 22 21 23 21 23 22 22 22 24 22 4 23 25 23 2 23 2 24 25 24 26 24 26 25 25 25 27 25 26 26 27 26 28 26 28 27 27 27 29 27 28 28 29 28 30 28 30 29 29 29 31 29 30 30 31 30 32 30 32 31 31 31 33 31 32 32 33 32 34 32 2 33 35 33 0 33 0 34 35 34 36 34 0 35 36 35 37 35 37 36 38 36 0 36 0 37 38 37 39 37 0 38 39 38 40 38 40 39 39 39 41 39 40 40 41 40 42 40 42 41 43 41 40 41 40 42 43 42 44 42 44 43 43 43 45 43 44 44 45 44 46 44 46 45 47 45 44 45 44 46 47 46 48 46 48 47 47 47 49 47 48 48 49 48 50 48 50 49 51 49 48 49 48 50 51 50 52 50 48 51 52 51 53 51 53 52 52 52 54 52 54 53 52 53 55 53 56 54 1 54 57 54 57 55 1 55 0 55 57 56 0 56 58 56 58 57 0 57 40 57 58 58 40 58 59 58 59 59 40 59 60 59 59 60 60 60 61 60 61 61 60 61 62 61 61 62 62 62 63 62 63 63 62 63 64 63 63 64 64 64 65 64 65 65 64 65 66 65 65 66 66 66 67 66 67 67 66 67 68 67 67 68 68 68 69 68 69 69 68 69 70 69 69 70 70 70 71 70 71 71 70 71 72 71 71 72 72 72 73 72 73 73 72 73 74 73 73 74 74 74 75 74 75 75 74 75 76 75 75 76 76 76 77 76 77 77 76 77 78 77 77 78 78 78 79 78 79 79 78 79 80 79 79 80 80 80 81 80 81 81 80 81 82 81 81 82 82 82 83 82 83 83 82 83 84 83 83 84 84 84 85 84 85 85 84 85 86 85 85 86 86 86 87 86 87 87 86 87 88 87 88 88 86 88 89 88 88 89 89 89 90 89 90 90 89 90 91 90 90 91 91 91 92 91 92 92 91 92 93 92 92 93 93 93 94 93 94 94 93 94 95 94 94 95 95 95 96 95 96 96 95 96 97 96 96 97 97 97 98 97 98 98 97 98 99 98 98 99 99 99 100 99 100 100 99 100 101 100 100 101 101 101 102 101 102 102 101 102 103 102 102 103 103 103 104 103 104 104 103 104 105 104 104 105 105 105 106 105 106 106 105 106 107 106 106 107 107 107 108 107 108 108 107 108 109 108 108 109 109 109 110 109 110 110 109 110 111 110 110 111 111 111 112 111 112 112 111 112 113 112 112 113 113 113 114 113 114 114 113 114 115 114 114 115 115 115 116 115 116 116 115 116 117 116 116 117 117 117 118 117 118 118 117 118 119 118 118 119 119 119 120 119 120 120 119 120 121 120 120 121 121 121 122 121 122 122 121 122 123 122 122 123 123 123 124 123 124 124 123 124 125 124 124 125 125 125 126 125 126 126 125 126 127 126 126 127 127 127 128 127 128 128 127 128 129 128 128 129 129 129 130 129 130 130 129 130 131 130 130 131 131 131 132 131 132 132 131 132 133 132 132 133 133 133 134 133 134 134 133 134 135 134 134 135 135 135 136 135 136 136 135 136 137 136 136 137 137 137 138 137 138 138 137 138 139 138 138 139 139 139 140 139 140 140 139 140 141 140 140 141 141 141 142 141 142 142 141 142 143 142 142 143 143 143 144 143 144 144 143 144 145 144 144 145 145 145 146 145 146 146 145 146 147 146 146 147 147 147 148 147 148 148 147 148 149 148 148 149 149 149 150 149 150 150 149 150 151 150 150 151 151 151 152 151 152 152 151 152 153 152 152 153 153 153 154 153 40 154 44 154 60 154 60 155 44 155 155 155 60 156 155 156 62 156 62 157 155 157 156 157 62 158 156 158 64 158 64 159 156 159 157 159 64 160 157 160 66 160 66 161 157 161 158 161 66 162 158 162 68 162 68 163 158 163 159 163 68 164 159 164 70 164 70 165 159 165 160 165 70 166 160 166 72 166 72 167 160 167 161 167 72 168 161 168 74 168 74 169 161 169 162 169 74 170 162 170 76 170 76 171 162 171 163 171 76 172 163 172 78 172 78 173 163 173 164 173 78 174 164 174 80 174 80 175 164 175 165 175 80 176 165 176 82 176 82 177 165 177 166 177 82 178 166 178 84 178 84 179 166 179 167 179 84 180 167 180 86 180 86 181 167 181 89 181 44 182 48 182 155 182 155 183 48 183 168 183 155 184 168 184 156 184 156 185 168 185 169 185 156 186 169 186 157 186 157 187 169 187 170 187 157 188 170 188 158 188 158 189 170 189 171 189 158 190 171 190 159 190 159 191 171 191 172 191 159 192 172 192 160 192 160 193 172 193 173 193 160 194 173 194 161 194 161 195 173 195 174 195 161 196 174 196 162 196 162 197 174 197 175 197 162 198 175 198 163 198 163 199 175 199 176 199 163 200 176 200 164 200 164 201 176 201 177 201 164 202 177 202 165 202 165 203 177 203 178 203 165 204 178 204 166 204 166 205 178 205 179 205 166 206 179 206 167 206 167 207 179 207 180 207 167 208 180 208 89 208 89 209 180 209 91 209 168 210 48 210 181 210 181 211 48 211 53 211 181 212 53 212 182 212 182 213 53 213 54 213 182 214 54 214 183 214 183 215 54 215 55 215 183 216 55 216 184 216 184 217 55 217 52 217 184 218 52 218 51 218 184 219 51 219 185 219 185 220 51 220 50 220 185 221 50 221 186 221 186 222 50 222 49 222 186 223 49 223 187 223 187 224 49 224 47 224 187 225 47 225 188 225 188 226 47 226 46 226 188 227 46 227 189 227 189 228 46 228 45 228 189 229 45 229 190 229 190 230 45 230 43 230 190 231 43 231 191 231 191 232 43 232 42 232 191 233 42 233 192 233 192 234 42 234 41 234 192 235 41 235 193 235 193 236 41 236 194 236 193 237 194 237 195 237 195 238 194 238 196 238 195 239 196 239 197 239 197 240 196 240 198 240 197 241 198 241 199 241 199 242 198 242 200 242 199 243 200 243 201 243 201 244 200 244 202 244 201 245 202 245 203 245 203 246 202 246 204 246 203 247 204 247 205 247 205 248 204 248 206 248 205 249 206 249 207 249 207 250 206 250 208 250 207 251 208 251 209 251 209 252 208 252 210 252 209 253 210 253 211 253 211 254 210 254 212 254 211 255 212 255 213 255 213 256 212 256 214 256 213 257 214 257 215 257 215 258 214 258 216 258 215 259 216 259 117 259 117 260 216 260 119 260 41 261 39 261 194 261 194 262 39 262 217 262 194 263 217 263 196 263 196 264 217 264 218 264 196 265 218 265 198 265 198 266 218 266 219 266 198 267 219 267 200 267 200 268 219 268 220 268 200 269 220 269 202 269 202 270 220 270 221 270 202 271 221 271 204 271 204 272 221 272 222 272 204 273 222 273 206 273 206 274 222 274 223 274 206 275 223 275 208 275 208 276 223 276 224 276 208 277 224 277 210 277 210 278 224 278 225 278 210 279 225 279 212 279 212 280 225 280 226 280 212 281 226 281 214 281 214 282 226 282 227 282 214 283 227 283 216 283 216 284 227 284 228 284 216 285 228 285 119 285 119 286 228 286 121 286 38 287 229 287 39 287 39 288 229 288 230 288 39 289 230 289 217 289 217 290 230 290 218 290 37 291 231 291 38 291 38 292 231 292 232 292 38 293 232 293 229 293 229 294 232 294 233 294 229 295 233 295 234 295 234 296 233 296 235 296 234 297 235 297 219 297 219 298 235 298 220 298 231 299 37 299 236 299 236 300 37 300 36 300 236 301 36 301 237 301 237 302 36 302 35 302 237 303 35 303 238 303 238 304 35 304 239 304 238 305 239 305 240 305 240 306 239 306 241 306 240 307 241 307 242 307 242 308 241 308 243 308 242 309 243 309 244 309 244 310 243 310 245 310 244 311 245 311 246 311 246 312 245 312 247 312 246 313 247 313 248 313 248 314 247 314 249 314 248 315 249 315 250 315 250 316 249 316 251 316 250 317 251 317 252 317 252 318 251 318 253 318 252 319 253 319 254 319 254 320 253 320 255 320 254 321 255 321 256 321 256 322 255 322 257 322 256 323 257 323 258 323 258 324 257 324 259 324 258 325 259 325 260 325 260 326 259 326 261 326 260 327 261 327 135 327 135 328 261 328 137 328 35 329 2 329 239 329 239 330 2 330 262 330 239 331 262 331 241 331 241 332 262 332 263 332 241 333 263 333 243 333 243 334 263 334 264 334 243 335 264 335 245 335 245 336 264 336 265 336 245 337 265 337 247 337 247 338 265 338 266 338 247 339 266 339 249 339 249 340 266 340 267 340 249 341 267 341 251 341 251 342 267 342 268 342 251 343 268 343 253 343 253 344 268 344 269 344 253 345 269 345 255 345 255 346 269 346 270 346 255 347 270 347 257 347 257 348 270 348 271 348 257 349 271 349 259 349 259 350 271 350 272 350 259 351 272 351 261 351 261 352 272 352 273 352 261 353 273 353 137 353 137 354 273 354 139 354 2 355 26 355 262 355 262 356 26 356 274 356 262 357 274 357 263 357 263 358 274 358 275 358 263 359 275 359 264 359 264 360 275 360 276 360 264 361 276 361 265 361 265 362 276 362 277 362 265 363 277 363 266 363 266 364 277 364 278 364 266 365 278 365 267 365 267 366 278 366 279 366 267 367 279 367 268 367 268 368 279 368 280 368 268 369 280 369 269 369 269 370 280 370 281 370 269 371 281 371 270 371 270 372 281 372 282 372 270 373 282 373 271 373 271 374 282 374 283 374 271 375 283 375 272 375 272 376 283 376 284 376 272 377 284 377 273 377 273 378 284 378 285 378 273 379 285 379 139 379 139 380 285 380 141 380 26 381 28 381 274 381 274 382 28 382 286 382 274 383 286 383 275 383 275 384 286 384 287 384 275 385 287 385 276 385 276 386 287 386 288 386 276 387 288 387 277 387 277 388 288 388 289 388 277 389 289 389 278 389 278 390 289 390 290 390 278 391 290 391 279 391 279 392 290 392 291 392 279 393 291 393 280 393 280 394 291 394 292 394 280 395 292 395 281 395 281 396 292 396 293 396 281 397 293 397 282 397 282 398 293 398 294 398 282 399 294 399 283 399 283 400 294 400 295 400 283 401 295 401 284 401 284 402 295 402 296 402 284 403 296 403 285 403 285 404 296 404 297 404 285 405 297 405 141 405 141 406 297 406 143 406 28 407 30 407 286 407 286 408 30 408 298 408 286 409 298 409 287 409 287 410 298 410 299 410 287 411 299 411 288 411 288 412 299 412 300 412 288 413 300 413 289 413 289 414 300 414 301 414 289 415 301 415 290 415 290 416 301 416 302 416 290 417 302 417 291 417 291 418 302 418 303 418 291 419 303 419 292 419 292 420 303 420 304 420 292 421 304 421 293 421 293 422 304 422 305 422 293 423 305 423 294 423 294 424 305 424 306 424 294 425 306 425 295 425 295 426 306 426 307 426 295 427 307 427 296 427 296 428 307 428 308 428 296 429 308 429 297 429 297 430 308 430 309 430 297 431 309 431 143 431 143 432 309 432 145 432 30 433 32 433 298 433 298 434 32 434 310 434 298 435 310 435 299 435 299 436 310 436 311 436 299 437 311 437 300 437 300 438 311 438 312 438 300 439 312 439 301 439 301 440 312 440 313 440 301 441 313 441 302 441 302 442 313 442 314 442 302 443 314 443 303 443 303 444 314 444 315 444 303 445 315 445 304 445 304 446 315 446 316 446 304 447 316 447 305 447 305 448 316 448 317 448 305 449 317 449 306 449 306 450 317 450 318 450 306 451 318 451 307 451 307 452 318 452 319 452 307 453 319 453 308 453 308 454 319 454 320 454 308 455 320 455 309 455 309 456 320 456 321 456 309 457 321 457 145 457 145 458 321 458 147 458 32 459 34 459 310 459 310 460 34 460 322 460 310 461 322 461 323 461 310 462 323 462 324 462 324 463 323 463 325 463 324 464 325 464 326 464 327 465 328 465 326 465 326 466 328 466 329 466 326 467 329 467 330 467 330 468 329 468 312 468 330 469 312 469 311 469 331 470 332 470 327 470 327 471 332 471 333 471 327 472 333 472 334 472 334 473 333 473 335 473 334 474 335 474 336 474 336 475 335 475 317 475 336 476 317 476 316 476 337 477 153 477 331 477 331 478 153 478 338 478 331 479 338 479 339 479 339 480 338 480 340 480 339 481 340 481 341 481 341 482 340 482 321 482 341 483 321 483 320 483 152 484 154 484 150 484 150 485 154 485 342 485 150 486 342 486 148 486 148 487 342 487 343 487 148 488 343 488 344 488 148 489 344 489 146 489 146 490 344 490 345 490 146 491 345 491 144 491 144 492 345 492 346 492 144 493 346 493 142 493 142 494 346 494 347 494 142 495 347 495 140 495 140 496 347 496 138 496 347 497 348 497 138 497 138 498 348 498 136 498 348 499 349 499 136 499 136 500 349 500 134 500 349 501 350 501 134 501 134 502 350 502 132 502 350 503 351 503 132 503 132 504 351 504 130 504 130 505 351 505 128 505 128 506 351 506 352 506 128 507 352 507 126 507 126 508 352 508 353 508 126 509 353 509 124 509 124 510 353 510 122 510 353 511 354 511 122 511 122 512 354 512 120 512 120 513 354 513 118 513 118 514 354 514 355 514 118 515 355 515 116 515 116 516 355 516 356 516 116 517 356 517 357 517 116 518 357 518 114 518 114 519 357 519 358 519 114 520 358 520 112 520 112 521 358 521 359 521 112 522 359 522 360 522 112 523 360 523 110 523 110 524 360 524 361 524 110 525 361 525 108 525 108 526 361 526 362 526 108 527 362 527 106 527 106 528 362 528 363 528 106 529 363 529 104 529 104 530 363 530 102 530 363 531 364 531 102 531 102 532 364 532 100 532 364 533 365 533 100 533 100 534 365 534 366 534 100 535 366 535 98 535 98 536 366 536 96 536 87 537 367 537 85 537 85 538 367 538 368 538 85 539 368 539 83 539 83 540 368 540 369 540 83 541 369 541 81 541 81 542 369 542 370 542 81 543 370 543 79 543 79 544 370 544 371 544 79 545 371 545 77 545 77 546 371 546 372 546 77 547 372 547 75 547 75 548 372 548 373 548 75 549 373 549 73 549 73 550 373 550 374 550 73 551 374 551 71 551 71 552 374 552 375 552 71 553 375 553 69 553 69 554 375 554 376 554 69 555 376 555 67 555 67 556 376 556 377 556 67 557 377 557 65 557 65 558 377 558 378 558 65 559 378 559 63 559 63 560 378 560 379 560 63 561 379 561 61 561 61 562 379 562 380 562 61 563 380 563 59 563 59 564 380 564 58 564 367 565 381 565 368 565 368 566 381 566 382 566 368 567 382 567 369 567 369 568 382 568 383 568 369 569 383 569 370 569 370 570 383 570 384 570 370 571 384 571 371 571 371 572 384 572 385 572 371 573 385 573 372 573 372 574 385 574 386 574 372 575 386 575 373 575 373 576 386 576 387 576 373 577 387 577 374 577 374 578 387 578 388 578 374 579 388 579 375 579 375 580 388 580 389 580 375 581 389 581 376 581 376 582 389 582 390 582 376 583 390 583 377 583 377 584 390 584 391 584 377 585 391 585 378 585 378 586 391 586 392 586 378 587 392 587 379 587 379 588 392 588 393 588 379 589 393 589 380 589 380 590 393 590 394 590 380 591 394 591 58 591 58 592 394 592 57 592 381 593 395 593 382 593 382 594 395 594 396 594 382 595 396 595 383 595 383 596 396 596 384 596 384 597 396 597 385 597 385 598 396 598 397 598 385 599 397 599 386 599 386 600 397 600 387 600 398 601 389 601 397 601 397 602 389 602 388 602 397 603 388 603 387 603 399 604 394 604 398 604 398 605 394 605 393 605 398 606 393 606 392 606 394 607 399 607 57 607 57 608 399 608 56 608 338 609 153 609 151 609 331 610 339 610 400 610 400 611 339 611 341 611 400 612 341 612 401 612 401 613 341 613 320 613 401 614 320 614 319 614 327 615 334 615 402 615 402 616 334 616 336 616 402 617 336 617 403 617 403 618 336 618 316 618 403 619 316 619 315 619 391 620 390 620 398 620 398 621 390 621 389 621 391 622 398 622 392 622 311 623 310 623 324 623 330 624 311 624 324 624 237 625 238 625 404 625 404 626 238 626 240 626 404 627 240 627 405 627 405 628 240 628 242 628 405 629 242 629 406 629 406 630 242 630 244 630 406 631 244 631 407 631 407 632 244 632 246 632 407 633 246 633 408 633 408 634 246 634 248 634 408 635 248 635 409 635 409 636 248 636 250 636 409 637 250 637 410 637 410 638 250 638 252 638 410 639 252 639 411 639 411 640 252 640 254 640 411 641 254 641 412 641 412 642 254 642 256 642 412 643 256 643 413 643 413 644 256 644 258 644 413 645 258 645 414 645 414 646 258 646 260 646 414 647 260 647 133 647 133 648 260 648 135 648 236 649 237 649 415 649 415 650 237 650 404 650 415 651 404 651 416 651 416 652 404 652 405 652 416 653 405 653 417 653 417 654 405 654 406 654 417 655 406 655 418 655 418 656 406 656 407 656 418 657 407 657 419 657 419 658 407 658 408 658 419 659 408 659 420 659 420 660 408 660 409 660 420 661 409 661 421 661 421 662 409 662 410 662 421 663 410 663 422 663 422 664 410 664 411 664 422 665 411 665 423 665 423 666 411 666 412 666 423 667 412 667 424 667 424 668 412 668 413 668 424 669 413 669 425 669 425 670 413 670 414 670 425 671 414 671 131 671 131 672 414 672 133 672 231 673 236 673 426 673 426 674 236 674 415 674 426 675 415 675 427 675 427 676 415 676 416 676 427 677 416 677 428 677 428 678 416 678 417 678 428 679 417 679 429 679 429 680 417 680 418 680 429 681 418 681 430 681 430 682 418 682 419 682 430 683 419 683 431 683 431 684 419 684 420 684 431 685 420 685 432 685 432 686 420 686 421 686 432 687 421 687 433 687 433 688 421 688 422 688 433 689 422 689 434 689 434 690 422 690 423 690 434 691 423 691 435 691 435 692 423 692 424 692 435 693 424 693 436 693 436 694 424 694 425 694 436 695 425 695 129 695 129 696 425 696 131 696 232 697 231 697 437 697 437 698 231 698 426 698 437 699 426 699 438 699 438 700 426 700 427 700 438 701 427 701 439 701 439 702 427 702 428 702 439 703 428 703 440 703 440 704 428 704 429 704 440 705 429 705 441 705 441 706 429 706 430 706 441 707 430 707 442 707 442 708 430 708 431 708 442 709 431 709 443 709 443 710 431 710 432 710 443 711 432 711 444 711 444 712 432 712 433 712 444 713 433 713 445 713 445 714 433 714 434 714 445 715 434 715 446 715 446 716 434 716 435 716 446 717 435 717 447 717 447 718 435 718 436 718 447 719 436 719 127 719 127 720 436 720 129 720 218 721 230 721 234 721 234 722 230 722 229 722 192 723 193 723 448 723 448 724 193 724 195 724 448 725 195 725 449 725 449 726 195 726 197 726 449 727 197 727 450 727 450 728 197 728 199 728 450 729 199 729 451 729 451 730 199 730 201 730 451 731 201 731 452 731 452 732 201 732 203 732 452 733 203 733 453 733 453 734 203 734 205 734 453 735 205 735 454 735 454 736 205 736 207 736 454 737 207 737 455 737 455 738 207 738 209 738 455 739 209 739 456 739 456 740 209 740 211 740 456 741 211 741 457 741 457 742 211 742 213 742 457 743 213 743 458 743 458 744 213 744 215 744 458 745 215 745 115 745 115 746 215 746 117 746 191 747 192 747 459 747 459 748 192 748 448 748 459 749 448 749 460 749 460 750 448 750 449 750 460 751 449 751 461 751 461 752 449 752 450 752 461 753 450 753 462 753 462 754 450 754 451 754 462 755 451 755 463 755 463 756 451 756 452 756 463 757 452 757 464 757 464 758 452 758 453 758 464 759 453 759 465 759 465 760 453 760 454 760 465 761 454 761 466 761 466 762 454 762 455 762 466 763 455 763 467 763 467 764 455 764 456 764 467 765 456 765 468 765 468 766 456 766 457 766 468 767 457 767 469 767 469 768 457 768 458 768 469 769 458 769 113 769 113 770 458 770 115 770 190 771 191 771 470 771 470 772 191 772 459 772 470 773 459 773 471 773 471 774 459 774 460 774 471 775 460 775 472 775 472 776 460 776 461 776 472 777 461 777 473 777 473 778 461 778 462 778 473 779 462 779 474 779 474 780 462 780 463 780 474 781 463 781 475 781 475 782 463 782 464 782 475 783 464 783 476 783 476 784 464 784 465 784 476 785 465 785 477 785 477 786 465 786 466 786 477 787 466 787 478 787 478 788 466 788 467 788 478 789 467 789 479 789 479 790 467 790 468 790 479 791 468 791 480 791 480 792 468 792 469 792 480 793 469 793 111 793 111 794 469 794 113 794 189 795 190 795 481 795 481 796 190 796 470 796 481 797 470 797 482 797 482 798 470 798 471 798 482 799 471 799 483 799 483 800 471 800 472 800 483 801 472 801 484 801 484 802 472 802 473 802 484 803 473 803 485 803 485 804 473 804 474 804 485 805 474 805 486 805 486 806 474 806 475 806 486 807 475 807 487 807 487 808 475 808 476 808 487 809 476 809 488 809 488 810 476 810 477 810 488 811 477 811 489 811 489 812 477 812 478 812 489 813 478 813 490 813 490 814 478 814 479 814 490 815 479 815 491 815 491 816 479 816 480 816 491 817 480 817 109 817 109 818 480 818 111 818 188 819 189 819 492 819 492 820 189 820 481 820 492 821 481 821 493 821 493 822 481 822 482 822 493 823 482 823 494 823 494 824 482 824 483 824 494 825 483 825 495 825 495 826 483 826 484 826 495 827 484 827 496 827 496 828 484 828 485 828 496 829 485 829 497 829 497 830 485 830 486 830 497 831 486 831 498 831 498 832 486 832 487 832 498 833 487 833 499 833 499 834 487 834 488 834 499 835 488 835 500 835 500 836 488 836 489 836 500 837 489 837 501 837 501 838 489 838 490 838 501 839 490 839 502 839 502 840 490 840 491 840 502 841 491 841 107 841 107 842 491 842 109 842 187 843 188 843 503 843 503 844 188 844 492 844 503 845 492 845 504 845 504 846 492 846 493 846 504 847 493 847 505 847 505 848 493 848 494 848 505 849 494 849 506 849 506 850 494 850 495 850 506 851 495 851 507 851 507 852 495 852 496 852 507 853 496 853 508 853 508 854 496 854 497 854 508 855 497 855 509 855 509 856 497 856 498 856 509 857 498 857 510 857 510 858 498 858 499 858 510 859 499 859 511 859 511 860 499 860 500 860 511 861 500 861 512 861 512 862 500 862 501 862 512 863 501 863 513 863 513 864 501 864 502 864 513 865 502 865 105 865 105 866 502 866 107 866 186 867 187 867 514 867 514 868 187 868 503 868 514 869 503 869 515 869 515 870 503 870 504 870 515 871 504 871 516 871 516 872 504 872 505 872 516 873 505 873 517 873 517 874 505 874 506 874 517 875 506 875 518 875 518 876 506 876 507 876 518 877 507 877 519 877 519 878 507 878 508 878 519 879 508 879 520 879 520 880 508 880 509 880 520 881 509 881 521 881 521 882 509 882 510 882 521 883 510 883 522 883 522 884 510 884 511 884 522 885 511 885 523 885 523 886 511 886 512 886 523 887 512 887 524 887 524 888 512 888 513 888 524 889 513 889 103 889 103 890 513 890 105 890 185 891 186 891 525 891 525 892 186 892 514 892 525 893 514 893 526 893 526 894 514 894 515 894 526 895 515 895 527 895 527 896 515 896 516 896 527 897 516 897 528 897 528 898 516 898 517 898 528 899 517 899 529 899 529 900 517 900 518 900 529 901 518 901 530 901 530 902 518 902 519 902 530 903 519 903 531 903 531 904 519 904 520 904 531 905 520 905 532 905 532 906 520 906 521 906 532 907 521 907 533 907 533 908 521 908 522 908 533 909 522 909 534 909 534 910 522 910 523 910 534 911 523 911 535 911 535 912 523 912 524 912 535 913 524 913 101 913 101 914 524 914 103 914 184 915 185 915 536 915 536 916 185 916 525 916 536 917 525 917 537 917 537 918 525 918 526 918 537 919 526 919 538 919 538 920 526 920 527 920 538 921 527 921 539 921 539 922 527 922 528 922 539 923 528 923 540 923 540 924 528 924 529 924 540 925 529 925 541 925 541 926 529 926 530 926 541 927 530 927 542 927 542 928 530 928 531 928 542 929 531 929 543 929 543 930 531 930 532 930 543 931 532 931 544 931 544 932 532 932 533 932 544 933 533 933 545 933 545 934 533 934 534 934 545 935 534 935 546 935 546 936 534 936 535 936 546 937 535 937 99 937 99 938 535 938 101 938 183 939 184 939 547 939 547 940 184 940 536 940 547 941 536 941 548 941 548 942 536 942 537 942 548 943 537 943 549 943 549 944 537 944 538 944 549 945 538 945 550 945 550 946 538 946 539 946 550 947 539 947 551 947 551 948 539 948 540 948 551 949 540 949 552 949 552 950 540 950 541 950 552 951 541 951 553 951 553 952 541 952 542 952 553 953 542 953 554 953 554 954 542 954 543 954 554 955 543 955 555 955 555 956 543 956 544 956 555 957 544 957 556 957 556 958 544 958 545 958 556 959 545 959 557 959 557 960 545 960 546 960 557 961 546 961 97 961 97 962 546 962 99 962 182 963 183 963 558 963 558 964 183 964 547 964 558 965 547 965 559 965 559 966 547 966 548 966 559 967 548 967 560 967 560 968 548 968 549 968 560 969 549 969 561 969 561 970 549 970 550 970 561 971 550 971 562 971 562 972 550 972 551 972 562 973 551 973 563 973 563 974 551 974 552 974 563 975 552 975 564 975 564 976 552 976 553 976 564 977 553 977 565 977 565 978 553 978 554 978 565 979 554 979 566 979 566 980 554 980 555 980 566 981 555 981 567 981 567 982 555 982 556 982 567 983 556 983 568 983 568 984 556 984 557 984 568 985 557 985 569 985 569 986 557 986 97 986 569 987 97 987 95 987 169 988 168 988 181 988 181 989 182 989 570 989 570 990 182 990 558 990 570 991 558 991 571 991 571 992 558 992 559 992 571 993 559 993 572 993 572 994 559 994 560 994 572 995 560 995 573 995 573 996 560 996 561 996 573 997 561 997 574 997 574 998 561 998 562 998 574 999 562 999 575 999 575 1000 562 1000 563 1000 575 1001 563 1001 576 1001 576 1002 563 1002 564 1002 576 1003 564 1003 577 1003 577 1004 564 1004 565 1004 577 1005 565 1005 578 1005 578 1006 565 1006 566 1006 578 1007 566 1007 579 1007 579 1008 566 1008 567 1008 579 1009 567 1009 580 1009 580 1010 567 1010 568 1010 580 1011 568 1011 581 1011 581 1012 568 1012 569 1012 581 1013 569 1013 93 1013 93 1014 569 1014 95 1014 326 1015 330 1015 324 1015 232 1016 437 1016 233 1016 233 1017 437 1017 582 1017 233 1018 582 1018 235 1018 235 1019 582 1019 583 1019 235 1020 583 1020 220 1020 220 1021 583 1021 221 1021 582 1022 437 1022 438 1022 219 1023 218 1023 234 1023 170 1024 169 1024 570 1024 570 1025 169 1025 181 1025 170 1026 570 1026 571 1026 318 1027 317 1027 335 1027 335 1028 333 1028 584 1028 584 1029 333 1029 332 1029 584 1030 332 1030 401 1030 401 1031 332 1031 400 1031 443 1032 585 1032 442 1032 442 1033 585 1033 586 1033 442 1034 586 1034 441 1034 441 1035 586 1035 587 1035 441 1036 587 1036 440 1036 440 1037 587 1037 588 1037 440 1038 588 1038 439 1038 439 1039 588 1039 589 1039 439 1040 589 1040 438 1040 438 1041 589 1041 582 1041 585 1042 590 1042 586 1042 586 1043 590 1043 591 1043 586 1044 591 1044 587 1044 587 1045 591 1045 592 1045 587 1046 592 1046 588 1046 588 1047 592 1047 593 1047 588 1048 593 1048 589 1048 589 1049 593 1049 583 1049 589 1050 583 1050 582 1050 585 1051 443 1051 594 1051 594 1052 443 1052 444 1052 594 1053 444 1053 595 1053 595 1054 444 1054 445 1054 595 1055 445 1055 596 1055 596 1056 445 1056 446 1056 596 1057 446 1057 597 1057 597 1058 446 1058 447 1058 597 1059 447 1059 125 1059 125 1060 447 1060 127 1060 590 1061 224 1061 591 1061 591 1062 224 1062 223 1062 591 1063 223 1063 592 1063 592 1064 223 1064 222 1064 592 1065 222 1065 593 1065 593 1066 222 1066 221 1066 593 1067 221 1067 583 1067 590 1068 585 1068 598 1068 598 1069 585 1069 594 1069 598 1070 594 1070 599 1070 599 1071 594 1071 595 1071 599 1072 595 1072 600 1072 600 1073 595 1073 596 1073 600 1074 596 1074 601 1074 601 1075 596 1075 597 1075 601 1076 597 1076 123 1076 123 1077 597 1077 125 1077 224 1078 590 1078 225 1078 225 1079 590 1079 598 1079 225 1080 598 1080 226 1080 226 1081 598 1081 599 1081 226 1082 599 1082 227 1082 227 1083 599 1083 600 1083 227 1084 600 1084 228 1084 228 1085 600 1085 601 1085 228 1086 601 1086 121 1086 121 1087 601 1087 123 1087 576 1088 175 1088 575 1088 575 1089 175 1089 174 1089 575 1090 174 1090 574 1090 574 1091 174 1091 173 1091 574 1092 173 1092 573 1092 573 1093 173 1093 172 1093 573 1094 172 1094 572 1094 572 1095 172 1095 171 1095 572 1096 171 1096 571 1096 571 1097 171 1097 170 1097 175 1098 576 1098 176 1098 176 1099 576 1099 577 1099 176 1100 577 1100 177 1100 177 1101 577 1101 578 1101 177 1102 578 1102 178 1102 178 1103 578 1103 579 1103 178 1104 579 1104 179 1104 179 1105 579 1105 580 1105 179 1106 580 1106 180 1106 180 1107 580 1107 581 1107 180 1108 581 1108 91 1108 91 1109 581 1109 93 1109 327 1110 402 1110 602 1110 602 1111 402 1111 403 1111 602 1112 403 1112 603 1112 603 1113 403 1113 315 1113 603 1114 315 1114 314 1114 147 1115 321 1115 340 1115 151 1116 149 1116 338 1116 338 1117 149 1117 340 1117 149 1118 147 1118 340 1118 331 1119 400 1119 332 1119 313 1120 312 1120 329 1120 313 1121 329 1121 604 1121 604 1122 329 1122 328 1122 604 1123 328 1123 603 1123 603 1124 328 1124 602 1124 314 1125 313 1125 604 1125 314 1126 604 1126 603 1126 327 1127 602 1127 328 1127 319 1128 318 1128 584 1128 584 1129 318 1129 335 1129 319 1130 584 1130 401 1130 34 1131 33 1131 322 1131 322 1132 33 1132 605 1132 322 1133 605 1133 606 1133 606 1134 605 1134 607 1134 606 1135 607 1135 323 1135 323 1136 607 1136 325 1136 325 1137 607 1137 608 1137 325 1138 608 1138 326 1138 326 1139 608 1139 609 1139 326 1140 609 1140 610 1140 610 1141 609 1141 611 1141 610 1142 611 1142 612 1142 612 1143 611 1143 613 1143 612 1144 613 1144 614 1144 614 1145 613 1145 615 1145 614 1146 615 1146 616 1146 616 1147 615 1147 617 1147 616 1148 617 1148 618 1148 618 1149 617 1149 619 1149 618 1150 619 1150 620 1150 620 1151 619 1151 621 1151 620 1152 621 1152 622 1152 622 1153 621 1153 623 1153 622 1154 623 1154 624 1154 624 1155 623 1155 625 1155 624 1156 625 1156 626 1156 626 1157 625 1157 627 1157 626 1158 627 1158 628 1158 628 1159 627 1159 629 1159 628 1160 629 1160 630 1160 630 1161 629 1161 631 1161 630 1162 631 1162 632 1162 632 1163 631 1163 633 1163 632 1164 633 1164 634 1164 634 1165 633 1165 635 1165 634 1166 635 1166 636 1166 636 1167 635 1167 637 1167 636 1168 637 1168 638 1168 638 1169 637 1169 639 1169 638 1170 639 1170 640 1170 640 1171 639 1171 641 1171 640 1172 641 1172 642 1172 642 1173 641 1173 643 1173 642 1174 643 1174 644 1174 644 1175 643 1175 645 1175 644 1176 645 1176 646 1176 646 1177 645 1177 647 1177 646 1178 647 1178 648 1178 648 1179 647 1179 649 1179 648 1180 649 1180 650 1180 650 1181 649 1181 651 1181 650 1182 651 1182 652 1182 652 1183 651 1183 653 1183 652 1184 653 1184 654 1184 654 1185 653 1185 655 1185 654 1186 655 1186 656 1186 656 1187 655 1187 657 1187 656 1188 657 1188 658 1188 658 1189 657 1189 659 1189 658 1190 659 1190 660 1190 660 1191 659 1191 661 1191 660 1192 661 1192 662 1192 662 1193 661 1193 663 1193 662 1194 663 1194 664 1194 664 1195 663 1195 665 1195 664 1196 665 1196 666 1196 666 1197 665 1197 667 1197 666 1198 667 1198 668 1198 668 1199 667 1199 669 1199 668 1200 669 1200 670 1200 670 1201 669 1201 671 1201 670 1202 671 1202 672 1202 672 1203 671 1203 673 1203 672 1204 673 1204 674 1204 674 1205 673 1205 397 1205 674 1206 397 1206 675 1206 675 1207 397 1207 676 1207 675 1208 676 1208 677 1208 677 1209 676 1209 678 1209 677 1210 678 1210 679 1210 679 1211 678 1211 680 1211 679 1212 680 1212 681 1212 681 1213 680 1213 682 1213 681 1214 682 1214 683 1214 683 1215 682 1215 684 1215 683 1216 684 1216 685 1216 685 1217 684 1217 686 1217 685 1218 686 1218 687 1218 687 1219 686 1219 688 1219 687 1220 688 1220 689 1220 689 1221 688 1221 690 1221 689 1222 690 1222 691 1222 691 1223 690 1223 692 1223 691 1224 692 1224 693 1224 693 1225 692 1225 694 1225 693 1226 694 1226 695 1226 695 1227 694 1227 696 1227 695 1228 696 1228 697 1228 697 1229 696 1229 698 1229 697 1230 698 1230 699 1230 699 1231 698 1231 700 1231 699 1232 700 1232 701 1232 701 1233 700 1233 702 1233 701 1234 702 1234 703 1234 703 1235 702 1235 704 1235 703 1236 704 1236 705 1236 705 1237 704 1237 706 1237 705 1238 706 1238 707 1238 707 1239 706 1239 708 1239 707 1240 708 1240 709 1240 709 1241 708 1241 710 1241 709 1242 710 1242 711 1242 711 1243 710 1243 712 1243 711 1244 712 1244 713 1244 713 1245 712 1245 714 1245 713 1246 714 1246 715 1246 715 1247 714 1247 716 1247 715 1248 716 1248 717 1248 717 1249 716 1249 718 1249 717 1250 718 1250 644 1250 644 1251 718 1251 642 1251 605 1252 33 1252 719 1252 719 1253 33 1253 31 1253 719 1254 31 1254 720 1254 720 1255 31 1255 721 1255 720 1256 721 1256 722 1256 722 1257 721 1257 723 1257 722 1258 723 1258 617 1258 617 1259 723 1259 619 1259 31 1260 29 1260 721 1260 721 1261 29 1261 724 1261 721 1262 724 1262 723 1262 723 1263 724 1263 725 1263 723 1264 725 1264 619 1264 619 1265 725 1265 621 1265 29 1266 27 1266 724 1266 724 1267 27 1267 25 1267 724 1268 25 1268 726 1268 726 1269 25 1269 4 1269 726 1270 4 1270 727 1270 727 1271 4 1271 5 1271 727 1272 5 1272 6 1272 727 1273 6 1273 728 1273 728 1274 6 1274 7 1274 728 1275 7 1275 729 1275 729 1276 7 1276 8 1276 729 1277 8 1277 730 1277 730 1278 8 1278 9 1278 730 1279 9 1279 731 1279 731 1280 9 1280 10 1280 731 1281 10 1281 732 1281 732 1282 10 1282 733 1282 732 1283 733 1283 734 1283 734 1284 733 1284 735 1284 734 1285 735 1285 635 1285 635 1286 735 1286 637 1286 10 1287 12 1287 733 1287 733 1288 12 1288 736 1288 733 1289 736 1289 735 1289 735 1290 736 1290 737 1290 735 1291 737 1291 637 1291 637 1292 737 1292 639 1292 12 1293 13 1293 736 1293 736 1294 13 1294 738 1294 736 1295 738 1295 737 1295 737 1296 738 1296 739 1296 737 1297 739 1297 639 1297 639 1298 739 1298 641 1298 738 1299 13 1299 740 1299 740 1300 13 1300 14 1300 740 1301 14 1301 15 1301 740 1302 15 1302 741 1302 741 1303 15 1303 17 1303 741 1304 17 1304 742 1304 742 1305 17 1305 18 1305 742 1306 18 1306 743 1306 743 1307 18 1307 20 1307 743 1308 20 1308 21 1308 23 1309 744 1309 21 1309 21 1310 744 1310 745 1310 21 1311 745 1311 743 1311 743 1312 745 1312 746 1312 743 1313 746 1313 747 1313 747 1314 746 1314 647 1314 747 1315 647 1315 645 1315 744 1316 23 1316 748 1316 748 1317 23 1317 24 1317 748 1318 24 1318 749 1318 749 1319 24 1319 22 1319 749 1320 22 1320 750 1320 750 1321 22 1321 751 1321 750 1322 751 1322 752 1322 752 1323 751 1323 753 1323 752 1324 753 1324 659 1324 659 1325 753 1325 661 1325 22 1326 19 1326 751 1326 751 1327 19 1327 754 1327 751 1328 754 1328 753 1328 753 1329 754 1329 755 1329 753 1330 755 1330 661 1330 661 1331 755 1331 663 1331 19 1332 16 1332 754 1332 754 1333 16 1333 756 1333 754 1334 756 1334 755 1334 755 1335 756 1335 757 1335 755 1336 757 1336 663 1336 663 1337 757 1337 665 1337 756 1338 16 1338 758 1338 758 1339 16 1339 11 1339 758 1340 11 1340 759 1340 759 1341 11 1341 3 1341 759 1342 3 1342 760 1342 760 1343 3 1343 1 1343 760 1344 1 1344 761 1344 761 1345 1 1345 56 1345 761 1346 56 1346 762 1346 762 1347 56 1347 399 1347 762 1348 399 1348 398 1348 762 1349 398 1349 673 1349 673 1350 398 1350 397 1350 676 1351 397 1351 763 1351 763 1352 397 1352 396 1352 763 1353 396 1353 764 1353 764 1354 396 1354 765 1354 764 1355 765 1355 766 1355 766 1356 765 1356 767 1356 766 1357 767 1357 768 1357 768 1358 767 1358 769 1358 768 1359 769 1359 770 1359 770 1360 769 1360 771 1360 770 1361 771 1361 772 1361 395 1362 773 1362 396 1362 396 1363 773 1363 765 1363 774 1364 775 1364 773 1364 773 1365 775 1365 776 1365 773 1366 776 1366 765 1366 765 1367 776 1367 767 1367 775 1368 774 1368 777 1368 777 1369 774 1369 778 1369 777 1370 778 1370 769 1370 769 1371 778 1371 771 1371 770 1372 772 1372 779 1372 779 1373 772 1373 780 1373 779 1374 780 1374 686 1374 686 1375 780 1375 688 1375 704 1376 781 1376 706 1376 706 1377 781 1377 782 1377 706 1378 782 1378 708 1378 708 1379 782 1379 783 1379 708 1380 783 1380 710 1380 710 1381 783 1381 784 1381 710 1382 784 1382 712 1382 712 1383 784 1383 785 1383 712 1384 785 1384 714 1384 714 1385 785 1385 786 1385 714 1386 786 1386 716 1386 716 1387 786 1387 787 1387 716 1388 787 1388 718 1388 718 1389 787 1389 788 1389 718 1390 788 1390 642 1390 642 1391 788 1391 640 1391 781 1392 789 1392 782 1392 782 1393 789 1393 790 1393 782 1394 790 1394 791 1394 791 1395 790 1395 792 1395 791 1396 792 1396 793 1396 793 1397 792 1397 794 1397 793 1398 794 1398 795 1398 795 1399 794 1399 796 1399 795 1400 796 1400 797 1400 797 1401 796 1401 798 1401 797 1402 798 1402 799 1402 799 1403 798 1403 800 1403 799 1404 800 1404 801 1404 801 1405 800 1405 802 1405 801 1406 802 1406 803 1406 803 1407 802 1407 804 1407 803 1408 804 1408 805 1408 805 1409 804 1409 806 1409 805 1410 806 1410 636 1410 636 1411 806 1411 634 1411 792 1412 807 1412 794 1412 794 1413 807 1413 796 1413 808 1414 809 1414 807 1414 807 1415 809 1415 810 1415 807 1416 810 1416 796 1416 796 1417 810 1417 798 1417 811 1418 812 1418 808 1418 808 1419 812 1419 813 1419 808 1420 813 1420 810 1420 810 1421 813 1421 814 1421 810 1422 814 1422 798 1422 798 1423 814 1423 800 1423 815 1424 816 1424 811 1424 811 1425 816 1425 817 1425 811 1426 817 1426 813 1426 813 1427 817 1427 818 1427 813 1428 818 1428 814 1428 814 1429 818 1429 819 1429 814 1430 819 1430 800 1430 800 1431 819 1431 802 1431 820 1432 821 1432 815 1432 815 1433 821 1433 822 1433 815 1434 822 1434 817 1434 817 1435 822 1435 823 1435 817 1436 823 1436 818 1436 818 1437 823 1437 824 1437 818 1438 824 1438 819 1438 819 1439 824 1439 825 1439 819 1440 825 1440 802 1440 802 1441 825 1441 804 1441 820 1442 826 1442 821 1442 821 1443 826 1443 822 1443 827 1444 828 1444 826 1444 826 1445 828 1445 829 1445 826 1446 829 1446 822 1446 822 1447 829 1447 830 1447 822 1448 830 1448 823 1448 823 1449 830 1449 831 1449 823 1450 831 1450 824 1450 824 1451 831 1451 832 1451 824 1452 832 1452 825 1452 825 1453 832 1453 833 1453 825 1454 833 1454 804 1454 804 1455 833 1455 806 1455 827 1456 834 1456 828 1456 828 1457 834 1457 829 1457 835 1458 836 1458 834 1458 834 1459 836 1459 837 1459 834 1460 837 1460 829 1460 829 1461 837 1461 838 1461 829 1462 838 1462 830 1462 830 1463 838 1463 839 1463 830 1464 839 1464 831 1464 831 1465 839 1465 840 1465 831 1466 840 1466 832 1466 832 1467 840 1467 841 1467 832 1468 841 1468 833 1468 833 1469 841 1469 842 1469 833 1470 842 1470 806 1470 806 1471 842 1471 634 1471 836 1472 835 1472 843 1472 843 1473 835 1473 844 1473 843 1474 844 1474 845 1474 845 1475 844 1475 846 1475 845 1476 846 1476 847 1476 847 1477 846 1477 848 1477 847 1478 848 1478 849 1478 849 1479 848 1479 850 1479 849 1480 850 1480 851 1480 851 1481 850 1481 852 1481 851 1482 852 1482 853 1482 853 1483 852 1483 854 1483 853 1484 854 1484 855 1484 855 1485 854 1485 856 1485 855 1486 856 1486 857 1486 857 1487 856 1487 858 1487 857 1488 858 1488 618 1488 618 1489 858 1489 616 1489 844 1490 859 1490 846 1490 846 1491 859 1491 860 1491 846 1492 860 1492 848 1492 848 1493 860 1493 861 1493 848 1494 861 1494 850 1494 850 1495 861 1495 862 1495 850 1496 862 1496 852 1496 852 1497 862 1497 863 1497 852 1498 863 1498 854 1498 854 1499 863 1499 864 1499 854 1500 864 1500 856 1500 856 1501 864 1501 865 1501 856 1502 865 1502 858 1502 858 1503 865 1503 866 1503 858 1504 866 1504 616 1504 616 1505 866 1505 614 1505 859 1506 867 1506 860 1506 860 1507 867 1507 868 1507 860 1508 868 1508 861 1508 861 1509 868 1509 869 1509 861 1510 869 1510 862 1510 862 1511 869 1511 870 1511 862 1512 870 1512 863 1512 863 1513 870 1513 871 1513 863 1514 871 1514 864 1514 864 1515 871 1515 872 1515 864 1516 872 1516 865 1516 865 1517 872 1517 873 1517 865 1518 873 1518 866 1518 866 1519 873 1519 874 1519 866 1520 874 1520 614 1520 614 1521 874 1521 612 1521 867 1522 875 1522 868 1522 868 1523 875 1523 876 1523 868 1524 876 1524 869 1524 869 1525 876 1525 877 1525 869 1526 877 1526 870 1526 870 1527 877 1527 878 1527 870 1528 878 1528 871 1528 871 1529 878 1529 879 1529 871 1530 879 1530 872 1530 872 1531 879 1531 880 1531 872 1532 880 1532 873 1532 873 1533 880 1533 881 1533 873 1534 881 1534 874 1534 874 1535 881 1535 882 1535 874 1536 882 1536 612 1536 612 1537 882 1537 610 1537 875 1538 883 1538 876 1538 876 1539 883 1539 884 1539 876 1540 884 1540 877 1540 877 1541 884 1541 885 1541 877 1542 885 1542 878 1542 878 1543 885 1543 886 1543 878 1544 886 1544 879 1544 879 1545 886 1545 887 1545 879 1546 887 1546 880 1546 880 1547 887 1547 888 1547 880 1548 888 1548 881 1548 881 1549 888 1549 889 1549 881 1550 889 1550 882 1550 882 1551 889 1551 890 1551 882 1552 890 1552 326 1552 326 1553 890 1553 327 1553 327 1554 890 1554 889 1554 327 1555 889 1555 888 1555 883 1556 337 1556 884 1556 884 1557 337 1557 331 1557 884 1558 331 1558 885 1558 885 1559 331 1559 886 1559 886 1560 331 1560 887 1560 887 1561 331 1561 327 1561 887 1562 327 1562 888 1562 323 1563 322 1563 606 1563 882 1564 326 1564 610 1564 760 1565 761 1565 891 1565 891 1566 761 1566 762 1566 891 1567 762 1567 671 1567 671 1568 762 1568 673 1568 759 1569 760 1569 892 1569 892 1570 760 1570 891 1570 892 1571 891 1571 669 1571 669 1572 891 1572 671 1572 757 1573 756 1573 758 1573 758 1574 759 1574 893 1574 893 1575 759 1575 892 1575 893 1576 892 1576 667 1576 667 1577 892 1577 669 1577 749 1578 750 1578 894 1578 894 1579 750 1579 752 1579 894 1580 752 1580 657 1580 657 1581 752 1581 659 1581 748 1582 749 1582 895 1582 895 1583 749 1583 894 1583 895 1584 894 1584 655 1584 655 1585 894 1585 657 1585 744 1586 748 1586 896 1586 896 1587 748 1587 895 1587 896 1588 895 1588 653 1588 653 1589 895 1589 655 1589 745 1590 744 1590 897 1590 897 1591 744 1591 896 1591 897 1592 896 1592 651 1592 651 1593 896 1593 653 1593 743 1594 747 1594 742 1594 742 1595 747 1595 898 1595 742 1596 898 1596 741 1596 741 1597 898 1597 899 1597 741 1598 899 1598 740 1598 740 1599 899 1599 739 1599 740 1600 739 1600 738 1600 731 1601 732 1601 900 1601 900 1602 732 1602 734 1602 900 1603 734 1603 633 1603 633 1604 734 1604 635 1604 730 1605 731 1605 901 1605 901 1606 731 1606 900 1606 901 1607 900 1607 631 1607 631 1608 900 1608 633 1608 729 1609 730 1609 902 1609 902 1610 730 1610 901 1610 902 1611 901 1611 629 1611 629 1612 901 1612 631 1612 728 1613 729 1613 903 1613 903 1614 729 1614 902 1614 903 1615 902 1615 627 1615 627 1616 902 1616 629 1616 727 1617 728 1617 904 1617 904 1618 728 1618 903 1618 904 1619 903 1619 625 1619 625 1620 903 1620 627 1620 725 1621 724 1621 726 1621 726 1622 727 1622 905 1622 905 1623 727 1623 904 1623 905 1624 904 1624 623 1624 623 1625 904 1625 625 1625 719 1626 720 1626 906 1626 906 1627 720 1627 722 1627 906 1628 722 1628 615 1628 615 1629 722 1629 617 1629 605 1630 719 1630 907 1630 907 1631 719 1631 906 1631 907 1632 906 1632 613 1632 613 1633 906 1633 615 1633 665 1634 757 1634 893 1634 893 1635 757 1635 758 1635 665 1636 893 1636 667 1636 745 1637 897 1637 746 1637 746 1638 897 1638 649 1638 746 1639 649 1639 647 1639 649 1640 897 1640 651 1640 747 1641 645 1641 898 1641 898 1642 645 1642 643 1642 898 1643 643 1643 899 1643 899 1644 643 1644 641 1644 899 1645 641 1645 739 1645 621 1646 725 1646 905 1646 905 1647 725 1647 726 1647 621 1648 905 1648 623 1648 605 1649 907 1649 607 1649 607 1650 907 1650 611 1650 607 1651 611 1651 609 1651 611 1652 907 1652 613 1652 609 1653 608 1653 607 1653 677 1654 908 1654 909 1654 909 1655 908 1655 910 1655 909 1656 910 1656 672 1656 672 1657 910 1657 670 1657 908 1658 911 1658 910 1658 910 1659 911 1659 912 1659 910 1660 912 1660 670 1660 670 1661 912 1661 668 1661 677 1662 679 1662 908 1662 908 1663 679 1663 913 1663 908 1664 913 1664 911 1664 911 1665 913 1665 914 1665 911 1666 914 1666 915 1666 915 1667 914 1667 916 1667 915 1668 916 1668 917 1668 917 1669 916 1669 918 1669 917 1670 918 1670 919 1670 919 1671 918 1671 920 1671 919 1672 920 1672 921 1672 921 1673 920 1673 922 1673 921 1674 922 1674 923 1674 923 1675 922 1675 924 1675 923 1676 924 1676 925 1676 925 1677 924 1677 926 1677 925 1678 926 1678 927 1678 927 1679 926 1679 928 1679 927 1680 928 1680 929 1680 929 1681 928 1681 930 1681 929 1682 930 1682 931 1682 931 1683 930 1683 932 1683 931 1684 932 1684 933 1684 933 1685 932 1685 934 1685 933 1686 934 1686 935 1686 935 1687 934 1687 713 1687 935 1688 713 1688 715 1688 911 1689 915 1689 912 1689 912 1690 915 1690 936 1690 912 1691 936 1691 668 1691 668 1692 936 1692 666 1692 915 1693 917 1693 936 1693 936 1694 917 1694 937 1694 936 1695 937 1695 666 1695 666 1696 937 1696 664 1696 917 1697 919 1697 937 1697 937 1698 919 1698 938 1698 937 1699 938 1699 664 1699 664 1700 938 1700 662 1700 919 1701 921 1701 938 1701 938 1702 921 1702 939 1702 938 1703 939 1703 662 1703 662 1704 939 1704 660 1704 921 1705 923 1705 939 1705 939 1706 923 1706 940 1706 939 1707 940 1707 660 1707 660 1708 940 1708 658 1708 923 1709 925 1709 940 1709 940 1710 925 1710 941 1710 940 1711 941 1711 658 1711 658 1712 941 1712 656 1712 925 1713 927 1713 941 1713 941 1714 927 1714 942 1714 941 1715 942 1715 656 1715 656 1716 942 1716 654 1716 927 1717 929 1717 942 1717 942 1718 929 1718 943 1718 942 1719 943 1719 654 1719 654 1720 943 1720 652 1720 929 1721 931 1721 943 1721 943 1722 931 1722 944 1722 943 1723 944 1723 652 1723 652 1724 944 1724 650 1724 931 1725 933 1725 944 1725 944 1726 933 1726 945 1726 944 1727 945 1727 650 1727 650 1728 945 1728 648 1728 933 1729 935 1729 945 1729 945 1730 935 1730 946 1730 945 1731 946 1731 648 1731 648 1732 946 1732 646 1732 935 1733 715 1733 946 1733 946 1734 715 1734 717 1734 946 1735 717 1735 646 1735 646 1736 717 1736 644 1736 787 1737 947 1737 788 1737 788 1738 947 1738 948 1738 788 1739 948 1739 640 1739 640 1740 948 1740 638 1740 947 1741 803 1741 948 1741 948 1742 803 1742 805 1742 948 1743 805 1743 638 1743 638 1744 805 1744 636 1744 947 1745 787 1745 949 1745 949 1746 787 1746 786 1746 949 1747 786 1747 950 1747 950 1748 786 1748 785 1748 950 1749 785 1749 951 1749 951 1750 785 1750 784 1750 951 1751 784 1751 952 1751 952 1752 784 1752 783 1752 952 1753 783 1753 791 1753 791 1754 783 1754 782 1754 803 1755 947 1755 801 1755 801 1756 947 1756 949 1756 801 1757 949 1757 799 1757 799 1758 949 1758 950 1758 799 1759 950 1759 797 1759 797 1760 950 1760 951 1760 797 1761 951 1761 795 1761 795 1762 951 1762 952 1762 795 1763 952 1763 793 1763 793 1764 952 1764 791 1764 841 1765 953 1765 954 1765 954 1766 953 1766 955 1766 954 1767 955 1767 630 1767 630 1768 955 1768 628 1768 953 1769 956 1769 955 1769 955 1770 956 1770 957 1770 955 1771 957 1771 628 1771 628 1772 957 1772 626 1772 841 1773 840 1773 953 1773 953 1774 840 1774 958 1774 953 1775 958 1775 956 1775 956 1776 958 1776 959 1776 956 1777 959 1777 960 1777 960 1778 959 1778 961 1778 960 1779 961 1779 962 1779 962 1780 961 1780 963 1780 962 1781 963 1781 964 1781 964 1782 963 1782 853 1782 964 1783 853 1783 855 1783 956 1784 960 1784 957 1784 957 1785 960 1785 965 1785 957 1786 965 1786 626 1786 626 1787 965 1787 624 1787 960 1788 962 1788 965 1788 965 1789 962 1789 966 1789 965 1790 966 1790 624 1790 624 1791 966 1791 622 1791 962 1792 964 1792 966 1792 966 1793 964 1793 967 1793 966 1794 967 1794 622 1794 622 1795 967 1795 620 1795 964 1796 855 1796 967 1796 967 1797 855 1797 857 1797 967 1798 857 1798 620 1798 620 1799 857 1799 618 1799 841 1800 954 1800 842 1800 842 1801 954 1801 632 1801 842 1802 632 1802 634 1802 632 1803 954 1803 630 1803 674 1804 675 1804 909 1804 909 1805 675 1805 677 1805 674 1806 909 1806 672 1806 766 1807 968 1807 969 1807 969 1808 968 1808 680 1808 969 1809 680 1809 678 1809 680 1810 968 1810 682 1810 682 1811 968 1811 970 1811 682 1812 970 1812 684 1812 684 1813 970 1813 779 1813 684 1814 779 1814 686 1814 970 1815 968 1815 768 1815 768 1816 968 1816 766 1816 683 1817 971 1817 972 1817 972 1818 971 1818 973 1818 972 1819 973 1819 914 1819 914 1820 973 1820 916 1820 971 1821 974 1821 973 1821 973 1822 974 1822 975 1822 973 1823 975 1823 916 1823 916 1824 975 1824 918 1824 683 1825 685 1825 971 1825 971 1826 685 1826 976 1826 971 1827 976 1827 974 1827 974 1828 976 1828 977 1828 974 1829 977 1829 978 1829 978 1830 977 1830 979 1830 978 1831 979 1831 980 1831 980 1832 979 1832 981 1832 980 1833 981 1833 982 1833 982 1834 981 1834 983 1834 982 1835 983 1835 984 1835 984 1836 983 1836 985 1836 984 1837 985 1837 986 1837 986 1838 985 1838 987 1838 986 1839 987 1839 988 1839 988 1840 987 1840 989 1840 988 1841 989 1841 990 1841 990 1842 989 1842 991 1842 990 1843 991 1843 992 1843 992 1844 991 1844 707 1844 992 1845 707 1845 709 1845 974 1846 978 1846 975 1846 975 1847 978 1847 993 1847 975 1848 993 1848 918 1848 918 1849 993 1849 920 1849 978 1850 980 1850 993 1850 993 1851 980 1851 994 1851 993 1852 994 1852 920 1852 920 1853 994 1853 922 1853 980 1854 982 1854 994 1854 994 1855 982 1855 995 1855 994 1856 995 1856 922 1856 922 1857 995 1857 924 1857 982 1858 984 1858 995 1858 995 1859 984 1859 996 1859 995 1860 996 1860 924 1860 924 1861 996 1861 926 1861 984 1862 986 1862 996 1862 996 1863 986 1863 997 1863 996 1864 997 1864 926 1864 926 1865 997 1865 928 1865 986 1866 988 1866 997 1866 997 1867 988 1867 998 1867 997 1868 998 1868 928 1868 928 1869 998 1869 930 1869 988 1870 990 1870 998 1870 998 1871 990 1871 999 1871 998 1872 999 1872 930 1872 930 1873 999 1873 932 1873 990 1874 992 1874 999 1874 999 1875 992 1875 1000 1875 999 1876 1000 1876 932 1876 932 1877 1000 1877 934 1877 992 1878 709 1878 1000 1878 1000 1879 709 1879 711 1879 1000 1880 711 1880 934 1880 934 1881 711 1881 713 1881 838 1882 1001 1882 1002 1882 1002 1883 1001 1883 1003 1883 1002 1884 1003 1884 959 1884 959 1885 1003 1885 961 1885 1001 1886 1004 1886 1003 1886 1003 1887 1004 1887 1005 1887 1003 1888 1005 1888 961 1888 961 1889 1005 1889 963 1889 838 1890 837 1890 1001 1890 1001 1891 837 1891 1006 1891 1001 1892 1006 1892 1004 1892 1004 1893 1006 1893 847 1893 1004 1894 847 1894 849 1894 1004 1895 849 1895 1005 1895 1005 1896 849 1896 851 1896 1005 1897 851 1897 963 1897 963 1898 851 1898 853 1898 838 1899 1002 1899 839 1899 839 1900 1002 1900 958 1900 839 1901 958 1901 840 1901 958 1902 1002 1902 959 1902 683 1903 972 1903 681 1903 681 1904 972 1904 913 1904 681 1905 913 1905 679 1905 913 1906 972 1906 914 1906 763 1907 764 1907 969 1907 969 1908 764 1908 766 1908 763 1909 969 1909 678 1909 837 1910 836 1910 843 1910 847 1911 1006 1911 845 1911 845 1912 1006 1912 843 1912 1006 1913 837 1913 843 1913 815 1914 817 1914 816 1914 811 1915 813 1915 812 1915 808 1916 810 1916 809 1916 707 1917 991 1917 705 1917 705 1918 991 1918 703 1918 991 1919 989 1919 703 1919 703 1920 989 1920 701 1920 989 1921 987 1921 701 1921 701 1922 987 1922 699 1922 987 1923 985 1923 699 1923 699 1924 985 1924 697 1924 985 1925 983 1925 697 1925 697 1926 983 1926 695 1926 983 1927 981 1927 695 1927 695 1928 981 1928 693 1928 981 1929 979 1929 693 1929 693 1930 979 1930 691 1930 979 1931 977 1931 691 1931 691 1932 977 1932 689 1932 977 1933 976 1933 689 1933 689 1934 976 1934 687 1934 976 1935 685 1935 687 1935 768 1936 770 1936 970 1936 970 1937 770 1937 779 1937 776 1938 775 1938 777 1938 776 1939 777 1939 767 1939 767 1940 777 1940 769 1940 676 1941 763 1941 678 1941 1007 1942 395 1942 1008 1942 1008 1943 395 1943 381 1943 1008 1944 381 1944 1009 1944 1009 1945 381 1945 367 1945 1009 1946 367 1946 1010 1946 1010 1947 367 1947 87 1947 1010 1948 87 1948 88 1948 1010 1949 88 1949 1011 1949 1011 1950 88 1950 90 1950 1011 1951 90 1951 1012 1951 1012 1952 90 1952 92 1952 1012 1953 92 1953 1013 1953 1013 1954 92 1954 94 1954 1013 1955 94 1955 1014 1955 1014 1956 94 1956 96 1956 1014 1957 96 1957 1015 1957 1015 1958 96 1958 366 1958 1015 1959 366 1959 1016 1959 1016 1960 366 1960 365 1960 1016 1961 365 1961 1017 1961 1017 1962 365 1962 364 1962 1017 1963 364 1963 1018 1963 1018 1964 364 1964 363 1964 1018 1965 363 1965 362 1965 1018 1966 362 1966 1019 1966 1019 1967 362 1967 361 1967 1019 1968 361 1968 360 1968 360 1969 359 1969 1019 1969 1019 1970 359 1970 358 1970 1019 1971 358 1971 1020 1971 1020 1972 358 1972 357 1972 1020 1973 357 1973 356 1973 356 1974 355 1974 1020 1974 1020 1975 355 1975 1021 1975 1021 1976 355 1976 354 1976 1021 1977 354 1977 353 1977 1021 1978 353 1978 1022 1978 1022 1979 353 1979 352 1979 1022 1980 352 1980 351 1980 1022 1981 351 1981 1023 1981 1023 1982 351 1982 350 1982 1023 1983 350 1983 1024 1983 1024 1984 350 1984 349 1984 1024 1985 349 1985 1025 1985 1025 1986 349 1986 348 1986 1025 1987 348 1987 347 1987 1025 1988 347 1988 1026 1988 1026 1989 347 1989 346 1989 1026 1990 346 1990 1027 1990 1027 1991 346 1991 345 1991 1027 1992 345 1992 1028 1992 1028 1993 345 1993 344 1993 1028 1994 344 1994 343 1994 1028 1995 343 1995 1029 1995 1029 1996 343 1996 342 1996 1029 1997 342 1997 154 1997 1029 1998 154 1998 1030 1998 1030 1999 154 1999 153 1999 1030 2000 153 2000 1031 2000 1031 2001 153 2001 337 2001 337 2002 883 2002 1031 2002 1031 2003 883 2003 1032 2003 1032 2004 883 2004 875 2004 1032 2005 875 2005 1033 2005 1033 2006 875 2006 867 2006 1033 2007 867 2007 1034 2007 1034 2008 867 2008 859 2008 1034 2009 859 2009 1035 2009 1035 2010 859 2010 844 2010 1035 2011 844 2011 1036 2011 1036 2012 844 2012 835 2012 1036 2013 835 2013 1037 2013 1037 2014 835 2014 834 2014 1037 2015 834 2015 1038 2015 1038 2016 834 2016 827 2016 1038 2017 827 2017 1039 2017 1039 2018 827 2018 826 2018 1039 2019 826 2019 1040 2019 1040 2020 826 2020 820 2020 1040 2021 820 2021 1041 2021 1041 2022 820 2022 815 2022 1041 2023 815 2023 1042 2023 1042 2024 815 2024 811 2024 1042 2025 811 2025 1043 2025 1043 2026 811 2026 808 2026 1043 2027 808 2027 1044 2027 1044 2028 808 2028 807 2028 1044 2029 807 2029 1045 2029 1045 2030 807 2030 792 2030 1045 2031 792 2031 1046 2031 1046 2032 792 2032 790 2032 1046 2033 790 2033 1047 2033 1047 2034 790 2034 789 2034 1047 2035 789 2035 781 2035 781 2036 704 2036 1047 2036 1047 2037 704 2037 1048 2037 1048 2038 704 2038 702 2038 1048 2039 702 2039 700 2039 1048 2040 700 2040 1049 2040 1049 2041 700 2041 698 2041 1049 2042 698 2042 1050 2042 1050 2043 698 2043 696 2043 1050 2044 696 2044 694 2044 694 2045 692 2045 1050 2045 1050 2046 692 2046 1051 2046 1051 2047 692 2047 690 2047 1051 2048 690 2048 1052 2048 1052 2049 690 2049 688 2049 1052 2050 688 2050 1053 2050 1053 2051 688 2051 1054 2051 1054 2052 688 2052 780 2052 1054 2053 780 2053 1055 2053 1055 2054 780 2054 772 2054 1055 2055 772 2055 771 2055 1055 2056 771 2056 1056 2056 1056 2057 771 2057 778 2057 1056 2058 778 2058 1057 2058 1057 2059 778 2059 774 2059 1057 2060 774 2060 1058 2060 1058 2061 774 2061 773 2061 1058 2062 773 2062 1007 2062 1007 2063 773 2063 395 2063 1008 2064 1025 2064 1007 2064 1007 2065 1025 2065 1026 2065 1007 2066 1026 2066 1058 2066 1058 2067 1026 2067 1039 2067 1058 2068 1039 2068 1040 2068 1009 2069 1022 2069 1008 2069 1008 2070 1022 2070 1023 2070 1008 2071 1023 2071 1024 2071 1022 2072 1009 2072 1021 2072 1021 2073 1009 2073 1010 2073 1021 2074 1010 2074 1020 2074 1020 2075 1010 2075 1011 2075 1020 2076 1011 2076 1019 2076 1019 2077 1011 2077 1012 2077 1019 2078 1012 2078 1018 2078 1018 2079 1012 2079 1013 2079 1018 2080 1013 2080 1017 2080 1017 2081 1013 2081 1016 2081 1016 2082 1013 2082 1015 2082 1015 2083 1013 2083 1014 2083 1024 2084 1025 2084 1008 2084 1039 2085 1026 2085 1038 2085 1038 2086 1026 2086 1027 2086 1038 2087 1027 2087 1037 2087 1037 2088 1027 2088 1036 2088 1036 2089 1027 2089 1028 2089 1036 2090 1028 2090 1035 2090 1035 2091 1028 2091 1034 2091 1034 2092 1028 2092 1029 2092 1034 2093 1029 2093 1033 2093 1033 2094 1029 2094 1030 2094 1033 2095 1030 2095 1032 2095 1032 2096 1030 2096 1031 2096 1040 2097 1041 2097 1058 2097 1058 2098 1041 2098 1042 2098 1058 2099 1042 2099 1043 2099 1043 2100 1044 2100 1058 2100 1058 2101 1044 2101 1045 2101 1058 2102 1045 2102 1046 2102 1058 2103 1046 2103 1057 2103 1057 2104 1046 2104 1047 2104 1057 2105 1047 2105 1056 2105 1056 2106 1047 2106 1055 2106 1055 2107 1047 2107 1048 2107 1055 2108 1048 2108 1054 2108 1054 2109 1048 2109 1053 2109 1053 2110 1048 2110 1052 2110 1052 2111 1048 2111 1049 2111 1052 2112 1049 2112 1051 2112 1051 2113 1049 2113 1050 2113</p>
        </triangles>
      </mesh>
    </geometry>
  </library_geometries>
  <library_visual_scenes>
    <visual_scene id="Scene" name="Scene">
      <node id="Daggerboard" name="Daggerboard" type="NODE">
        <matrix sid="transform">0.02 0 0 0 0 0.02 0 0 0 0 0.02 0 0 0 0 1</matrix>
        <instance_geometry url="#Daggerboard_001-mesh" name="Daggerboard"/>
      </node>
    </visual_scene>
  </library_visual_scenes>
  <scene>
    <instance_visual_scene url="#Scene"/>
  </scene>
</COLLADA>