<?xml version="1.0" encoding="utf-8"?>
<COLLADA xmlns="http://www.collada.org/2005/11/COLLADASchema" version="1.4.1" xmlns:xsi="http://www.w3.org/2001/XMLSchema-instance">
  <asset>
    <contributor>
      <author>Blender User</author>
      <authoring_tool>Blender 4.5.3 LTS commit date:2025-09-08, commit time:12:46, hash:67807e1800cc</authoring_tool>
    </contributor>
    <created>2025-09-30T10:19:15</created>
    <modified>2025-09-30T10:19:15</modified>
    <unit name="meter" meter="1"/>
    <up_axis>Z_UP</up_axis>
  </asset>
  <library_images/>
  <library_geometries>
    <geometry id="rudder_001-mesh" name="rudder.001">
      <mesh>
        <source id="rudder_001-mesh-positions">
          <float_array id="rudder_001-mesh-positions-array" count="4377">-0.2884538 -62.23844 8.50988 -0.1994076 -62.24222 8.509886 -0.1192659 -62.13382 8.509633 -0.1103613 -62.23844 8.50988 0.03871154 -62.10673 8.509566 0.06516945 -62.20834 8.509806 0.1898391 -62.05334 8.509445 0.2330886 -62.14901 8.509667 0.3297685 -61.97517 8.509257 0.388566 -62.06216 8.509463 0.4544746 -61.87447 8.509019 0.5271283 -61.95027 8.509202 0.5603696 -61.75415 8.508735 0.6447895 -61.81659 8.508884 0.6444075 -61.61766 8.508415 0.7381647 -61.66493 8.508529 0.7041702 -61.46894 8.508065 0.8045676 -61.49969 8.508138 0.7379383 -61.31226 8.507696 0.8420879 -61.32559 8.507728 0.744741 -61.15212 8.507318 0.8496465 -61.14766 8.507307 0.7243823 -60.99313 8.506945 0.8270255 -60.97101 8.506891 0.6774474 -60.83988 8.506584 0.7748759 -60.80073 8.50649 0.6052874 -60.69676 8.506247 0.694698 -60.6417 8.506116 0.5099779 -60.56789 8.505941 0.5887984 -60.49852 8.505781 0.3942605 -60.45698 8.505681 0.4602237 -60.37529 8.505487 0.2614642 -60.36722 8.505467 0.3126723 -60.27556 8.505254 0.1154097 -60.30121 8.505313 0.1503893 -60.20221 8.505083 -0.03970158 -60.26082 8.505215 -0.0219565 -60.15733 8.504975 -0.1994075 -60.24723 8.505186 -0.1994075 -60.14223 8.50494 -0.3591133 -60.26082 8.505215 -0.3768583 -60.15733 8.504975 -0.5142247 -60.30121 8.505313 -0.5492044 -60.20221 8.505083 -0.6602793 -60.36722 8.505467 -0.7114873 -60.27556 8.505254 -0.7930756 -60.45698 8.505681 -0.8590385 -60.37529 8.505487 -0.9087929 -60.56789 8.505941 -0.9876134 -60.49852 8.505781 -1.004103 -60.69676 8.506247 -1.093513 -60.6417 8.506116 -1.076263 -60.83988 8.506584 -1.173691 -60.80073 8.50649 -1.123197 -60.99313 8.506945 -1.225841 -60.97101 8.506891 -1.143556 -61.15212 8.507318 -1.248461 -61.14766 8.507307 -1.136754 -61.31226 8.507696 -1.240903 -61.32559 8.507728 -1.102985 -61.46894 8.508065 -1.203383 -61.49969 8.508138 -1.043223 -61.61766 8.508415 -1.13698 -61.66493 8.508529 -0.9591849 -61.75415 8.508735 -1.043605 -61.81659 8.508884 -0.8532899 -61.87447 8.509019 -0.9259435 -61.95027 8.509202 -0.7285838 -61.97517 8.509257 -0.7873813 -62.06216 8.509463 -0.5886543 -62.05334 8.509445 -0.631904 -62.14901 8.509667 -0.4375269 -62.10673 8.509566 -0.4639846 -62.20834 8.509806 -0.2795492 -62.13382 8.509633 0.9853848 -61.21513 8.207468 0.9853848 -61.22008 6.107471 0.9725354 -61.02245 6.107006 0.9725354 -61.01751 8.207 0.9269539 -60.82973 6.106551 0.9269539 -60.82478 8.206547 0.8499125 -60.64728 6.106121 0.8499125 -60.64234 8.206117 0.7435628 -60.48022 6.105727 0.7435628 -60.47528 8.205723 0.610876 -60.3332 6.105381 0.610876 -60.32826 8.205377 0.4555575 -60.21034 6.105091 0.4555577 -60.20539 8.205087 0.2819457 -60.11505 6.104869 0.2819459 -60.1101 8.204862 0.09488934 -60.05001 6.104715 0.09488946 -60.04506 8.20471 -0.1003867 -60.01703 6.104637 -0.1003866 -60.01208 8.204631 -0.2984285 -60.01703 6.104637 -0.2984284 -60.01208 8.204631 -0.4937046 -60.05001 6.104715 -0.4937044 -60.04506 8.20471 -0.6807609 -60.11505 6.104869 -0.6807608 -60.1101 8.204862 -0.8543727 -60.21034 6.105091 -0.8543726 -60.20539 8.205087 -1.009691 -60.3332 6.105381 -1.009691 -60.32826 8.205377 -1.142378 -60.48022 6.105727 -1.142378 -60.47528 8.205723 -1.248727 -60.64728 6.106121 -1.248727 -60.64234 8.206117 -1.325769 -60.82973 6.106551 -1.325769 -60.82478 8.206547 -1.371351 -61.02245 6.107006 -1.371351 -61.01751 8.207 -1.3842 -61.22008 6.107471 -1.3842 -61.21513 8.207468 0.03871142 -62.11239 6.109572 -0.119266 -62.13947 6.109634 -0.1994078 -62.14287 6.109643 -0.2795493 -62.13947 6.109634 -0.437527 -62.11239 6.109572 -0.5886544 -62.05899 6.109448 -0.7285839 -61.98081 6.109263 -0.85329 -61.88013 6.109025 -0.9591851 -61.75981 6.108742 -1.043223 -61.62332 6.108421 -1.102985 -61.47459 6.10807 -1.136754 -61.31791 6.107702 -1.143556 -61.15777 6.107325 -1.123197 -60.99879 6.106949 -1.076263 -60.84553 6.106587 -1.004103 -60.70241 6.106254 -0.908793 -60.57354 6.105947 -0.7930756 -60.46264 6.105686 -0.6602794 -60.37289 6.105475 -0.5142248 -60.30686 6.10532 -0.3591135 -60.26647 6.105226 -0.1994076 -60.25288 6.105191 -0.0397017 -60.26647 6.105226 0.1154096 -60.30686 6.10532 0.2614641 -60.37289 6.105475 0.3942603 -60.46264 6.105686 0.5099777 -60.57354 6.105947 0.6052874 -60.70241 6.106254 0.6774474 -60.84553 6.106587 0.7243823 -60.99879 6.106949 0.744741 -61.15777 6.107325 0.7379383 -61.31791 6.107702 0.7041702 -61.47459 6.10807 0.6444075 -61.62332 6.108421 0.5603695 -61.75981 6.108742 0.4544745 -61.88013 6.109025 0.3297684 -61.98081 6.109263 0.1898389 -62.05899 6.109448 -0.1977201 -62.35711 -22.46676 -0.2009317 -62.34173 -23.0465 -0.1994082 -62.87697 -2.308944 -0.1613242 -62.36869 -22.51937 -0.178816 -62.87753 -2.308844 -0.1614141 -62.87991 -2.308418 -0.008155107 -62.46927 -22.74866 -0.03748428 -62.44429 -22.70602 -0.05603629 -62.90833 -2.303339 -0.05651825 -62.42752 -22.67541 -0.07199066 -62.90057 -2.304724 -0.07010436 -62.41589 -22.65504 -0.1050987 -62.89045 -2.306534 -0.1060238 -62.39695 -22.60142 -0.1218267 -62.88533 -2.30745 -0.1175186 -62.39097 -22.5848 -0.1590745 -62.36944 -22.52282 0.04229015 -62.52285 -22.82464 0.03526806 -62.51524 -22.81821 -0.007366418 -62.93531 -2.298516 -0.02326583 -62.92426 -2.300489 0.01601678 -62.49057 -22.78753 0.02650713 -62.95884 -2.29431 0.04292744 -62.97452 -2.291506 0.09297305 -62.5871 -22.9017 0.08142191 -63.01129 -2.284934 0.1003739 -62.59939 -22.91113 0.09970897 -63.03515 -2.280668 0.1047161 -62.60684 -22.91768 0.1643242 -62.70957 -23.00092 0.1693596 -62.71972 -23.00152 -0.2009316 -62.68273 -24.04961 0.2215997 -62.83286 -23.07068 0.2295983 -63.25667 -2.241069 0.1600654 -62.7008 -22.99696 0.1442225 -63.09323 -2.270286 0.1631858 -63.1266 -2.264322 0.210289 -63.20949 -2.249504 0.3213734 -63.48087 -2.200992 0.3194838 -63.09695 -23.149 0.3180804 -63.0922 -23.14863 0.2775058 -62.97465 -23.12107 0.2749019 -62.96802 -23.11838 0.2314365 -62.8579 -23.08084 0.3608059 -63.2379 -23.15785 0.3625847 -63.64027 -2.172499 0.368649 -63.27745 -23.15596 0.4109245 -63.82724 -2.139077 0.4479676 -63.73132 -23.15106 0.4760233 -64.68931 -1.984976 0.4774307 -64.42881 -23.14167 0.4594043 -64.22411 -2.068133 0.4421633 -64.08296 -2.093363 0.4770724 -64.75257 -1.973667 0.4816373 -65.0278 -1.924468 0.4870844 -65.53337 -23.13125 0.4806086 -65.83978 -1.779321 0.4870844 -66.5047 -23.12142 0.4796172 -66.62261 -1.639385 0.4369807 -67.43441 -23.10652 -0.1994089 -71.73651 -0.7252352 -0.2009317 -71.71163 -21.4292 0.02717792 -70.86399 -0.8812046 -0.02874159 -70.97461 -22.47534 0.0998888 -70.48899 -0.9482417 0.105943 -70.38465 -22.83902 0.2013576 -69.96566 -1.04179 0.2197046 -69.79018 -22.98555 0.3067343 -69.19487 -1.179573 0.3107149 -68.97194 -23.09077 0.3348299 -68.98937 -1.216308 0.3831022 -68.31254 -23.09445 0.4266949 -67.92404 -1.406743 0.43406 -67.74293 -1.43912 -0.2407136 -62.36952 -22.5228 -0.2574057 -62.37776 -22.5443 -0.2551405 -62.88145 -2.308143 -0.2829743 -62.39176 -22.5846 -0.3111919 -62.40687 -22.62461 -0.3095118 -62.89456 -2.305799 -0.3124345 -62.8953 -2.305669 -0.3649567 -62.44589 -22.70587 -0.4085695 -62.48463 -22.77144 -0.4064706 -62.94468 -2.296841 -0.4375593 -62.51786 -22.81781 -0.4545003 -62.53907 -22.84208 -0.4543475 -62.98487 -2.289657 -0.2812132 -71.44821 -0.7767544 -0.4377369 -71.02416 -22.47043 -0.4427212 -70.7693 -0.8981326 -0.4822835 -70.60297 -0.9278643 -0.5686739 -70.30464 -22.83875 -0.6456573 -69.67382 -1.093959 -0.6729925 -69.66654 -22.98926 -0.6702381 -69.46899 -1.130573 -0.7557376 -68.86553 -23.08917 -0.7680996 -68.65351 -1.276344 -0.818414 -67.96882 -23.09883 -0.8150946 -67.98823 -1.395269 -0.8480203 -67.52211 -1.478591 -0.8687226 -66.72034 -23.11224 -0.8624773 -66.96254 -1.578619 -0.8847134 -65.72139 -23.11998 -0.8855143 -66.07087 -1.73801 -0.8800191 -64.70375 -23.13097 -0.8752598 -64.97613 -1.933704 -0.8722649 -64.23302 -23.14263 -0.870847 -64.50504 -2.017916 -0.8522341 -63.79762 -23.1482 -0.77267 -63.67259 -2.166722 -0.7793944 -63.31914 -23.15415 -0.8372837 -64.00498 -2.107304 -0.846006 -64.13494 -2.084075 -0.6791918 -62.98513 -23.11919 -0.7210968 -63.10756 -23.14675 -0.7622724 -63.6191 -2.176282 -0.6491335 -63.3021 -2.232946 -0.6570644 -62.92879 -23.09635 -0.6765882 -62.9785 -23.11651 -0.724564 -63.11769 -23.14904 -0.7602407 -63.23967 -23.15753 -0.5646801 -62.71221 -22.99492 -0.5693096 -62.7222 -23.00108 -0.5642109 -62.71141 -22.99421 -0.6205807 -62.83283 -23.06927 -0.6215592 -62.83532 -23.07028 -0.6378708 -63.27055 -2.238588 -0.5582157 -63.11947 -2.265596 -0.5066943 -62.61168 -22.9166 -0.4938709 -62.58977 -22.89723 -0.5501822 -63.10423 -2.26832 -0.489447 -63.02309 -2.282824 -0.4900395 -62.58439 -22.89806 -0.4825193 -63.01383 -2.284479 -0.4572369 -62.98733 -2.289215 -0.4092383 -62.94641 -2.29653 -0.4182716 -62.49328 -22.78705 -0.3604133 -62.44184 -22.69856 -0.3617401 -62.91659 -2.301863 -0.3589687 -62.91539 -2.302076 -0.3350736 -62.41996 -22.66225 -0.2582928 -62.88171 -2.308097 -0.227275 -62.60401 -12.9685 -0.2041436 -62.35736 -22.46671 -0.2009317 -63.07626 -24.34936 -0.2009317 -63.23862 -24.45657 -0.2009317 -62.33016 -23.25809 -0.2009317 -62.34742 -23.44021 -0.2009317 -63.72978 -24.61635 -0.2009317 -69.94944 -24.31883 -0.2009317 -70.90034 -23.72897 -0.2009317 -62.40903 -23.69745 -0.2009317 -64.40301 -24.80467 -0.2009316 -62.5699 -23.93272 -0.2009317 -62.84696 -24.19912 -0.2009318 -67.66523 -24.92321 -0.2009317 -66.58595 -24.97334 -0.2009317 -71.47301 -22.79904 -0.2009317 -65.58266 -24.97571 -0.2009317 -68.88465 -24.68605 -0.4092383 -62.83208 -1.464382 -0.3617401 -62.80192 -1.467291 -0.3124345 -62.78039 -1.469371 -0.2582928 -62.76665 -1.470697 -0.8468992 -67.45774 -0.6280429 -0.8476964 -67.4345 -0.6280933 -0.8480203 -67.45883 -1.017934 -0.3656641 -62.7572 -0.6370633 -0.3616016 -62.75538 -0.6370564 -0.305684 -62.73118 -0.6369693 -0.2582314 -62.71989 -0.6369281 -0.2546994 -62.71905 -0.6369212 -0.1994081 -62.71482 -0.6369076 -0.1994082 -62.76186 -1.471157 -0.4564052 -62.82785 -0.6372326 -0.4572369 -62.87345 -1.460392 -0.4725461 -62.84281 -0.6372624 -0.4825193 -62.90025 -1.457806 -0.5501822 -62.99166 -1.448983 -0.5366691 -62.92488 -0.6373241 -0.4816933 -62.85452 -0.6372693 -0.6378707 -63.15983 -1.432757 -0.6203603 -63.07618 -0.6372371 -0.5486603 -62.94656 -0.6373127 -0.7515588 -63.43008 -0.636713 -0.7189226 -63.32457 -0.6368709 -0.635948 -63.11547 -0.6371777 -0.7603334 -63.46925 -0.6366513 -0.7622724 -63.51226 -1.39875 -0.8174539 -63.72423 -0.6362574 -0.8372837 -63.90245 -1.361099 -0.8673248 -64.36904 -0.6350262 -0.8575379 -64.07357 -0.6356533 -0.8331864 -63.86134 -0.6360195 -0.8764074 -64.64324 -0.6344378 -0.870847 -64.40808 -1.312308 -0.8862658 -65.64204 -0.6321285 -0.8855143 -65.9914 -1.159532 -0.8832578 -65.95985 -0.631403 -0.877534 -66.56456 -0.6300273 -0.790918 -68.32327 -0.6261914 -0.7680996 -68.60285 -0.9075444 -0.7646853 -68.58403 -0.6256671 -0.6456573 -69.63452 -0.8079944 -0.4822835 -70.57405 -0.7173367 -0.4796636 -70.5662 -0.6222842 -0.5887227 -69.98816 -0.6230488 -0.6410952 -69.62097 -0.6236942 -0.7065016 -69.16239 -0.6245067 -0.2455214 -71.55799 -0.6219616 -0.2810806 -71.42761 -0.6218472 -0.2812132 -71.42884 -0.6348567 -0.2861639 -71.40897 -0.6218357 -0.4527198 -70.70902 -0.6220944 -0.1994089 -71.72183 -0.6221836 -0.2311168 -71.6108 -0.6220074 -0.3138769 -62.73394 -0.6369784 -0.4169306 -62.79126 -0.6371639 -0.178816 -62.76243 -1.471104 -0.07199066 -62.78573 -1.468854 -0.02326583 -62.80968 -1.466545 0.02650713 -62.84465 -1.463171 0.08142191 -62.89768 -1.458051 0.1442225 -62.98053 -1.450056 0.210289 -63.09809 -1.438717 0.3213734 -63.3725 -1.412236 -0.08493906 -62.73394 -0.6369784 -0.07234829 -62.7396 -0.6369991 0.01811462 -62.79126 -0.6371639 0.0259909 -62.79856 -0.6371753 0.1378526 -62.92488 -0.6373241 0.1434357 -62.93498 -0.6373172 0.2215439 -63.07618 -0.6372371 0.3201062 -63.32457 -0.6368709 0.4747072 -64.55619 -0.6346233 0.4760233 -64.59442 -1.294327 0.4594044 -64.12403 -1.339719 -0.1677009 -71.6108 -0.6220074 -0.1532962 -71.55799 -0.6219616 0.02717792 -70.83798 -0.691869 -0.1126539 -71.40897 -0.6218357 0.02467322 -70.83185 -0.6220486 0.3076843 -69.16239 -0.6245067 0.1998961 -69.91811 -0.6231723 0.2013576 -69.92961 -0.7795193 0.189905 -69.98816 -0.6230488 0.05390232 -70.70902 -0.6220944 0.3315244 -68.92541 -0.6249828 0.3348299 -68.94245 -0.8747752 0.3921007 -68.32327 -0.6261914 0.4266949 -67.86524 -0.9787197 0.4231796 -67.84276 -0.627219 0.4796172 -66.54928 -1.105696 0.4787173 -66.56456 -0.6300273 0.4480822 -67.45774 -0.6280429 0.4775909 -64.64324 -0.6344378 0.4801258 -64.90007 -0.6338427 0.4816373 -64.93669 -1.261306 0.4874492 -65.64204 -0.6321285 0.4791346 -66.52046 -0.6301258 0.3527424 -63.43008 -0.636713 0.4088945 -63.68074 -0.6363239 0.4109247 -63.72273 -1.378441 0.4186374 -63.72423 -0.6362574 0.4587215 -64.07357 -0.6356533 -0.1218267 -62.77031 -1.470342 -0.1220602 -62.7243 -0.6369441 -0.09313207 -62.73118 -0.6369693 -0.1441166 -62.71905 -0.6369212 -0.1788924 -62.71639 -0.6369145 0.2089478 -63.05341 -0.6372509 0.07372963 -62.84281 -0.6372624 -0.03315198 -62.7572 -0.6370633 -0.7285842 -61.99637 -0.4907162 -0.5886548 -62.07454 -0.4905353 -0.1994081 -62.56448 -0.4893818 -0.3591138 -60.28202 -0.4947605 -0.2984288 -60.03257 -0.4953442 -0.1994079 -60.26843 -0.4947903 -0.100387 -60.03257 -0.4953442 -0.03970199 -60.28202 -0.4947605 0.09488904 -60.06556 -0.4952662 0.1154093 -60.32241 -0.4946621 0.2819454 -60.1306 -0.4951129 0.2614638 -60.38843 -0.4945064 0.4555572 -60.22589 -0.4948886 0.3942601 -60.47819 -0.4942935 0.6108757 -60.34875 -0.4946003 0.5099775 -60.58909 -0.4940302 0.7435626 -60.49578 -0.4942546 0.6052872 -60.71796 -0.4937306 0.8499123 -60.66284 -0.493861 0.6774472 -60.86108 -0.4933918 0.9269536 -60.84528 -0.4934306 0.7243819 -61.01434 -0.4930301 0.9725351 -61.038 -0.4929774 0.7447407 -61.17332 -0.4926593 0.9853846 -61.23563 -0.4925106 0.7379381 -61.33346 -0.4922793 0.70417 -61.49015 -0.4919109 -1.143557 -61.17332 -0.4926593 -1.3842 -61.23563 -0.4925106 -1.123198 -61.01434 -0.4930301 -1.371351 -61.038 -0.4929774 -1.076263 -60.86108 -0.4933918 -1.325769 -60.84528 -0.4934306 -1.004103 -60.71796 -0.4937306 -1.248728 -60.66284 -0.493861 -0.9087932 -60.58909 -0.4940302 -1.142378 -60.49578 -0.4942546 -0.7930759 -60.47819 -0.4942935 -1.009691 -60.34875 -0.4946003 -0.6602796 -60.38843 -0.4945064 -0.854373 -60.22589 -0.4948886 -0.5142251 -60.32241 -0.4946621 -0.6807611 -60.1306 -0.4951129 -0.4937049 -60.06556 -0.4952662 -1.136754 -61.33346 -0.4922793 -1.102985 -61.49015 -0.4919109 -1.209987 -70.53398 -0.470602 -1.043223 -61.63887 -0.4915631 -0.9591854 -61.77536 -0.4912379 -0.4375273 -62.12793 -0.4904094 -0.2795496 -62.15502 -0.4903452 -0.1208951 -62.57052 -0.489368 -0.1192663 -62.15502 -0.4903452 0.03871113 -62.12793 -0.4904094 0.1837785 -62.74054 -0.4889653 0.1105674 -62.6728 -0.4891255 0.2624869 -62.84108 -0.4887271 0.1898387 -62.07454 -0.4905353 0.357356 -63.01216 -0.4883244 0.6444072 -61.63887 -0.4915631 0.8111698 -70.53398 -0.470602 0.5603693 -61.77536 -0.4912379 -0.3517691 -62.5881 -0.4893246 -0.3636562 -62.5921 -0.4893153 -0.8532903 -61.89568 -0.4909566 -0.4381114 -62.62553 -0.4892352 -0.5093835 -62.6728 -0.4891255 0.03929519 -62.62553 -0.4892352 -0.0351597 -62.5921 -0.4893153 -0.04704695 -62.5881 -0.4893246 -0.2779209 -62.57052 -0.489368 0.03231805 -71.44698 -0.4684527 0.200614 -70.73983 -0.470119 0.3378757 -70.01237 -0.4718335 0.4566046 -69.17999 -0.4737949 -0.5825948 -62.74054 -0.4889653 -0.6613032 -62.84108 -0.4887271 -0.7561723 -63.01216 -0.4883244 -0.861194 -63.2767 -0.487704 -0.8958066 -63.38859 -0.4874384 -0.9653868 -63.69906 -0.4867084 -0.7366933 -70.01237 -0.4718335 -0.5994315 -70.73983 -0.470119 0.5416011 -68.33514 -0.4757817 0.5979048 -67.46467 -0.4778369 0.6286842 -66.56736 -0.4799495 -0.8554218 -69.17999 -0.4737949 0.6374487 -65.64154 -0.4821308 0.6275681 -64.64028 -0.4844883 0.6083572 -64.06277 -0.4858501 0.4544742 -61.89568 -0.4909566 0.5665702 -63.69906 -0.4867084 0.3297681 -61.99637 -0.4907162 0.4969903 -63.38859 -0.4874384 0.4623777 -63.2767 -0.487704 -0.4311355 -71.44698 -0.4684527 -0.1994089 -72.01182 -0.4849207 -1.209986 -66.66571 9.729372 -0.4450879 -72.00864 -0.4654842 -0.3970307 -72.1023 -0.4530101 -0.3522486 -72.19158 -0.4170666 -0.3137932 -72.2704 -0.3601139 -0.2842853 -72.33339 -0.2860293 -0.2657359 -72.37627 -0.19986 -0.259409 -72.3961 -0.107481 -0.2594086 -70.15525 7.170048 -0.2916193 -69.8593 7.833877 -0.3860558 -69.40058 8.452039 -0.5362824 -68.81034 8.982404 -0.7320616 -68.1288 9.388827 -0.9600513 -67.40242 9.643616 -1.204714 -66.68069 9.729403 -1.027501 -66.56736 -0.4799495 -0.9967219 -67.46467 -0.4778369 -0.9404181 -68.33514 -0.4757817 -1.007173 -64.06277 -0.4858501 -1.026385 -64.64028 -0.4844883 -1.036266 -65.64154 -0.4821308 0.9853846 -61.22997 1.90748 0.9725351 -61.03235 1.907015 0.9269536 -60.83963 1.906562 0.8499123 -60.65718 1.906132 0.7435626 -60.49012 1.905741 0.6108757 -60.3431 1.905395 0.4555574 -60.22023 1.905104 0.2819456 -60.12495 1.90488 0.09488922 -60.0599 1.904726 -0.1003869 -60.02692 1.904649 -0.2984287 -60.02692 1.904649 -0.4937047 -60.0599 1.904726 -0.680761 -60.12495 1.90488 -0.8543729 -60.22023 1.905104 -1.009691 -60.3431 1.905395 -1.142378 -60.49012 1.905741 -1.248728 -60.65718 1.906132 -1.325769 -60.83963 1.906562 -1.371351 -61.03235 1.907015 -1.3842 -61.22997 1.90748 -1.364341 -62.27507 8.209962 -1.325596 -64.34796 6.114839 -1.325596 -64.35784 1.914853 -1.364341 -62.27154 9.709959 0.9260953 -64.38452 6.114925 0.9655253 -62.27507 8.209962 0.9655253 -62.27154 9.709959 0.8111702 -66.66571 9.729372 0.926095 -64.39442 1.914937 -0.1994078 -60.26278 1.905203 -0.03970187 -60.27637 1.905237 0.1154094 -60.31676 1.905329 0.2614639 -60.38278 1.905489 0.3942602 -60.47253 1.905699 0.5099776 -60.58344 1.905961 0.6052872 -60.71231 1.906265 0.6774472 -60.85543 1.906599 0.7243819 -61.00868 1.90696 0.7447407 -61.16767 1.907338 0.7379381 -61.32781 1.907711 0.70417 -61.48449 1.908084 0.6444072 -61.63322 1.908432 0.5603694 -61.7697 1.908753 0.4544743 -61.89002 1.909039 0.3297683 -61.99071 1.909275 0.1898388 -62.06888 1.90946 0.0387113 -62.12228 1.909586 -0.1192662 -62.14936 1.909647 -0.2795495 -62.14936 1.909647 -0.4375271 -62.12228 1.909586 -0.5886546 -62.06888 1.90946 -0.7285842 -61.99071 1.909275 -0.8532902 -61.89002 1.909039 -0.9591853 -61.7697 1.908753 -1.043223 -61.63322 1.908432 -1.102985 -61.48449 1.908084 -1.136754 -61.32781 1.907711 -1.143556 -61.16767 1.907338 -1.123198 -61.00868 1.90696 -1.076263 -60.85543 1.906599 -1.004103 -60.71231 1.906265 -0.9087931 -60.58344 1.905961 -0.7930758 -60.47253 1.905699 -0.6602796 -60.38278 1.905489 -0.5142249 -60.31676 1.905329 -0.3591136 -60.27637 1.905237 -1.324111 -64.3239 6.114784 0.7789314 -64.23174 6.114567 -1.318793 -64.30039 6.114731 0.8991044 -64.29583 6.114717 0.9110248 -64.31613 6.114768 0.9196234 -64.33804 6.114816 -1.172813 -64.19516 6.114479 -1.196865 -64.19665 6.114484 -1.297305 -64.25743 6.114628 -1.281689 -64.23908 6.114585 -1.263335 -64.22346 6.114546 -1.30978 -64.27804 6.114674 0.8841559 -64.27765 6.114674 0.8665471 -64.26203 6.114637 0.8467119 -64.24936 6.114608 0.9246885 -64.36103 6.114871 -1.220369 -64.20198 6.114498 -1.242718 -64.21098 6.114518 0.8251387 -64.23995 6.114587 0.802358 -64.23402 6.114571 0.778931 -64.24163 1.91458 -1.324111 -64.33379 1.914797 0.919623 -64.34793 1.91483 0.9246882 -64.37091 1.914882 -1.172813 -64.20507 1.914493 0.8251383 -64.24983 1.914598 0.8467116 -64.25925 1.914621 0.8023578 -64.24391 1.914585 0.9110246 -64.32601 1.914777 0.8991041 -64.30573 1.914729 -1.196865 -64.20655 1.914493 -1.318793 -64.31029 1.91474 -1.281689 -64.24897 1.914594 -1.263335 -64.23336 1.914559 -1.30978 -64.28794 1.914688 -1.297305 -64.26732 1.914639 0.8665468 -64.27192 1.914649 0.8841555 -64.28754 1.914688 -1.242718 -64.22088 1.91453 -1.220369 -64.21186 1.914509 -0.1994081 -62.61045 -0.4964817 -0.1994081 -62.58774 -0.4911397 -0.1244962 -62.5935 -0.4911234 -0.1994081 -62.71262 -0.6136851 -0.1994089 -71.90594 -0.5042935 -0.1994089 -71.87627 -0.5139315 -0.1267879 -71.62203 -0.5133755 -0.1994089 -71.72166 -0.61534 -0.1994089 -71.72919 -0.5925639 -0.1994089 -71.72617 -0.5982401 -0.1664669 -71.61109 -0.5981076 -0.1994089 -71.7259 -0.5987437 -0.1994089 -71.72303 -0.6067135 -0.1994089 -71.72258 -0.608572 -0.1994089 -71.74691 -0.5721774 -0.1994089 -71.74428 -0.5748119 -0.1615903 -71.6124 -0.574718 -0.1994089 -71.73634 -0.582793 -0.1994089 -71.80695 -0.5364513 -0.1994089 -71.77571 -0.5525234 -0.1531951 -71.61471 -0.5524273 -0.1994089 -71.76963 -0.55565 0.05544412 -70.70929 -0.5984187 -0.1113233 -71.40927 -0.5980046 0.1915653 -69.98838 -0.5994532 0.3094238 -69.16254 -0.6009662 0.4499 -67.45777 -0.6045573 0.3938884 -68.32336 -0.6026828 0.4794439 -64.64316 -0.6109753 0.4892963 -65.64199 -0.6086612 0.4805535 -66.56455 -0.6065533 0.4605879 -64.07339 -0.6122067 0.4205131 -63.72386 -0.6128337 0.3546034 -63.4295 -0.6133168 0.3219534 -63.3239 -0.6134861 0.2233352 -63.07528 -0.6138797 0.1395277 -62.92371 -0.6139941 0.07523471 -62.84136 -0.6139667 0.01939779 -62.78956 -0.613889 -0.08423358 -62.73188 -0.6137402 -0.03213447 -62.75531 -0.613811 -0.09247815 -62.72909 -0.6137354 -0.1437856 -62.71688 -0.613699 -0.1063567 -71.41053 -0.5746975 0.06061846 -70.71033 -0.5752857 0.1968634 -69.98921 -0.5764163 0.314808 -69.16313 -0.5779889 0.3993247 -68.32375 -0.5797443 0.4553679 -67.45798 -0.5816417 0.4860394 -66.56461 -0.5836582 0.4947914 -65.64192 -0.5857754 0.4849426 -64.64301 -0.588094 0.4660875 -64.07295 -0.5893414 0.4259734 -63.72289 -0.5900028 0.3599515 -63.42792 -0.5905154 0.3272374 -63.32208 -0.5906963 0.2284001 -63.07286 -0.5911152 0.1441994 -62.92052 -0.5912685 0.07937932 -62.83747 -0.5912731 0.02289414 -62.78504 -0.5912273 -0.02938556 -62.75027 -0.5911725 -0.08234 -62.72645 -0.5911288 -0.09072452 -62.72361 -0.5911198 -0.1429007 -62.71118 -0.5910945 -0.1994081 -62.70685 -0.5910854 -0.1414837 -62.70209 -0.5696552 -0.08791369 -62.71486 -0.5696712 -0.07930445 -62.71777 -0.5696735 -0.0249722 -62.74222 -0.5697034 0.02851861 -62.77781 -0.5697329 0.08606278 -62.83123 -0.5697444 0.1517543 -62.91542 -0.569701 0.2366152 -63.06895 -0.5695109 0.3358287 -63.31916 -0.5690556 0.3686562 -63.42538 -0.5688632 0.4348839 -63.72134 -0.5683093 0.4750851 -64.07227 -0.5676227 0.4939521 -64.6428 -0.5663569 0.5037992 -65.64187 -0.5640292 0.4950399 -66.56475 -0.5619006 0.4643512 -67.45837 -0.5598729 0.4082757 -68.32443 -0.5579479 0.3237035 -69.16416 -0.5561512 0.2056681 -69.99062 -0.5545101 0.06929564 -70.71212 -0.5532763 -0.09787946 -71.41272 -0.552496 -0.1994081 -62.69765 -0.5696483 -0.1395686 -62.68982 -0.5499051 -0.08411395 -62.70304 -0.5499072 -0.07520002 -62.70606 -0.5499096 -0.01900124 -62.73135 -0.5499165 0.03613448 -62.76803 -0.5499165 0.09512293 -62.82279 -0.5498958 0.1620079 -62.9085 -0.549818 0.2477799 -63.06367 -0.5495823 0.3475172 -63.31521 -0.5490925 0.380504 -63.42196 -0.5488865 0.4470262 -63.71926 -0.5483005 0.4873598 -64.07136 -0.5475772 0.5062502 -64.64254 -0.5462954 0.5160977 -65.6418 -0.5439608 0.5073332 -66.56496 -0.5418208 0.4766285 -67.45892 -0.5397723 0.42052 -68.32538 -0.5378246 0.33589 -69.16558 -0.5359843 0.2177601 -69.99258 -0.5342746 0.08125871 -70.71462 -0.532938 -0.08610665 -71.41579 -0.5319629 -0.1414949 -71.61795 -0.5318072 -0.1994089 -71.82028 -0.5321231 -0.1994081 -62.68523 -0.5499051 -0.1372018 -62.67468 -0.5323176 -0.07941687 -62.68846 -0.5323131 -0.07012653 -62.6916 -0.5323086 -0.01161736 -62.71792 -0.5322971 0.04555726 -62.75595 -0.5322673 0.1063388 -62.81236 -0.5322147 0.1747101 -62.89996 -0.5321002 0.2616212 -63.05714 -0.531821 0.3620167 -63.31033 -0.531306 0.3952049 -63.41772 -0.5310795 0.4621024 -63.71669 -0.5304637 0.5026094 -64.07025 -0.5297062 0.5215345 -64.64223 -0.5284038 0.5313842 -65.64175 -0.5260623 0.5226163 -66.56523 -0.5239132 0.4918968 -67.45962 -0.5218487 0.4357551 -68.32659 -0.5198734 0.3510659 -69.16737 -0.5179966 0.2328386 -69.99504 -0.5162182 0.09620839 -70.71775 -0.5147784 -0.07133579 -71.41965 -0.5136204 -0.1994081 -62.6699 -0.53232 -0.1344406 -62.65702 -0.5173168 -0.07393628 -62.67144 -0.517303 -0.06420654 -62.67473 -0.5172985 -0.002999663 -62.70226 -0.5172665 0.05655795 -62.74186 -0.5172138 0.1194382 -62.8002 -0.5171292 0.1895518 -62.88998 -0.5169757 0.2778011 -63.04952 -0.5166667 0.3789723 -63.30463 -0.5161152 0.4123986 -63.41278 -0.5158818 0.4797424 -63.71369 -0.5152271 0.5204589 -64.06897 -0.5144444 0.5394286 -64.64189 -0.5131214 0.5492822 -65.6417 -0.5107799 0.5405126 -66.56558 -0.5086169 0.5097796 -67.46045 -0.5065365 0.453605 -68.32801 -0.5045383 0.3688551 -69.16947 -0.5026226 0.2505291 -69.99794 -0.500787 0.1137705 -70.72145 -0.4992581 -0.05394089 -71.42422 -0.4979351 -0.1094479 -71.62688 -0.4976101 -0.1994089 -71.93977 -0.4981067 -0.1994081 -62.65203 -0.5173259 -0.1313519 -62.63729 -0.5052731 -0.06780499 -62.65243 -0.5052502 -0.05758339 -62.65588 -0.5052433 0.006643235 -62.68476 -0.5051906 0.06886976 -62.72611 -0.5051196 0.1341022 -62.78659 -0.5050075 0.2061709 -62.87882 -0.5048244 0.2959244 -63.041 -0.5044811 0.3979694 -63.29825 -0.5039044 0.4316644 -63.40726 -0.5036571 0.4995134 -63.71035 -0.5029774 0.5404697 -64.06755 -0.5021649 0.5594922 -64.64151 -0.500828 0.5693513 -65.64164 -0.4984775 0.5605813 -66.56597 -0.4963124 0.5298358 -67.4614 -0.4942181 0.4736284 -68.32962 -0.492197 0.3888175 -69.17185 -0.4902537 0.2703915 -70.00121 -0.4883633 0.1335055 -70.72561 -0.4867611 -0.03436249 -71.42937 -0.4852939 -0.08991652 -71.63233 -0.4849048 -0.1994081 -62.63205 -0.5052822 -0.1280099 -62.61594 -0.4964702 -0.06117129 -62.63186 -0.4964383 -0.05041724 -62.63549 -0.496429 0.01707738 -62.66582 -0.4963672 0.08219355 -62.70906 -0.4962781 0.1499741 -62.77186 -0.4961429 0.2241626 -62.86676 -0.4959347 0.3155484 -63.03177 -0.4955638 0.4185426 -63.29136 -0.4949641 0.45253 -63.40129 -0.4947124 0.5209301 -63.70674 -0.4940052 0.5621497 -64.06601 -0.4931719 0.5812312 -64.6411 -0.4918263 0.591097 -65.6416 -0.489471 0.5823283 -66.5664 -0.4872966 0.5515709 -67.46244 -0.4851909 0.4953311 -68.33137 -0.4831562 0.4104586 -69.17444 -0.48119 0.2919318 -70.00476 -0.4792652 0.1549199 -70.73014 -0.4776013 -0.01309621 -71.43498 -0.4760287 -0.06869077 -71.63828 -0.4755893 -0.05419552 -62.61024 -0.491087 -0.0428819 -62.61406 -0.4910801 0.02805012 -62.64591 -0.4910069 0.09620624 -62.69115 -0.4909015 0.1666684 -62.75639 -0.4907482 0.2430884 -62.85408 -0.4905262 0.3361937 -63.02208 -0.4901326 0.4401888 -63.28411 -0.4895213 0.4744845 -63.39501 -0.4892581 0.5434667 -63.70294 -0.4885395 0.5849661 -64.0644 -0.4876881 0.604111 -64.6407 -0.4863353 0.613984 -65.64157 -0.4839802 0.6052171 -66.56687 -0.4817965 0.5744487 -67.46353 -0.4796887 0.5181767 -68.33322 -0.4776423 0.4332422 -69.17718 -0.4756579 0.3146144 -70.00851 -0.4737079 0.1774774 -70.73493 -0.4720073 0.009319841 -71.4409 -0.4703662 -0.04631084 -71.64456 -0.4698994 -0.306338 -62.72909 -0.6137354 -0.5383442 -62.92371 -0.6139941 -0.6221514 -63.07528 -0.6138797 -0.7207699 -63.3239 -0.6134861 -0.8193295 -63.72386 -0.6128337 -0.8594043 -64.07339 -0.6122067 -0.8782603 -64.64316 -0.6109753 -0.8793703 -66.56455 -0.6065533 -0.2573227 -71.61795 -0.5318072 -0.27203 -71.62203 -0.5133755 -0.28937 -71.62688 -0.4976101 -0.2456226 -71.61471 -0.5524273 -0.2372274 -71.6124 -0.574718 -0.2323507 -71.61109 -0.5981076 -0.3089013 -71.63233 -0.4849048 -0.3448765 -71.42422 -0.4979351 -0.3274818 -71.41965 -0.5136204 -0.4950258 -70.71775 -0.5147784 -0.2874941 -71.40927 -0.5980046 -0.4542617 -70.70929 -0.5984187 -0.6316562 -69.99504 -0.5162182 -0.512588 -70.72145 -0.4992581 -0.3644551 -71.42937 -0.4852939 -0.3301271 -71.63828 -0.4755893 -0.5903827 -69.98838 -0.5994532 -0.3127109 -71.41579 -0.5319629 -0.4800763 -70.71462 -0.532938 -0.6165776 -69.99258 -0.5342746 -0.7347074 -69.16558 -0.5359843 -0.7082412 -69.16254 -0.6009662 -0.3009379 -71.41272 -0.552496 -0.4681132 -70.71212 -0.5532763 -0.6044855 -69.99062 -0.5545101 -0.7225207 -69.16416 -0.5561512 -0.8070927 -68.32443 -0.5579479 -0.2924607 -71.41053 -0.5746975 -0.4594358 -70.71033 -0.5752857 -0.595681 -69.98921 -0.5764163 -0.7136253 -69.16313 -0.5779889 -0.7981418 -68.32375 -0.5797443 -0.8541849 -67.45798 -0.5816417 -0.7927054 -68.32336 -0.6026828 -0.8487169 -67.45777 -0.6045573 -0.8881129 -65.64199 -0.6086612 -0.8848562 -66.56461 -0.5836582 -0.8631682 -67.45837 -0.5598729 -0.819337 -68.32538 -0.5378246 -0.7498832 -69.16737 -0.5179966 -0.6493466 -69.99794 -0.500787 -0.532323 -70.72561 -0.4867611 -0.3857213 -71.43498 -0.4760287 -0.3525068 -71.64456 -0.4698994 -0.893608 -65.64192 -0.5857754 -0.8938568 -66.56475 -0.5619006 -0.8754455 -67.45892 -0.5397723 -0.8345723 -68.32659 -0.5198734 -0.7676725 -69.16947 -0.5026226 -0.669209 -70.00121 -0.4883633 -0.5537374 -70.73014 -0.4776013 -0.4081375 -71.4409 -0.4703662 -0.5762951 -70.73493 -0.4720073 -0.6907493 -70.00476 -0.4792652 -0.7876349 -69.17185 -0.4902537 -0.8524221 -68.32801 -0.5045383 -0.8907138 -67.45962 -0.5218487 -0.90615 -66.56496 -0.5418208 -0.9026157 -65.64187 -0.5640292 -0.8837592 -64.64301 -0.588094 -0.8649038 -64.07295 -0.5893414 -0.8927685 -64.6428 -0.5663569 -0.9149143 -65.6418 -0.5439608 -0.9214331 -66.56523 -0.5239132 -0.9085965 -67.46045 -0.5065365 -0.8724457 -68.32962 -0.492197 -0.8092759 -69.17444 -0.48119 -0.7134321 -70.00851 -0.4737079 -0.7534196 -63.4295 -0.6133168 -0.8247895 -63.72289 -0.5900028 -0.8739015 -64.07227 -0.5676227 -0.9050667 -64.64254 -0.5462954 -0.9302007 -65.64175 -0.5260623 -0.9393295 -66.56558 -0.5086169 -0.9286528 -67.4614 -0.4942181 -0.8941482 -68.33137 -0.4831562 -0.8320595 -69.17718 -0.4756579 -0.758768 -63.42792 -0.5905154 -0.8337002 -63.72134 -0.5683093 -0.886176 -64.07136 -0.5475772 -0.9203509 -64.64223 -0.5284038 -0.9480989 -65.6417 -0.5107799 -0.9593983 -66.56597 -0.4963124 -0.9503878 -67.46244 -0.4851909 -0.9169939 -68.33322 -0.4776423 -0.7260538 -63.32208 -0.5906963 -0.7674726 -63.42538 -0.5688632 -0.8458426 -63.71926 -0.5483005 -0.9014256 -64.07025 -0.5297062 -0.9382451 -64.64189 -0.5131214 -0.968168 -65.64164 -0.4984775 -0.981145 -66.5664 -0.4872966 -0.9732657 -67.46353 -0.4796887 -0.6272165 -63.07286 -0.5911152 -0.7346453 -63.31916 -0.5690556 -0.7793204 -63.42196 -0.5488865 -0.8609188 -63.71669 -0.5304637 -0.9192752 -64.06897 -0.5144444 -0.9583087 -64.64151 -0.500828 -0.9899137 -65.6416 -0.489471 -1.004034 -66.56687 -0.4817965 -1.012801 -65.64157 -0.4839802 -0.9800478 -64.6411 -0.4918263 -0.9392861 -64.06755 -0.5021649 -0.8785588 -63.71369 -0.5152271 -0.7940213 -63.41772 -0.5310795 -0.7463336 -63.31521 -0.5490925 -0.6354315 -63.06895 -0.5695109 -0.543016 -62.92052 -0.5912685 -0.4740509 -62.84136 -0.6139667 -1.002928 -64.6407 -0.4863353 -0.9837822 -64.0644 -0.4876881 -0.9609661 -64.06601 -0.4931719 -0.9197463 -63.70674 -0.4940052 -0.8983296 -63.71035 -0.5029774 -0.8304807 -63.40726 -0.5036571 -0.8112151 -63.41278 -0.5158818 -0.7777888 -63.30463 -0.5161152 -0.7608332 -63.31033 -0.531306 -0.6604376 -63.05714 -0.531821 -0.6465962 -63.06367 -0.5495823 -0.5608243 -62.9085 -0.549818 -0.5505706 -62.91542 -0.569701 -0.4848792 -62.83123 -0.5697444 -0.4781956 -62.83747 -0.5912731 -0.4217103 -62.78504 -0.5912273 -0.4182138 -62.78956 -0.613889 -0.3666816 -62.75531 -0.613811 -0.3145825 -62.73188 -0.6137402 -0.3694305 -62.75027 -0.5911725 -0.4273346 -62.77781 -0.5697329 -0.4939391 -62.82279 -0.5498958 -0.5735265 -62.89996 -0.5321002 -0.6766175 -63.04952 -0.5166667 -0.7967858 -63.29825 -0.5039044 -0.8513463 -63.40129 -0.4947124 -0.942283 -63.70294 -0.4885395 -0.316476 -62.72645 -0.5911288 -0.3738438 -62.74222 -0.5697034 -0.4349505 -62.76803 -0.5499165 -0.5051551 -62.81236 -0.5322147 -0.5883682 -62.88998 -0.5169757 -0.6947408 -63.041 -0.5044811 -0.817359 -63.29136 -0.4949641 -0.8733009 -63.39501 -0.4892581 -0.3446204 -62.61024 -0.491087 -0.27432 -62.5935 -0.4911234 -0.270806 -62.61594 -0.4964702 -0.355934 -62.61406 -0.4910801 -0.3376447 -62.63186 -0.4964383 -0.2674642 -62.63729 -0.5052731 -0.4268662 -62.64591 -0.4910069 -0.3483987 -62.63549 -0.496429 -0.3310109 -62.65243 -0.5052502 -0.2643753 -62.65702 -0.5173168 -0.4950224 -62.69115 -0.4909015 -0.4158935 -62.66582 -0.4963672 -0.3412327 -62.65588 -0.5052433 -0.3248797 -62.67144 -0.517303 -0.2616142 -62.67468 -0.5323176 -0.5654844 -62.75639 -0.4907482 -0.4810097 -62.70906 -0.4962781 -0.4054592 -62.68476 -0.5051906 -0.3346096 -62.67473 -0.5172985 -0.3193992 -62.68846 -0.5323131 -0.2592474 -62.68982 -0.5499051 -0.6419047 -62.85408 -0.4905262 -0.5487902 -62.77186 -0.4961429 -0.4676858 -62.72611 -0.5051196 -0.3958165 -62.70226 -0.5172665 -0.3286895 -62.6916 -0.5323086 -0.3147022 -62.70304 -0.5499072 -0.2573323 -62.70209 -0.5696552 -0.73501 -63.02208 -0.4901326 -0.622979 -62.86676 -0.4959347 -0.5329183 -62.78659 -0.5050075 -0.4553741 -62.74186 -0.5172138 -0.3871988 -62.71792 -0.5322971 -0.3236159 -62.70606 -0.5499096 -0.3109022 -62.71486 -0.5696712 -0.2559153 -62.71118 -0.5910945 -0.8390049 -63.28411 -0.4895213 -0.7143649 -63.03177 -0.4955638 -0.6049874 -62.87882 -0.5048244 -0.5182543 -62.8002 -0.5171292 -0.4443733 -62.75595 -0.5322673 -0.3798148 -62.73135 -0.5499165 -0.3195117 -62.71777 -0.5696735 -0.3080916 -62.72361 -0.5911198 -0.2550305 -62.71688 -0.613699 -1.365304 -62.27398 8.233734 -1.454203 -62.16895 8.421845 -1.422895 -62.20799 8.386144 -1.368111 -62.27089 8.256883 -1.387856 -62.24892 8.325165 -1.379333 -62.25849 8.302629 -1.372847 -62.26567 8.280153 -1.409759 -62.22365 8.366993 -1.39774 -62.23764 8.346074 -1.577074 -61.98607 8.4946 -1.532491 -62.05817 8.476163 -1.524637 -62.06796 9.709479 -1.524637 -62.07087 8.472913 -1.490926 -62.11976 8.452304 -1.736322 -61.59965 8.508371 -1.673503 -61.78816 8.508815 -1.649738 -61.84104 9.708946 -1.648711 -61.84341 8.507078 -1.624519 -61.89733 8.50538 -1.736322 -61.59682 9.708372 -1.782089 -61.34178 9.707769 -1.782089 -61.34461 8.507774 -1.785823 -61.08269 9.707159 -1.785823 -61.08552 8.507163 -1.747426 -60.82644 9.706556 -1.747426 -60.82926 8.506556 -1.667917 -60.57983 9.705975 -1.667917 -60.58265 8.505975 -1.549409 -60.3494 9.70543 -1.549409 -60.35223 8.505434 -1.395046 -60.14128 9.70494 -1.395047 -60.14411 8.504942 -1.208931 -59.961 9.704517 -1.208931 -59.96383 8.504519 1.337507 -61.59682 9.708372 1.250923 -61.84104 9.708946 1.274688 -61.78816 8.508815 1.133387 -62.05934 8.476758 1.178259 -61.98607 8.4946 1.125822 -62.06796 9.709479 1.226149 -61.89235 8.503489 1.250923 -61.84387 8.508088 0.9664843 -62.27398 8.233686 0.9692959 -62.27089 8.256883 0.9740366 -62.26567 8.280174 0.9805176 -62.25849 8.302629 0.9889877 -62.24898 8.325044 0.9989246 -62.23764 8.346074 1.011021 -62.22356 8.367115 1.024079 -62.20799 8.386144 1.055388 -62.16895 8.421845 1.092111 -62.11976 8.452304 1.125609 -62.07073 8.472148 1.337507 -61.59965 8.508371 1.383273 -61.34461 8.507774 1.383273 -61.34178 9.707769 1.387008 -61.08552 8.507163 1.387008 -61.08269 9.707159 1.348611 -60.82926 8.506556 1.348611 -60.82644 9.706556 1.269102 -60.58265 8.505975 1.269102 -60.57983 9.705975 1.150593 -60.35223 8.505434 1.150594 -60.3494 9.70543 0.9962316 -60.14411 8.504942 0.9962318 -60.14128 9.70494 0.8101163 -59.96383 8.504519 0.8101165 -59.961 9.704517 0.7005929 -59.73205 8.503973 0.700594 -45.4815 8.470397 0.7005929 -59.72923 9.703969 0.700594 -45.47868 9.670392 -0.4994062 -44.87868 9.668978 0.1005939 -44.87868 9.668978 -0.4994062 -44.88151 8.468985 0.1005939 -44.88151 8.468985 -1.099407 -59.72923 9.703969 -1.099406 -45.47868 9.670392 -1.099408 -59.73205 8.503973 -1.099406 -45.4815 8.470397 -0.1994075 -60.1394 9.704936 -0.0219565 -60.1545 9.70497 0.1503893 -60.19938 9.705078 0.3126723 -60.27273 9.705249 0.4602237 -60.37246 9.705485 0.5887984 -60.49569 9.705774 0.694698 -60.63888 9.706112 0.7748759 -60.7979 9.706487 0.8270255 -60.96818 9.706888 0.8496465 -61.14484 9.707304 0.8420879 -61.32277 9.707723 0.8045676 -61.49686 9.708131 0.7381647 -61.66211 9.708522 0.6447895 -61.81376 9.708882 0.5271283 -61.94745 9.709197 0.388566 -62.05933 9.709459 0.2330886 -62.14618 9.709665 0.06516945 -62.20552 9.709804 -0.1103613 -62.23561 9.709873 -0.1994076 -62.23939 9.709882 -0.2884538 -62.23561 9.709873 -0.4639846 -62.20552 9.709804 -0.631904 -62.14618 9.709665 -0.7873812 -62.05933 9.709459 -0.9259434 -61.94745 9.709197 -1.043605 -61.81376 9.708882 -1.13698 -61.66211 9.708522 -1.203383 -61.49686 9.708131 -1.240903 -61.32277 9.707723 -1.248461 -61.14484 9.707304 -1.22584 -60.96818 9.706888 -1.173691 -60.7979 9.706487 -1.093513 -60.63888 9.706112 -0.9876134 -60.49569 9.705774 -0.8590385 -60.37246 9.705485 -0.7114872 -60.27273 9.705249 -0.5492044 -60.19938 9.705078 -0.3768583 -60.1545 9.70497 0.8058977 -66.68069 9.729403 0.5612348 -67.40242 9.643616 0.3332449 -68.1288 9.388827 0.1374656 -68.81034 8.982404 -0.01276117 -69.40058 8.452039 -0.1071975 -69.8593 7.833877 -0.1394085 -70.15525 7.170048 -0.139409 -72.3961 -0.107481 -0.1330819 -72.37627 -0.19986 -0.1145327 -72.33339 -0.2860293 -0.08502477 -72.2704 -0.3601139 -0.04656934 -72.19158 -0.4170666 -0.001787185 -72.1023 -0.4530101 0.04626995 -72.00864 -0.4654842 -1.092019 -45.38482 9.670175 -0.593267 -44.88606 9.668996 0.7781929 -59.93057 9.704443 0.7510761 -59.89579 9.704361 0.7293521 -59.85741 9.70427 0.7134909 -59.81625 9.704174 0.7038349 -59.77322 9.704075 -1.102649 -59.77322 9.704075 -1.112305 -59.81625 9.704174 -1.177008 -59.93057 9.704443 -0.7718005 -44.94408 9.669134 -0.8520773 -44.99327 9.669248 -1.07004 -45.29327 9.66996 0.1944544 -44.88606 9.668996 0.286004 -44.90804 9.669054 -1.128167 -59.85741 9.70427 -1.149891 -59.89579 9.704361 0.6712278 -45.29327 9.66996 0.6351975 -45.20628 9.669752 0.586004 -45.12601 9.669565 -0.6848164 -44.90804 9.669054 -0.9236703 -45.05442 9.669395 -0.9848164 -45.12601 9.669565 -1.03401 -45.20628 9.669752 0.5248579 -45.05442 9.669395 0.453265 -44.99327 9.669248 0.6932068 -45.38482 9.670175 0.3729881 -44.94408 9.669134 0.4038073 -59.83526 8.504215 0.1693949 -59.75375 8.504025 -0.07531785 -59.71242 8.503927 -1.684147 -61.22004 8.507478 1.285332 -61.22004 8.507478 1.26923 -60.97239 8.506895 -0.5932671 -44.8889 8.469001 -0.8026222 -59.83526 8.504215 -0.56821 -59.75375 8.504025 0.7038349 -59.77604 8.504077 0.6213714 -59.95467 8.504499 0.7134906 -59.81908 8.50418 0.8160111 -60.10865 8.50486 0.7293519 -59.86023 8.504274 0.7510759 -59.89861 8.504368 -1.149891 -59.89861 8.504368 -1.128167 -59.86023 8.504274 -1.020187 -59.95467 8.504499 -1.112306 -59.81908 8.50418 -1.10265 -59.77604 8.504077 0.7781926 -59.93339 8.504446 0.9822894 -60.29288 8.505292 1.115563 -60.50224 8.505787 1.212108 -60.73087 8.506325 -1.668045 -60.97239 8.506895 -1.610924 -60.73087 8.506325 -1.514378 -60.50224 8.505787 -1.381105 -60.29288 8.505292 -1.214826 -60.10865 8.50486 -1.177008 -59.93339 8.504446 -1.03401 -45.20911 8.469755 -1.07004 -45.2961 8.469963 -1.092019 -45.38764 8.470178 -0.9848164 -45.12883 8.469567 -0.9236703 -45.05725 8.4694 -0.8520774 -44.99609 8.469255 -0.7718006 -44.9469 8.469139 -0.6848165 -44.91087 8.469052 -0.3234969 -59.71242 8.503927 0.1944544 -44.8889 8.469001 0.286004 -44.91087 8.469052 0.453265 -44.99609 8.469255 0.5248579 -45.05725 8.4694 0.586004 -45.12883 8.469567 0.3729881 -44.9469 8.469139 0.6932068 -45.38764 8.470178 0.6351975 -45.20911 8.469755 0.6712278 -45.2961 8.469963 0.9890772 -61.21509 8.254397 1.000065 -61.21519 8.300171 1.018077 -61.21542 8.343664 1.109027 -61.21687 8.450178 1.073237 -61.21628 8.419602 1.042669 -61.21579 8.383805 1.149158 -61.21757 8.474776 1.192643 -61.21834 8.492792 1.238409 -61.21917 8.503782 1.222816 -60.97934 8.503219 1.1675 -60.74546 8.502665 1.074006 -60.52405 8.502145 0.9449445 -60.32131 8.501669 0.783921 -60.14289 8.501249 0.5954326 -59.99379 8.500896 0.384744 -59.87815 8.500623 0.1577398 -59.79922 8.500438 -0.07923966 -59.7592 8.500342 -0.3195753 -59.7592 8.500342 -0.5565548 -59.79922 8.500438 -0.783559 -59.87815 8.500623 -0.9942474 -59.99379 8.500896 -1.182736 -60.14289 8.501249 -1.34376 -60.32131 8.501669 -1.472821 -60.52405 8.502145 -1.566316 -60.74546 8.502665 -1.621632 -60.97934 8.503219 -1.637225 -61.21917 8.503782 1.177546 -60.98614 8.492246 1.123991 -60.75971 8.491711 1.033472 -60.54535 8.491208 0.9085192 -60.34906 8.490743 0.7526208 -60.17633 8.490335 0.5701321 -60.03197 8.489995 0.3661499 -59.92001 8.489733 0.1463716 -59.84359 8.489553 -0.08306455 -59.80484 8.489463 -0.3157504 -59.80484 8.489463 -0.5451866 -59.84359 8.489553 -0.7649649 -59.92001 8.489733 -0.9689472 -60.03197 8.489995 -1.151436 -60.17633 8.490335 -1.307334 -60.34906 8.490743 -1.432287 -60.54535 8.491208 -1.522806 -60.75971 8.491711 -1.576362 -60.98614 8.492246 -1.591458 -61.21834 8.492792 1.134533 -60.99263 8.474243 1.082651 -60.77326 8.473728 0.9949601 -60.5656 8.473237 0.87391 -60.37545 8.472794 0.7228817 -60.2081 8.472398 0.5460937 -60.06825 8.472066 0.3484832 -59.95979 8.471812 0.1355702 -59.88576 8.471638 -0.08669888 -59.84822 8.471549 -0.3121159 -59.84822 8.471549 -0.5343853 -59.88576 8.471638 -0.7472984 -59.95979 8.471812 -0.9449085 -60.06825 8.472066 -1.121697 -60.2081 8.472398 -1.272725 -60.37545 8.472794 -1.393775 -60.5656 8.473237 -1.481466 -60.77326 8.473728 -1.533349 -60.99263 8.474243 -1.547974 -61.21757 8.474776 1.094837 -60.99863 8.449661 1.044499 -60.78579 8.449159 0.9594176 -60.58431 8.448686 0.8419695 -60.39981 8.448253 0.6954355 -60.23745 8.447866 0.5239085 -60.10176 8.447548 0.3321788 -59.99653 8.447299 0.1256018 -59.9247 8.447132 -0.0900529 -59.88828 8.447045 -0.308762 -59.88828 8.447045 -0.5244168 -59.9247 8.447132 -0.7309939 -59.99653 8.447299 -0.9227234 -60.10176 8.447548 -1.094251 -60.23745 8.447866 -1.240785 -60.39981 8.448253 -1.358232 -60.58431 8.448686 -1.443314 -60.78579 8.449159 -1.493653 -60.99863 8.449661 -1.507842 -61.21687 8.450178 1.059435 -61.004 8.4191 1.010474 -60.79698 8.418615 0.9277195 -60.60102 8.418153 0.8134846 -60.42156 8.417727 0.6709589 -60.26364 8.417356 0.5041233 -60.13166 8.417045 0.3176381 -60.02931 8.416805 0.1167116 -59.95944 8.416643 -0.09304422 -59.92402 8.416555 -0.3057708 -59.92402 8.416555 -0.5155267 -59.95944 8.416643 -0.7164532 -60.02931 8.416805 -0.9029384 -60.13166 8.417045 -1.069774 -60.26364 8.417356 -1.212299 -60.42156 8.417727 -1.326535 -60.60102 8.418153 -1.409289 -60.79698 8.418615 -1.458251 -61.004 8.4191 -1.472052 -61.21628 8.419602 1.029199 -61.00861 8.383315 0.9814135 -60.80656 8.382839 0.9006471 -60.6153 8.382388 0.7891555 -60.44016 8.381976 0.6500532 -60.28604 8.381614 0.4872253 -60.15722 8.38131 0.3052193 -60.05733 8.381076 0.1091187 -59.98915 8.380914 -0.09559881 -59.95457 8.380831 -0.3032161 -59.95457 8.380831 -0.5079339 -59.98915 8.380914 -0.7040342 -60.05733 8.381076 -0.8860403 -60.15722 8.38131 -1.048868 -60.28604 8.381614 -1.187971 -60.44016 8.381976 -1.299462 -60.6153 8.382388 -1.380228 -60.80656 8.382839 -1.428014 -61.00861 8.383315 -1.441485 -61.21579 8.383805 1.004873 -61.01234 8.343183 0.9580337 -60.8143 8.34272 0.8788663 -60.62682 8.342279 0.7695824 -60.45515 8.341874 0.6332344 -60.30408 8.341519 0.4736301 -60.17782 8.341221 0.2952277 -60.0799 8.340992 0.10301 -60.01306 8.340829 -0.09765416 -59.97917 8.340749 -0.3011606 -59.97917 8.340749 -0.501825 -60.01306 8.340829 -0.6940428 -60.0799 8.340992 -0.8724452 -60.17782 8.341221 -1.032049 -60.30408 8.341519 -1.168398 -60.45515 8.341874 -1.277682 -60.62682 8.342279 -1.356849 -60.8143 8.34272 -1.403689 -61.01234 8.343183 -1.416892 -61.21542 8.343664 0.9870569 -61.01512 8.299702 0.9409102 -60.82 8.299242 0.8629142 -60.6353 8.298805 0.755247 -60.46617 8.298406 0.6209159 -60.31732 8.298056 0.4636731 -60.19294 8.297761 0.2879101 -60.09647 8.297534 0.09853613 -60.03062 8.297381 -0.09915965 -59.99723 8.297304 -0.2996553 -59.99723 8.297304 -0.497351 -60.03062 8.297381 -0.6867251 -60.09647 8.297534 -0.8624882 -60.19294 8.297761 -1.019731 -60.31732 8.298056 -1.154062 -60.46617 8.298406 -1.261729 -60.6353 8.298805 -1.339725 -60.82 8.299242 -1.385872 -61.01512 8.299702 -1.39888 -61.21519 8.300171 0.9761883 -61.01685 8.253931 0.9304646 -60.82352 8.253473 0.8531827 -60.64051 8.253042 0.7465019 -60.47293 8.252649 0.6134014 -60.32545 8.252298 0.4575991 -60.2022 8.252008 0.283446 -60.10662 8.251783 0.09580689 -60.04137 8.251632 -0.1000779 -60.00829 8.251554 -0.2987369 -60.00829 8.251554 -0.4946217 -60.04137 8.251632 -0.6822611 -60.10662 8.251783 -0.8564141 -60.2022 8.252008 -1.012217 -60.32545 8.252298 -1.145317 -60.47293 8.252649 -1.251998 -60.64051 8.253042 -1.32928 -60.82352 8.253473 -1.375003 -61.01685 8.253931 -1.387892 -61.21509 8.254397</float_array>
          <technique_common>
            <accessor source="#rudder_001-mesh-positions-array" count="1459" stride="3">
              <param name="X" type="float"/>
              <param name="Y" type="float"/>
              <param name="Z" type="float"/>
            </accessor>
          </technique_common>
        </source>
        <source id="rudder_001-mesh-normals">
          <float_array id="rudder_001-mesh-normals-array" count="8766">2.36375e-5 0.002322614 0.9999973 -2.51693e-5 0.002358734 0.9999972 1.7499e-5 0.00236237 0.9999972 1.22556e-5 0.002368271 0.9999972 -3.13149e-5 0.002356946 0.9999972 7.4152e-6 0.002325773 0.9999973 3.6134e-5 0.002338767 0.9999972 -7.47104e-6 0.002363026 0.9999972 -5.16457e-6 0.002364575 0.9999972 -4.02977e-5 0.002376914 0.9999972 -2.91806e-5 0.002387583 0.9999971 0 0.002382636 0.9999972 -1.77623e-5 0.002358675 0.9999972 -3.13911e-5 0.002358615 0.9999972 -2.8328e-5 0.002364695 0.9999972 -5.95053e-6 0.002368569 0.9999972 -9.33186e-6 0.002357542 0.9999972 -9.54293e-6 0.002357482 0.9999972 -9.39359e-6 0.002358615 0.9999972 8.40158e-6 0.002368628 0.9999972 9.33833e-6 0.002346575 0.9999973 2.16997e-5 0.002356588 0.9999972 1.99926e-5 0.002364516 0.9999972 1.25277e-5 0.002355992 0.9999973 1.16988e-5 0.002358078 0.9999972 1.04494e-5 0.002356052 0.9999972 -1.02436e-6 0.002374649 0.9999972 -1.85606e-5 0.00233078 0.9999973 -1.34409e-5 0.002324938 0.9999973 -1.17309e-6 0.002382397 0.9999971 -3.9603e-6 0.002384662 0.9999971 -6.43247e-6 0.002323746 0.9999973 -2.01122e-6 0.002321302 0.9999973 -3.45602e-6 0.002332389 0.9999973 -2.40294e-5 0.002339661 0.9999972 -1.97086e-5 0.002325654 0.9999973 1.22918e-5 0.00232017 0.9999973 5.22941e-6 0.002334117 0.9999973 -1.34779e-5 0.002334117 0.9999972 -4.16134e-6 0.0023216 0.9999973 2.73379e-5 0.002326965 0.9999973 1.67311e-5 0.002337098 0.9999973 -2.12179e-6 0.002330422 0.9999973 7.17587e-6 0.002324163 0.9999973 3.45194e-5 0.002339482 0.9999972 -2.10702e-5 0.002364456 0.9999972 -2.29553e-5 0.002362966 0.9999972 3.39297e-5 0.002348244 0.9999972 3.5041e-5 0.002349495 0.9999973 -1.20551e-5 0.002353429 0.9999972 -9.78773e-6 0.002357125 0.9999972 -1.21693e-5 0.002356886 0.9999972 -1.02991e-5 0.002361536 0.9999972 -2.1252e-5 0.002358675 0.9999972 -2.34691e-5 0.002348363 0.9999972 -8.98163e-6 0.002354979 0.9999972 -8.85905e-6 0.00235784 0.9999972 8.02593e-6 0.002369284 0.9999972 9.52792e-6 0.002357602 0.9999972 9.36648e-6 0.002357423 0.9999972 9.46134e-6 0.002357125 0.9999972 2.29307e-5 0.002375423 0.9999972 2.81524e-5 0.002365052 0.9999972 2.20401e-5 0.002352833 0.9999972 9.30403e-6 0.002370059 0.9999972 1.79101e-5 0.002398371 0.9999971 2.61085e-5 0.002390503 0.9999971 2.14484e-5 0.002353549 0.9999972 -1.43486e-5 0.002377748 0.9999971 -1.21364e-5 0.002327919 0.9999973 1.64913e-5 0.002314984 0.9999973 5.92661e-6 0.002363562 0.9999972 -1.63008e-5 0.002369344 0.9999972 -1.3334e-5 0.002362012 0.9999972 0 0.00236088 0.9999972 0.9978929 0.06488221 -1.52865e-4 0.9978928 0.06488347 -1.5275e-4 0.9731531 0.2301582 -5.41843e-4 0.9731541 0.2301538 -5.4225e-4 0.921231 0.3890148 -9.16532e-4 0.9212281 0.3890217 -9.15842e-4 0.8435747 0.5370104 -0.001264214 0.8435803 0.5370017 -0.001265168 0.7423647 0.6699942 -0.001578509 0.7423647 0.6699942 -0.001578509 0.6204157 0.784271 -0.001847743 0.6204161 0.7842706 -0.001847803 0.4811327 0.8766453 -0.00206542 0.4811623 0.8766291 -0.002068579 0.3284373 0.9445232 -0.002228736 0.3284029 0.9445351 -0.002225339 0.1665403 0.9860319 -0.002323091 0.1665403 0.9860319 -0.002323091 0 0.9999972 -0.002355992 0 0.9999972 -0.002355992 -0.1665403 0.9860319 -0.002323091 -0.1665404 0.9860319 -0.002323091 -0.3284375 0.9445231 -0.002225279 -0.328403 0.944535 -0.002228736 -0.4811325 0.8766455 -0.002068519 -0.4811621 0.8766292 -0.0020653 -0.6204159 0.7842708 -0.001847684 -0.6204156 0.7842711 -0.001847743 -0.7423647 0.6699942 -0.001578509 -0.7423647 0.6699942 -0.001578509 -0.8435752 0.5370095 -0.001265168 -0.843581 0.5370004 -0.001264154 -0.9212309 0.3890153 -9.15775e-4 -0.9212276 0.3890227 -9.16551e-4 -0.9731528 0.2301598 -5.42265e-4 -0.9731538 0.2301549 -5.4178e-4 -0.9978931 0.06487983 -1.52685e-4 -0.997893 0.06488108 -1.52805e-4 -0.1689793 0.9856169 -0.00232166 -0.04242056 0.9990971 -0.002353429 0 0.999993 -0.003773331 0.04242062 0.999097 -0.002353429 0.1690023 0.9856129 -0.00232166 0.1689791 0.9856169 -0.002323269 0.3331273 0.9428793 -0.002222537 0.3331485 0.9428718 -0.002220988 0.4876848 0.8730174 -0.002056479 0.487721 0.8729971 -0.002053618 0.6282342 0.7780222 -0.00183022 0.6282054 0.7780455 -0.001832723 0.7506815 0.6606625 -0.001556277 0.7506707 0.6606746 -0.00155735 0.8515302 0.5243042 -0.001235902 0.8515305 0.5243037 -0.001235902 0.9278882 0.3728575 -8.78935e-4 0.9278915 0.3728492 -8.78322e-4 0.977554 0.2106844 -4.96333e-4 0.9775542 0.2106837 -4.96284e-4 0.9990989 0.04244077 -9.99728e-5 0.9990989 0.04244077 -9.99728e-5 0.9919004 -0.1270176 2.992e-4 0.9919001 -0.1270198 2.99358e-4 0.9561659 -0.2928249 6.9019e-4 0.9561678 -0.2928182 6.8971e-4 0.8929248 -0.4502047 0.001060426 0.8929251 -0.4502041 0.001060366 0.8040082 -0.5946166 0.00140053 0.8040079 -0.5946171 0.001400589 0.6919232 -0.7219693 0.00170058 0.6919227 -0.7219696 0.001700639 0.5599982 -0.8284916 0.001951575 0.5599659 -0.8285135 0.001954197 0.411883 -0.9112343 0.002149343 0.4119028 -0.9112253 0.002147853 0.2519915 -0.9677268 0.002281069 0.2520138 -0.967721 0.00227952 0.08477497 -0.9963973 0.002347052 0.08477509 -0.9963973 0.002347052 -0.08477503 -0.9963973 0.002347052 -0.08477509 -0.9963973 0.002347052 -0.2519914 -0.9677268 0.00227952 -0.2520136 -0.967721 0.002281069 -0.4118833 -0.9112341 0.002147912 -0.411903 -0.9112251 0.002149343 -0.5599983 -0.8284915 0.001954197 -0.5599657 -0.8285136 0.001951634 -0.6919226 -0.7219697 0.001700699 -0.6919229 -0.7219695 0.001700699 -0.804009 -0.5946156 0.001400709 -0.8040082 -0.5946166 0.001400649 -0.8929251 -0.450204 0.001060485 -0.892925 -0.4502041 0.001060485 -0.9561654 -0.2928262 6.89776e-4 -0.9561675 -0.2928196 6.90225e-4 -0.9919006 -0.1270161 2.99398e-4 -0.9919002 -0.1270191 2.99204e-4 -0.9990989 0.04244077 -9.99728e-5 -0.999099 0.04244077 -9.99725e-5 -0.9775545 0.2106823 -4.9628e-4 -0.9775545 0.2106823 -4.9628e-4 -0.927888 0.3728581 -8.78297e-4 -0.9278913 0.3728498 -8.78872e-4 -0.8515295 0.5243053 -0.001235842 -0.8515292 0.5243058 -0.001235783 -0.7506816 0.6606624 -0.00155723 -0.7506712 0.6606742 -0.001556217 -0.6282342 0.7780221 -0.001832604 -0.6282054 0.7780454 -0.00183022 -0.4876849 0.8730173 -0.002053618 -0.4877211 0.8729971 -0.00205636 -0.3331271 0.9428793 -0.002220988 -0.3331483 0.9428718 -0.002222478 -0.1690025 0.9856129 -0.00232321 0.1282918 0.9914066 0.02557855 0.3348888 0.9419438 0.02432024 0.02708995 0.9993157 0.02518308 0.1348817 0.9905449 0.02505558 0.662953 0.7484535 0.01762551 0.6766158 0.7361317 0.01735764 0.4355878 0.8998959 0.02122843 0.6654102 0.7462648 0.01783531 0.2912098 0.9563874 0.02280509 0.4908473 0.8709887 0.02115678 0.2913939 0.9563208 0.02324086 0.4856749 0.8738773 0.02140814 0.1350427 0.9905447 0.02417796 0.4857296 0.8738291 0.02212274 0.3492431 0.9367325 0.0236954 0.7414174 0.6708703 0.0152741 0.4356729 0.8998751 0.02034497 0.5689412 0.8221653 0.01871436 0.6761603 0.7365639 0.01675945 0.7966277 0.6043077 0.01402616 0.5689597 0.8221706 0.01789712 0.6891576 0.7244368 0.01591402 0.7927825 0.6093578 0.01337939 0.6892383 0.7243733 0.01529002 0.8602598 0.5097379 0.01096975 0.7925265 0.609701 0.01290374 0.8680223 0.496414 0.0105133 0.851661 0.43958 -0.2853823 0.9097378 0.4151043 0.008096456 0.865457 0.5008709 0.01060515 0.7925874 0.6096374 0.01214826 0.9011571 0.4334014 0.008894562 0.8686155 0.4953857 0.01001012 0.8959463 0.4440715 0.008979618 0.8686251 0.4953694 0.009977996 0.9250069 0.3798832 0.007141232 0.9591072 0.2829974 0.005099952 0.9456817 0.3250409 0.005882143 0.9317021 0.3631592 0.006833851 0.9249854 0.3799335 0.007260024 0.9309642 0.3650422 0.007067084 0.9316996 0.3631618 0.007031202 0.9596846 0.2810335 0.005063891 0.9679485 0.2511041 0.004732489 0.9808523 0.1947192 0.003650307 0.9679554 0.2510796 0.004621088 0.9850632 0.1721749 0.002522528 0.9993592 0.03579193 5.07194e-4 0.9991086 0.04221057 4.44632e-4 0.9925696 0.1216564 0.00230509 0.9925687 0.1216635 0.002305209 0.9998617 0.01662933 2.71276e-4 0.9998615 0.01663208 2.71317e-4 0.9999618 0.008739888 4.8487e-5 0.9999992 -0.001215815 2.85841e-4 1 3.06909e-6 3.03333e-4 0.9999992 -0.001205384 3.40984e-4 0.998551 -0.05381321 5.1741e-5 0.9678787 -0.2514174 -3.7331e-4 0.9733515 -0.2293139 -0.001345872 0.9816634 -0.1906163 -0.001565575 0.9748104 -0.2230336 -7.93387e-4 0.9816957 -0.190455 -6.36212e-4 0.9821465 -0.1881167 -6.83133e-4 0.9907775 -0.1354988 -2.55151e-4 0.9938573 -0.1106656 -9.45394e-4 0.9907541 -0.1356649 -0.001200258 0.994027 -0.1091283 -0.001182734 0.9962954 -0.08599525 -4.62123e-4 0.9981219 -0.06125283 -9.09011e-4 0.9991708 -0.04071134 -4.4501e-4 0.999171 -0.04071015 -4.44993e-4 -0.4650948 0.8849855 0.02208012 -0.4948189 0.868745 0.02089208 -0.2444239 0.9693889 0.02328699 -0.677856 0.7350077 0.01658451 -0.7887222 0.6146052 0.01333707 -0.9620101 -0.2730138 -2.57318e-4 -0.9457001 -0.3250401 4.69674e-4 -0.9729481 -0.2310101 0.002504289 -0.9729584 -0.2309668 0.002503752 -0.9839718 -0.1783182 0.001451671 -0.9849367 -0.1729088 0.001529097 -0.9869419 -0.1610724 0.001178622 -0.9929006 -0.1189416 0.001200079 -0.9947198 -0.102624 0.001052796 -0.9928886 -0.1190456 5.94425e-4 -0.9975663 -0.06972438 1.1237e-4 -0.9975155 -0.07044762 8.95615e-5 -0.9975156 -0.07044667 8.95624e-5 -0.9991888 -0.04026883 -5.36251e-4 -0.9996664 -0.02582734 -5.70514e-7 -0.999872 -0.0160048 1.0997e-4 -0.9996641 -0.02590942 -4.60921e-4 -0.9999894 0.00461328 3.79491e-5 -0.9999555 0.009428381 3.45667e-4 -0.9998641 0.01648116 4.36271e-4 -0.9999558 0.009400308 1.88162e-4 -0.9989429 0.04596531 6.58934e-4 -0.9815008 0.1914255 0.003538191 -0.9886038 0.1505246 0.002185881 -0.9977377 0.06721299 0.001371324 -0.9977377 0.06721246 0.001371324 -0.9465382 0.3225292 0.006359398 -0.9414293 0.3371499 0.006390631 -0.9815794 0.1910502 0.001367747 -0.93182 0.3628382 0.00774765 -0.9318343 0.3628013 0.007746338 -0.9465156 0.3225951 0.006361246 -0.9598762 0.2803754 0.005214035 -0.9721105 0.2344845 0.004260361 -0.909135 0.4164223 0.008133292 -0.866916 0.4983409 0.01063263 -0.9091777 0.4163288 0.00813049 -0.9315023 0.3636698 0.006913959 -0.9354165 0.3534844 0.006680607 -0.9414548 0.3370905 0.005739748 -0.8838498 0.4676752 0.009462058 -0.8695669 0.4937144 0.009970486 -0.8668107 0.4985353 0.01009595 -0.8838471 0.4676845 0.00925076 -0.7994248 0.6006299 0.0127967 -0.8139169 0.5808493 0.01238399 -0.7994993 0.6005306 0.01280242 -0.7945258 0.6070926 0.0129373 -0.7220723 0.6916552 0.01498895 -0.6473675 0.7619987 0.01653307 -0.5296494 0.8480014 0.01910823 -0.6471071 0.7622058 0.01716935 -0.6800139 0.7330162 0.01638293 -0.7945054 0.6071144 0.01316195 -0.6801077 0.732926 0.01652908 -0.5301439 0.8476788 0.01969593 -0.3942019 0.9187756 0.02135962 -0.3949292 0.9184469 0.02205324 -0.5049381 0.8629143 0.02040505 -0.667515 0.7443947 0.01733028 -0.5052944 0.862698 0.02072846 -0.2422824 0.9699053 0.02414321 -0.07923305 0.9965473 0.02481383 -0.0797733 0.9964811 0.02572482 -0.07983988 0.9964758 0.02572488 -0.999952 -0.009374499 -0.002844095 -0.29916 0.9539 0.02404338 -0.3478103 0.9372707 0.02348792 -0.8823425 0.2841976 -0.3751047 -0.8887859 0.2525411 -0.382469 -0.4652204 0.8849164 0.02220416 -0.8972274 0.4395981 -0.04167264 0.9035627 0.1535918 -0.3999799 0.9098357 0.1283695 -0.3946142 -0.4798137 0.8773703 -5.38499e-4 -0.933146 -0.219678 -0.2845699 -0.9457532 -0.1712583 -0.2760823 0.7139248 0.6918094 -0.1082186 -0.9269884 0.005980432 -0.3750422 -0.8106896 0.5430052 -0.2189245 0.5943161 0.8012248 -0.06947839 -0.5939224 0.8016012 -0.06849497 -0.8548233 0.373725 -0.3600095 -0.4240255 0.9045119 -0.04539275 0.5940521 0.8013911 -0.06981712 0.8127456 0.5163511 -0.2698633 -0.8347027 0.4540903 -0.3115661 0.9058337 0.1608946 -0.3918908 -0.8346748 0.4541555 -0.3115459 0.9442439 -0.05608564 -0.3244349 0.9375079 -0.0161432 -0.3475895 0.9441365 -0.06237721 -0.3235977 0.5875215 0.8063315 -0.06817656 -0.9394888 -0.2753227 -0.2038585 -0.91965 -0.3344143 -0.2059392 -0.9266445 2.15287e-4 -0.3759386 -0.9383701 0.04959416 -0.3420554 0.7337486 0.6353443 -0.2407295 0.922697 0.2773813 -0.2677496 -0.7566735 0.6217619 -0.202132 0.8805043 0.2820453 -0.3810023 0.8895043 0.2517721 -0.3813043 0.9374436 -0.003522455 -0.3481193 0.9369454 -8.24503e-4 -0.3494749 0.9452179 -0.1054846 -0.3089274 0.944036 -0.06297051 -0.3237757 0.6888136 0.7182457 -0.09827923 -0.9377506 -0.01770073 -0.3468582 -0.9412238 -7.96918e-4 -0.3377827 0.8318238 0.4554988 -0.3171594 -0.7693477 0.6044809 -0.2066563 -0.900801 0.312425 -0.3015765 0.7830011 0.5448965 -0.2999955 0.9074846 0.2828001 -0.3106378 0.838916 0.4402129 -0.3200509 -0.9032947 -0.4226559 -0.0736258 0.3274706 0.9448297 0.00773561 0.3142319 0.949309 0.008408486 0.9994999 0.03148114 -0.002984285 -0.599308 0.7974968 -0.06948965 0.4055535 0.9129523 -0.04521805 0.9845143 0.1704834 -0.04082769 -0.8654832 0.3717878 -0.3357271 -0.8913971 0.2483977 -0.379091 0.9368845 0.004887759 -0.3496047 0.9248438 0.05457538 -0.3764114 0.9487584 -0.1418422 -0.2823797 0.9450927 -0.1065483 -0.3089454 -0.7133172 0.6927517 -0.1061776 -0.9394745 -0.04150897 -0.3400949 -0.9463495 -0.01499146 -0.322797 -0.981194 0.1927358 0.01054632 -0.5995017 0.7973656 -0.06932473 0.7564604 0.6210201 -0.2051869 0.8326472 0.4550578 -0.3156281 -0.8518668 0.4133292 -0.3216862 -0.7139935 0.6920127 -0.106451 -0.8326167 0.4555838 -0.3149489 0.4086783 0.9115471 -0.04542952 0.9532988 -0.2305262 -0.1951383 0.9451341 -0.1722056 -0.2776093 0.851283 0.3789429 -0.362932 0.8971482 0.2420984 -0.3694773 -0.9087756 0.1334307 -0.3953772 -0.9086298 0.1291843 -0.3971189 -0.6016613 0.7956828 -0.0699464 -0.3574827 0.9334174 0.03062975 0.7600796 0.6161821 -0.206394 0.879965 0.2896511 -0.3765155 -0.8037025 0.5341183 -0.2622593 -0.8915306 0.3049321 -0.3349468 0.9806296 0.1955789 0.01070189 -0.9413736 -0.06935703 -0.3301596 -0.9429382 -0.06356751 -0.3268438 0.4117292 0.9101607 -0.04567843 0.9255763 0.03402364 -0.377029 0.9085892 0.1125233 -0.402249 -0.7334181 0.6378219 -0.2351192 0.9578258 -0.2733271 -0.088669 0.9471181 -0.2732314 -0.1682615 0.6593684 0.7309845 -0.17577 0.9237495 0.3161486 -0.2161871 -0.8036502 0.5342079 -0.2622375 -0.4724704 0.8813464 3.71693e-4 -0.9136186 0.3953921 -0.0946893 -0.936204 -0.1370742 -0.3236241 -0.9438894 -0.1076761 -0.3122154 -0.914099 0.03689175 -0.4038094 -0.9180747 0.1067897 -0.3817524 -0.7142401 0.6917405 -0.1065655 -0.8997269 0.3602741 -0.2463617 0.587476 0.806344 -0.06841921 -0.8999133 0.2003828 -0.3873021 0.9537861 -0.2960284 -0.05156755 -0.5370112 0.8357242 -0.1148216 -0.4006532 0.9077023 -0.1247137 -0.2488445 0.9595286 -0.131838 -0.08083701 0.9874506 -0.1356713 -0.9994078 -0.03428053 0.002969801 -0.4088787 0.9111621 -0.0510075 -0.2310273 0.9714217 -0.05446356 -0.0761559 0.9955143 -0.05614101 -0.6793109 0.7327646 -0.03991025 -0.7286538 0.6837707 -0.03900426 -0.804879 0.5923862 -0.03533333 -0.7875564 0.6153312 -0.03350114 -0.7874448 0.6154738 -0.03350919 -0.8874726 0.4599579 -0.02882999 -0.8747805 0.4838615 -0.02524369 -0.8747475 0.4839209 -0.02524703 -0.954734 0.2952606 -0.03611236 -0.9293503 0.3687446 -0.0183168 -0.9293527 0.3687384 -0.01831644 -0.9757698 0.2185776 -0.009853303 -0.9821792 0.1869739 -0.01910275 -0.9992513 0.03305661 -0.02010136 -0.9934812 0.1139932 -8.49207e-4 -0.9934812 0.1139929 -8.49192e-4 -0.9999399 0.009858608 -0.00478214 -0.999938 0.008577346 -0.007106542 -0.9999436 -0.009453177 0.004837095 -0.9996768 -0.02530992 0.002410113 -0.9991667 -0.03431922 -0.02209049 -0.9999437 -0.009453594 0.004837095 -0.9979107 -0.06453663 0.003050148 -0.9974405 -0.07070684 -0.01063382 -0.9948068 -0.1000419 0.01872974 -0.9850484 -0.1673381 0.04095888 -0.9813183 -0.1852144 -0.05205756 -0.9893878 -0.1410535 0.03486728 -0.9928573 -0.1146496 0.03301084 -0.9879488 -0.1410247 -0.06378793 -0.9948072 -0.1000396 0.01872962 -0.9641741 -0.2629962 0.03466033 -0.9641779 -0.2629823 0.03465908 -0.9728826 -0.2305926 -0.01806932 -0.9725041 -0.2314205 -0.0260837 -0.9817936 -0.1851718 0.04234063 -0.9630898 -0.2664874 0.03797888 -0.9613005 -0.2745621 0.02273839 -0.08142942 0.9874034 -0.1356605 -0.08133816 0.98741 -0.1356676 -0.08134359 0.9950855 -0.05646282 -0.2317188 0.9712575 -0.05445432 -0.2468092 0.9600448 -0.1319058 -0.246873 0.9600292 -0.1318995 -0.2468843 0.9674717 -0.05519688 -0.3189349 0.9462735 -0.05335927 -0.4014661 0.9073492 -0.1246687 -0.4014696 0.9073479 -0.1246683 -0.401475 0.9144083 -0.05172407 -0.4092261 0.9110067 -0.05099874 -0.5375278 0.8353978 -0.1147795 -0.5375313 0.8353957 -0.1147789 -0.5375473 0.8418729 -0.04788374 -0.5526521 0.8321302 -0.04620641 -0.6543098 0.7491887 -0.1029323 -0.654297 0.7491995 -0.102935 -0.6543211 0.7549736 -0.04334402 -0.6792296 0.7328396 -0.03991448 -0.6545435 0.7489879 -0.1029075 -0.7286108 0.6785533 -0.09323006 -0.7286394 0.6785233 -0.0932241 -0.8049185 0.5878627 -0.08076798 -0.804839 0.5879694 -0.08078455 -0.8874289 0.4566544 -0.06274437 -0.8874253 0.4566613 -0.06274372 -0.8874094 0.4566916 -0.06274861 -0.8048458 0.5879601 -0.08078467 -0.9433644 0.3286705 -0.04515933 -0.9433766 0.3286365 -0.04515308 -0.9434187 0.3308454 -0.02241557 -0.9757704 0.2185748 -0.009853184 -0.9821512 0.1863427 -0.02560323 -0.9821515 0.1863412 -0.02560365 -0.9821515 0.1863408 -0.02560353 -0.9433782 0.3286315 -0.04515457 -0.9978208 0.06536793 -0.008981466 -0.9978208 0.06536817 -0.008981525 -0.9977945 0.06636458 0.0013628 -0.9994463 0.03311157 0.003288567 -0.9978209 0.06536734 -0.008981823 -0.9999574 0.0091421 -0.001256167 -0.9999574 0.009142041 -0.001256048 -0.9999575 0.0091421 -0.001255989 -0.9996762 -0.02520829 0.003463268 -0.9996762 -0.02520823 0.003463268 -0.9996762 -0.02520841 0.003463149 -0.9975872 -0.06877869 0.009448885 -0.9975872 -0.06877917 0.009449601 -0.9975871 -0.06877958 0.009449124 -0.9930832 -0.1163198 0.01598036 -0.9930834 -0.1163181 0.01598399 -0.9641295 -0.2630076 0.03579384 -0.9641633 -0.2628695 0.03589951 -0.9736155 -0.2260962 0.03087747 -0.9736258 -0.2260273 0.03105664 -0.973627 -0.226023 0.03105181 -0.9853255 -0.1690969 0.02323108 -0.9853255 -0.1690972 0.02323383 -0.9930831 -0.1163211 0.01598238 0.02768135 0.9903138 -0.1360604 0.4424589 0.8884426 -0.1220645 0.5763391 0.8096051 -0.1112341 0.696038 0.7113226 -0.09773099 0.79806 0.5969697 -0.0820204 0.8725629 0.4839553 -0.06649202 0.9274365 0.3705001 -0.05090427 0.9690573 0.2445387 -0.03359854 0.4092541 0.9110301 -0.05035006 0.6790549 0.732971 -0.04047411 0.8747607 0.4838423 -0.02627319 0.929298 0.3687177 -0.02127104 0.9993767 0.03530228 -5.21261e-5 0.9608061 -0.2744481 0.0391134 0.9644688 -0.2630903 0.02415615 0.9427642 -0.2569453 -0.2125433 0.9713626 -0.2311188 0.05512553 0.9897947 -0.1411405 0.019638 0.989796 -0.1411319 0.01963734 0.9821329 -0.188183 0.001470923 0.9821003 -0.1853358 -0.03361105 0.9713618 -0.2311222 0.05512583 0.9947831 -0.1000363 0.01998662 0.9961607 -0.08634573 -0.01443165 0.9978175 -0.06450802 0.014104 0.9991945 -0.04012542 6.01262e-4 0.999189 -0.03431814 -0.02105993 0.9978176 -0.06450664 0.01410394 0.9999495 0.009873628 0.001832664 0.9999496 0.009873926 0.001832604 0.999926 -0.002403914 -0.01193153 0.999954 -0.009461224 0.001588046 0.999954 -0.009458839 0.001587867 0.9757713 0.2185775 -0.009697496 0.9757715 0.218577 -0.009697496 0.9928465 0.1189717 -0.01007664 0.993457 0.1139795 -0.007204055 0.999451 0.03310155 -0.001402556 0.230933 0.9714937 -0.05357253 0.2312908 0.9714088 -0.05356776 0.1375144 0.9888497 -0.05714863 0.07610869 0.9955845 -0.05494463 0.02768993 0.9980976 -0.0550878 0.07624435 0.9955074 -0.05614066 0.9696828 -0.2441208 -0.01096415 0.9687948 -0.245557 0.03374153 0.9822402 -0.185881 0.02554154 0.98224 -0.1858814 0.02554631 0.9822402 -0.1858807 0.02554368 0.9910508 -0.132242 0.01817268 0.9910506 -0.1322442 0.01816874 0.9907763 -0.1350426 -0.01121652 0.9947834 -0.1000328 0.01998639 0.9910508 -0.1322432 0.01816791 0.9964107 -0.08386307 0.01152133 0.9964107 -0.08386266 0.01152211 0.9991984 -0.03965884 0.005448818 0.9991984 -0.03965783 0.005449116 0.9991985 -0.03965771 0.005448758 0.9999992 -0.001236259 1.69859e-4 0.9999992 -0.001236081 1.69142e-4 0.9999992 -0.001236557 1.69902e-4 0.9998666 0.01618611 -0.002223908 0.9998665 0.01618593 -0.002223968 0.9998667 0.01628762 -0.001170277 0.9994518 0.03310877 7.51409e-5 0.9928356 0.1183763 -0.01626509 0.992836 0.1183735 -0.01626366 0.9928364 0.1183698 -0.0162639 0.9993813 0.03484541 -0.004787802 0.9993813 0.03484624 -0.004787445 0.9998666 0.01618349 -0.002223372 0.9690586 0.2445331 -0.03359901 0.9690573 0.2445383 -0.03359836 0.9691017 0.2457702 -0.02094942 0.9552154 0.2954396 -0.01669949 0.927423 0.3705332 -0.05090963 0.9274246 0.3705293 -0.05091035 0.9274548 0.3732131 -0.02322727 0.8747562 0.4838911 -0.02551305 0.8725705 0.4839419 -0.06649047 0.8725674 0.4839474 -0.06649047 0.8725407 0.487863 -0.02573817 0.874754 0.4838544 -0.02627384 0.7980465 0.5969875 -0.08202183 0.7980552 0.5969761 -0.08202153 0.7980798 0.6015384 -0.03493297 0.7875342 0.615346 -0.03375017 0.696053 0.7113081 -0.09772986 0.6960421 0.7113187 -0.09773033 0.6960664 0.7167835 -0.04138767 0.6792711 0.7327712 -0.04046279 0.5762912 0.8096385 -0.111239 0.5763035 0.8096297 -0.1112385 0.5763273 0.8158735 -0.04687601 0.5526549 0.8321366 -0.04605615 0.442491 0.8884268 -0.1220636 0.4424625 0.8884409 -0.1220642 0.4424845 0.8953039 -0.05136531 0.4092016 0.9110536 -0.05035138 0.2964391 0.9461634 -0.1299949 0.2966029 0.9461121 -0.1299949 0.2966192 0.9534256 -0.05474275 0.3188916 0.94617 -0.05541193 0.296652 0.9460971 -0.1299918 0.1376602 0.9812606 -0.1348232 0.1375067 0.9812827 -0.1348189 0.1375265 0.9812801 -0.1348181 0.02763271 0.9903152 -0.1360594 -3.94153e-5 -0.002385556 -0.9999971 1.27802e-5 -0.00234282 -0.9999973 0 -0.002348184 -0.9999972 -1.27802e-5 -0.00234282 -0.9999973 4.19266e-6 -0.002338707 -0.9999973 2.28623e-5 -0.00235027 -0.9999973 1.74799e-6 -0.002351999 -0.9999972 2.48551e-6 -0.002352595 -0.9999973 1.06442e-6 -0.002352476 -0.9999972 7.78175e-6 -0.002360522 -0.9999973 -8.40251e-6 -0.002356588 -0.9999972 9.44141e-7 -0.002372205 -0.9999971 -1.54889e-5 -0.00236535 -0.9999972 -2.4208e-5 -0.002343535 -0.9999973 -1.91453e-6 -0.002357363 -0.9999972 2.59026e-7 -0.002367019 -0.9999973 -6.21397e-6 -0.002361416 -0.9999972 -6.18933e-6 -0.002361774 -0.9999973 -1.21942e-5 -0.002354621 -0.9999972 -1.01584e-5 -0.002333223 -0.9999972 6.74849e-6 -0.002361714 -0.9999972 3.75177e-6 -0.002373278 -0.9999972 -5.59352e-6 -0.002349615 -0.9999971 -1.49497e-5 -0.002330005 -0.9999973 1.29948e-5 -0.002362966 -0.9999972 1.30816e-5 -0.00236392 -0.9999972 6.72693e-6 -0.00235331 -0.9999973 5.66811e-6 -0.002369999 -0.9999972 1.46207e-6 -0.00235939 -0.9999972 7.77895e-6 -0.002331376 -0.9999973 1.52688e-5 -0.002365887 -0.9999972 8.70912e-6 -0.002382278 -0.9999971 7.49109e-6 -0.002358138 -0.9999972 -4.38648e-7 -0.00237137 -0.9999971 2.14039e-6 -0.002348661 -0.9999972 -2.02049e-6 -0.002353668 -0.9999971 -1.48114e-6 -0.00235176 -0.9999973 -1.8611e-5 -0.002366602 -0.9999973 -5.98357e-6 -0.00233978 -0.9999973 -4.19266e-6 -0.002338707 -0.9999973 -3.75182e-6 -0.002373278 -0.9999972 5.59354e-6 -0.002349615 -0.9999973 -2.9148e-7 -0.002356171 -0.9999972 -4.17286e-5 -0.002355635 -0.9999972 4.14158e-5 -0.002357184 -0.9999972 1.65162e-6 -0.002352952 -0.9999973 2.53832e-6 -0.002352476 -0.9999973 -5.0379e-6 -0.002353966 -0.9999972 0 -0.002351999 -0.9999972 9.28678e-6 -0.002355039 -0.9999973 2.16126e-5 -0.002352118 -0.9999973 4.16412e-7 -0.002358794 -0.9999972 -1.09401e-5 -0.002359867 -0.9999972 -2.40904e-5 -0.00232923 -0.9999973 7.93745e-6 -0.00235629 -0.9999973 -4.14175e-5 -0.002357184 -0.9999972 9.61069e-6 -0.002349913 -0.9999973 -1.37428e-5 -0.002366304 -0.9999971 1.86347e-5 -0.002347886 -0.9999973 -4.1244e-5 -0.00237441 -0.9999972 -2.65034e-5 -0.002359807 -0.9999973 1.67082e-5 -0.002359747 -0.9999972 -1.79574e-6 -0.002356767 -0.9999972 -1.26271e-5 -0.002358853 -0.9999972 2.78223e-5 -0.002352118 -0.9999972 1.2325e-4 -0.002234041 -0.9999974 4.7292e-6 -0.002349913 -0.9999973 -2.27667e-5 -0.002373337 -0.9999972 3.63398e-6 -0.002357184 -0.9999972 3.71085e-6 -0.002357423 -0.9999972 4.18249e-6 -0.002357006 -0.9999973 -7.17628e-6 -0.002357363 -0.9999972 -1.23774e-5 -0.00235939 -0.9999973 2.52845e-6 -0.002355217 -0.9999971 1.88842e-5 -0.002352535 -0.9999973 -5.29106e-5 -0.002357184 -0.9999973 1.42044e-5 -0.002354562 -0.9999973 -3.71085e-6 -0.002357423 -0.9999972 1.80699e-5 -0.00235337 -0.9999972 -2.86382e-5 -0.002359092 -0.9999972 2.64471e-5 -0.002355277 -0.9999972 -4.18275e-6 -0.002357006 -0.9999973 8.69074e-6 -0.002356112 -0.9999972 7.48246e-5 -0.002353727 -0.9999973 1.9751e-5 -0.002355456 -0.9999973 2.2309e-4 -0.002350687 -0.9999973 1.91484e-5 -0.002354979 -0.9999973 8.05692e-5 -0.002350628 -0.9999972 -2.38922e-5 -0.002357125 -0.9999972 -2.81574e-5 -0.002357721 -0.9999972 2.05788e-5 -0.00235182 -0.9999973 2.23861e-4 -0.002304315 -0.9999973 -5.90458e-5 -0.00236845 -0.9999972 -3.63399e-6 -0.002357184 -0.9999972 0.07085716 0.05810159 -0.9957929 -0.8747294 -0.4531207 0.1718426 -0.8870126 -0.460186 -0.03791546 -0.8870465 -0.4601222 -0.03789532 -0.8870276 -0.4601484 -0.03801828 -0.9384193 -0.3301995 0.1016731 -0.9384161 -0.330207 0.1016779 -0.9384192 -0.3302013 0.1016686 -0.9384857 -0.3301683 0.1011605 -0.8970905 -0.4154531 0.1504241 -0.8869789 -0.4602393 -0.03805696 -0.9384178 -0.3302034 0.1016743 -0.9384168 -0.3302052 0.1016783 -0.9492927 -0.3027833 0.08464986 -0.9384175 -0.3302041 0.1016746 -0.07085722 0.05810171 -0.9957929 -2.64472e-5 -0.002355277 -0.9999972 2.86382e-5 -0.002359092 -0.9999972 -1.80699e-5 -0.00235337 -0.9999972 -4.78505e-5 -0.002354383 -0.9999973 -2.23084e-4 -0.002350687 -0.9999973 -1.97511e-5 -0.002355456 -0.9999973 -7.48262e-5 -0.002353727 -0.9999973 -8.69069e-6 -0.002356112 -0.9999972 0.997893 0.06488221 -1.52836e-4 0.9978929 0.06488221 -1.52836e-4 0.9731519 0.230163 -5.42168e-4 0.9731519 0.230163 -5.42168e-4 0.9212313 0.3890143 -9.16355e-4 0.9212313 0.3890143 -9.16355e-4 0.8435747 0.5370104 -0.001264929 0.8435803 0.5370017 -0.001265764 0.7423734 0.6699846 -0.001579225 0.7423647 0.6699942 -0.001578211 0.6204156 0.7842711 -0.001847386 0.6204278 0.7842614 -0.001848638 0.4811475 0.8766372 -0.002066373 0.4811326 0.8766453 -0.002065002 0.3284201 0.9445292 -0.002224922 0.3284373 0.9445232 -0.002226412 0.1665591 0.9860287 -0.002324223 0.1665216 0.9860351 -0.002321124 0 0.9999973 -0.002353966 0 0.9999973 -0.002353966 -0.1665591 0.9860288 -0.002321064 -0.1665216 0.9860351 -0.002324223 -0.3284204 0.9445291 -0.002226352 -0.3284375 0.944523 -0.002224862 -0.4811473 0.8766373 -0.002064943 -0.4811325 0.8766454 -0.002066373 -0.6204156 0.784271 -0.001848578 -0.6204275 0.7842617 -0.001847326 -0.7423734 0.6699846 -0.001578152 -0.7423647 0.6699942 -0.001579225 -0.8435755 0.5370091 -0.001265764 -0.8435808 0.5370009 -0.001264929 -0.9212306 0.3890158 -9.16359e-4 -0.9212308 0.3890153 -9.16312e-4 -0.9731518 0.2301636 -5.42121e-4 -0.9731518 0.2301636 -5.42121e-4 -0.9978931 0.06487983 -1.5278e-4 -0.9978931 0.06487983 -1.5278e-4 -0.9998246 -0.0187323 4.41908e-5 -0.9998246 -0.01873248 4.41186e-5 -0.9998245 -0.01873248 4.41756e-5 -0.9998246 -0.01873248 4.41427e-5 -0.9998245 -0.01873248 4.41574e-5 -0.9994387 -0.03132528 0.01187992 -0.9994477 -0.03093892 0.01212793 -0.9993836 -0.03510499 8.28452e-5 0.9998245 -0.01873278 4.41352e-5 0.9998245 -0.01873302 4.44302e-5 0.9998245 -0.01873272 4.41622e-5 0.9993386 -0.03506135 0.009646594 0.9987428 -0.05012869 1.1814e-4 0.9997245 -0.02194774 0.008323431 0.9998245 -0.01873278 4.43817e-5 0.9998246 -0.01873266 4.41267e-5 -0.08479869 -0.9963954 0.002347052 -0.08479863 -0.9963954 0.002347052 -0.251969 -0.9677326 0.002279579 -0.2519691 -0.9677326 0.002279579 -0.4119229 -0.9112161 0.002146422 -0.411903 -0.9112251 0.002144992 -0.5599492 -0.8285247 0.001950323 -0.5599819 -0.8285025 0.001952946 -0.6919476 -0.7219457 0.001701772 -0.6919476 -0.7219457 0.001701772 -0.8040001 -0.5946274 0.001401662 -0.8039914 -0.5946394 0.001400709 -0.8929251 -0.4502041 0.001060485 -0.8929251 -0.450204 0.001060485 -0.9561656 -0.2928256 6.89775e-4 -0.9561676 -0.2928189 6.90224e-4 -0.9919005 -0.1270169 2.99401e-4 -0.9919002 -0.1270198 2.99205e-4 -0.999099 0.04244077 -9.99726e-5 -0.9990989 0.04244077 -9.99726e-5 -0.9775555 0.2106774 -4.96268e-4 -0.9775566 0.2106725 -4.96591e-4 -0.927891 0.3728505 -8.78872e-4 -0.9278877 0.3728588 -8.78299e-4 -0.8515233 0.5243154 -0.001235008 -0.851523 0.5243158 -0.001235008 -0.7506814 0.6606625 -0.001556158 -0.7506814 0.6606625 -0.001556158 -0.6282055 0.7780452 -0.001832664 -0.6282199 0.7780337 -0.001833856 -0.4876848 0.8730173 -0.00205779 -0.4876849 0.8730173 -0.00205779 -0.3331483 0.9428719 -0.002222478 -0.3331272 0.9428793 -0.002220988 -0.1689793 0.9856169 -0.00232166 -0.1690255 0.9856089 -0.002324759 0 0.9999972 -0.002358734 0 0.9999973 -0.002358734 0.1689791 0.9856168 -0.002324819 0.1690254 0.985609 -0.00232166 0.3331485 0.9428718 -0.002220988 0.3331273 0.9428793 -0.002222537 0.4876846 0.8730175 -0.00205785 0.487685 0.8730173 -0.00205785 0.6282054 0.7780454 -0.001833975 0.6282194 0.778034 -0.001832723 0.7506815 0.6606625 -0.001556277 0.7506815 0.6606625 -0.001556277 0.8515239 0.5243142 -0.001235067 0.8515236 0.5243148 -0.001235127 0.9278913 0.3728498 -8.7837e-4 0.9278885 0.3728568 -8.78886e-4 0.9775552 0.2106788 -4.96606e-4 0.9775561 0.2106747 -4.9631e-4 0.9990989 0.04244077 -1.00023e-4 0.999099 0.04244077 -1.00022e-4 0.9919004 -0.1270176 2.99151e-4 0.9919 -0.1270205 2.9936e-4 0.9561658 -0.2928249 6.90192e-4 0.9561681 -0.2928175 6.89662e-4 0.8929251 -0.4502041 0.001060366 0.8929248 -0.4502046 0.001060426 0.8039994 -0.5946285 0.001400649 0.8039909 -0.5946398 0.001401603 0.6919479 -0.7219454 0.001701712 0.6919479 -0.7219454 0.001701712 0.5599493 -0.8285246 0.001952946 0.5599818 -0.8285026 0.001950263 0.4119224 -0.9112164 0.002144932 0.4119029 -0.9112251 0.002146422 0.2519692 -0.9677326 0.00227952 0.2519692 -0.9677326 0.00227952 0.08479869 -0.9963954 0.002347052 0.08479863 -0.9963954 0.002347052 0.001187324 -0.002333045 -0.9999966 1.09735e-5 -0.002352714 -0.9999973 0.002523481 -0.002842843 -0.9999928 3.05955e-6 -0.002349019 -0.9999973 6.94146e-4 -0.002082824 -0.9999976 1.11223e-5 -0.002353191 -0.9999972 -0.002477228 -0.003148317 -0.999992 -5.34902e-5 -0.002340316 -0.9999973 3.23131e-5 -0.002366304 -0.9999972 -1.72137e-4 -0.002301335 -0.9999973 7.23244e-6 -0.002358853 -0.9999972 4.68936e-6 -0.002358257 -0.9999973 -0.002621352 -0.001502811 -0.9999954 4.78666e-4 -0.00251019 -0.9999967 1.32006e-4 -0.002304375 -0.9999974 -4.81131e-5 -0.002374708 -0.9999971 -1.97069e-5 -0.002363741 -0.9999972 -5.49985e-6 -0.002356767 -0.9999972 -8.35032e-6 -0.002357482 -0.9999972 0.001617193 -0.002049803 -0.9999966 2.18526e-6 -0.002355992 -0.9999972 1.13289e-5 -0.002354681 -0.9999972 7.31667e-6 -0.002345323 -0.9999973 2.89882e-6 -0.002360939 -0.9999973 1.96243e-6 -0.002362012 -0.9999972 3.02221e-6 -0.002352714 -0.9999973 1.203e-6 -0.002355754 -0.9999973 8.35971e-7 -0.002348482 -0.9999973 -2.24357e-6 -0.002356171 -0.9999973 4.2152e-6 -0.002385914 -0.9999971 9.70683e-6 -0.002361595 -0.9999972 -2.40552e-6 -0.002330958 -0.9999973 -4.20209e-6 -0.00235933 -0.9999973 -5.87495e-6 -0.002356529 -0.9999972 -6.06832e-6 -0.002354502 -0.9999972 1.68162e-6 -0.002363622 -0.9999972 2.7527e-7 -0.002358198 -0.9999972 4.09521e-6 -0.002348542 -0.9999973 -9.36307e-6 -0.002363443 -0.9999972 -6.17592e-7 -0.002356052 -0.9999973 -1.16515e-5 -0.00235486 -0.9999973 -2.4445e-6 -0.002356171 -0.9999973 -8.00844e-5 -0.002332746 -0.9999973 6.02527e-5 -0.002374112 -0.9999972 1.03919e-4 -0.002387404 -0.9999972 -1.07028e-5 -0.002351999 -0.9999972 -1.08469e-5 -0.002351939 -0.9999973 7.82845e-7 -0.002357006 -0.9999972 7.15823e-6 -0.002353787 -0.9999972 -6.87907e-6 -0.002360343 -0.9999972 -6.67948e-5 -0.002381563 -0.9999972 1.08828e-4 -0.002316653 -0.9999973 -6.89832e-5 -0.002380609 -0.9999972 -7.57471e-6 -0.002356648 -0.9999973 2.50623e-6 -0.002355873 -0.9999973 -5.27451e-4 -0.002345621 -0.9999971 -9.97241e-7 -0.002357661 -0.9999972 -2.13393e-6 -0.002358376 -0.9999972 -1.45735e-5 -0.002355337 -0.9999973 0 -0.002349197 -0.9999972 1.45735e-5 -0.002355337 -0.9999973 2.13393e-6 -0.002358376 -0.9999972 -4.42574e-6 -0.002354264 -0.9999973 2.35817e-6 -0.002353727 -0.9999972 9.09826e-7 -0.002352476 -0.9999973 -1.07292e-5 -0.002351582 -0.9999972 -6.03921e-6 -0.002357184 -0.9999973 6.10503e-7 -0.002358794 -0.9999973 -3.7452e-6 -0.002351462 -0.9999973 1.20734e-6 -0.002353549 -0.9999972 9.9516e-6 -0.002375483 -0.9999971 -9.27236e-6 -0.002363502 -0.9999972 -1.46636e-5 -0.002339601 -0.9999973 3.97797e-6 -0.002355813 -0.9999972 4.06056e-6 -0.002357065 -0.9999973 5.64135e-6 -0.002358973 -0.9999972 5.28173e-6 -0.002362787 -0.9999972 5.92887e-7 -0.00235486 -0.9999972 -2.7527e-7 -0.002358198 -0.9999972 -4.0952e-6 -0.002348542 -0.9999973 -1.37857e-5 0.002351522 0.9999973 1.25551e-5 0.002355515 0.9999972 0.002354979 0.002801597 0.9999933 -3.07626e-7 0.002357304 0.9999973 1.53697e-5 0.002325952 0.9999973 3.00061e-4 0.002350747 0.9999972 -3.7538e-5 0.002345085 0.9999973 3.54599e-7 0.00235641 0.9999973 2.74026e-5 0.002363801 0.9999972 5.71914e-6 0.002357661 0.9999973 -1.15535e-5 0.002353727 0.9999972 8.00565e-6 0.002358615 0.9999972 -8.13638e-4 0.002095639 0.9999975 -6.89638e-5 0.002333462 0.9999973 0 0.002357125 0.9999972 1.37279e-5 0.002351164 0.9999973 -1.48192e-4 0.002408325 0.999997 -2.00062e-5 0.002360165 0.9999973 0.002340257 0.001905381 0.9999954 1.12498e-5 0.00235337 0.9999973 3.23909e-5 0.002353429 0.9999973 -1.49663e-5 0.002357125 0.9999972 -7.15748e-4 0.002343535 0.999997 -4.74428e-6 0.002343416 0.9999973 -1.74192e-5 0.00238806 0.9999971 0 0.002367258 0.9999972 2.3607e-6 0.002346515 0.9999973 -3.71256e-7 0.002351105 0.9999973 -1.29343e-7 0.002355873 0.9999973 3.91577e-6 0.00234574 0.9999972 8.52149e-6 0.002367019 0.9999971 9.74045e-6 0.002361595 0.9999973 -7.23458e-7 0.002335131 0.9999973 -1.66906e-6 0.002350091 0.9999973 4.06482e-6 0.002359628 0.9999973 3.40418e-6 0.002352714 0.9999973 2.53737e-5 0.002378642 0.9999972 1.30118e-5 0.002330899 0.9999972 -6.9269e-6 0.002381324 0.9999971 4.72607e-5 0.002321422 0.9999973 5.84904e-6 0.002356469 0.9999971 -1.12509e-5 0.002354681 0.9999972 2.1043e-5 0.002359211 0.9999972 -2.00927e-4 0.002434432 0.999997 -8.18742e-6 0.002358317 0.9999973 -1.08993e-4 0.002391159 0.9999971 -5.45539e-7 0.002355873 0.9999972 -1.00635e-4 0.002396225 0.9999971 3.08475e-4 0.002232253 0.9999975 -3.91231e-7 0.00235939 0.9999972 3.58152e-7 0.002358913 0.9999972 -1.45193e-5 0.002355337 0.9999973 0 0.002349197 0.9999972 1.45193e-5 0.002355337 0.9999973 -3.58152e-7 0.002358913 0.9999972 -2.06758e-5 0.002346277 0.9999973 5.6781e-6 0.002344191 0.9999972 2.83462e-5 0.00236386 0.9999973 -5.0466e-6 0.002361238 0.9999972 -9.06539e-6 0.00235641 0.9999973 5.71222e-6 0.002360045 0.9999972 2.0465e-6 0.002353906 0.9999973 -1.21713e-6 0.002352535 0.9999972 1.58091e-6 0.002359509 0.9999973 -1.21275e-5 0.002350986 0.9999972 -1.40222e-5 0.002342581 0.9999973 2.08139e-6 0.002356588 0.9999972 2.15409e-6 0.002357721 0.9999973 -3.26411e-6 0.002351224 0.9999972 -5.63434e-6 0.002376079 0.9999971 -1.89261e-5 0.002353727 0.9999972 -1.30118e-5 0.002330899 0.9999973 6.92692e-6 0.002381324 0.9999971 1.67203e-4 0.002406477 0.9999971 -1.81049e-4 0.002299487 0.9999974 1.99582e-4 0.002418637 0.9999971 1.12241e-5 0.002351462 0.9999972 -3.91944e-5 0.002370774 0.9999972 1.7122e-4 0.002291977 0.9999974 0.01873654 0.9998217 -0.002357423 0.01872873 0.9998218 -0.002353787 0.01782423 0.2289152 -0.9732832 0.07601451 0.9926731 -0.09392488 0.7365155 -0.2089759 -0.6433304 0.9615337 -0.2746045 0.006734967 0.9512934 -0.2721393 -0.1448483 0.9513664 -0.2721608 -0.1443277 0.9566795 -0.2739385 -0.0986008 0.9585514 -0.2769133 -0.06707018 0.9592867 -0.2798429 -0.03817069 0.9270361 -0.2656496 -0.2646399 0.9271056 -0.2656698 -0.2643761 0.8473221 -0.2429423 -0.4722546 0.847235 -0.2429172 -0.4724235 0.9707471 -0.2313167 -0.06436318 0.9592571 -0.2775395 -0.05289387 0.9634149 -0.262736 -0.05292898 0.9632415 -0.2631602 -0.0539689 0.9632022 -0.2626509 -0.05706155 0.9712444 -0.231132 -0.05711716 0.9707165 -0.2310138 -0.06589436 0.9805052 -0.1850777 -0.06599891 0.980159 -0.1851738 -0.07070338 0.9874801 -0.1409611 -0.07080394 0.987447 -0.1410516 -0.07108354 0.9949727 -0.06454998 -0.07656812 0.9872615 -0.1409443 -0.07382059 0.9922401 -0.09996557 -0.07393616 0.992193 -0.1000179 -0.07449573 0.9920977 -0.09995853 -0.07583141 0.9950246 -0.06451988 -0.07591599 0.996852 0.009650588 -0.07869583 0.994933 -0.06451529 -0.07711142 0.9964255 -0.03434801 -0.07717794 0.9963675 -0.0343672 -0.07791548 0.9969092 -0.009607672 -0.0779739 0.9969063 -0.009625494 -0.07800704 0.9968724 -0.009614467 -0.07844096 0.9968686 0.009657979 -0.07848453 0.9968469 0.00965625 -0.07875949 0.9963492 0.03283792 -0.07880312 0.9963402 0.03280222 -0.0789324 0.9962891 0.03283005 -0.07956326 0.9903351 0.1134959 -0.0797193 0.9902362 0.1133898 -0.08108639 0.9726085 0.2177589 -0.08132356 0.9726166 0.2176396 -0.08154666 0.9724891 0.2177286 -0.08282035 0.9520708 0.2943676 -0.08312058 0.9520619 0.2942447 -0.08365535 0.9262767 0.3674268 -0.08371955 0.9262096 0.367259 -0.08518594 0.871856 0.4822503 -0.08544969 0.8719438 0.4820486 -0.08569246 0.8717613 0.482165 -0.08688634 0.8717719 0.4821475 -0.08687615 0.7849585 0.6133738 -0.08725148 0.7850762 0.6129769 -0.08896416 0.6770628 0.7304852 -0.08931702 0.6772408 0.7302117 -0.09019911 0.6767851 0.7305996 -0.09047788 0.5508984 0.8296244 -0.09074372 0.4078959 0.9083017 -0.09278458 0.4081938 0.908241 -0.0920664 0.551198 0.8293008 -0.09187483 0.4079492 0.9082813 -0.0927506 0.3179563 0.9435197 -0.09313625 0.3189436 0.9431479 -0.0935257 0.2304539 0.9685985 -0.09331679 0.2302109 0.9686047 -0.09384959 0.2305693 0.9685535 -0.09349834 0.9406222 -0.2739598 -0.2004395 0.9389354 -0.271798 -0.2110125 0.9428285 -0.2579409 -0.2110467 0.9421789 -0.2573232 -0.214671 0.9500026 -0.2267269 -0.2146854 0.9484078 -0.2260878 -0.2222768 0.9579426 -0.1813371 -0.2224025 0.9570223 -0.1810289 -0.2265766 0.9641317 -0.1380878 -0.2266754 0.9635218 -0.1379271 -0.2293512 0.968375 -0.09798425 -0.2294538 0.9679985 -0.09790295 -0.2310712 0.9708507 -0.06335204 -0.2311611 0.9706127 -0.06331062 -0.2321696 0.9720649 -0.03389739 -0.2322516 0.9718948 -0.03387379 -0.2329658 0.9724211 -0.009758412 -0.2330277 0.9723225 -0.009747624 -0.2334392 0.9723176 0.009044528 -0.2334882 0.9722637 0.009048938 -0.2337122 0.9717828 0.03163087 -0.2337472 0.9716455 0.03164917 -0.2343143 0.965859 0.1102394 -0.2344436 0.9655708 0.1102846 -0.2356068 0.9484212 0.2118674 -0.2358163 0.9481058 0.2118963 -0.2370554 0.9281666 0.2864943 -0.2375455 0.9280164 0.2865622 -0.2380495 0.9030109 0.3577141 -0.2379328 0.9027393 0.3577057 -0.2389739 0.8499086 0.4695404 -0.2391385 0.8495362 0.4695422 -0.2404544 0.7651138 0.5971016 -0.2409784 0.7647193 0.5971343 -0.2421466 0.6598283 0.7111886 -0.2425646 0.6594102 0.7112205 -0.2436054 0.5369281 0.8075923 -0.2439323 0.5365369 0.8075962 -0.244779 0.3975486 0.8842796 -0.2449588 0.3971931 0.8842363 -0.2456904 0.3104894 0.918046 -0.2465519 0.3103742 0.9180734 -0.246595 0.2244845 0.9429268 -0.2459591 0.2242172 0.9428507 -0.2464941 0.07402974 0.9663041 -0.2465278 0.07609188 0.9927031 -0.09354567 0.0758785 0.9926722 -0.09404492 0.0741254 0.9662368 -0.2467629 0.07029086 0.9165859 -0.3936107 0.2128334 0.8943136 -0.3935798 0.2131356 0.8944818 -0.3930338 0.2943125 0.8707259 -0.3939754 0.2942684 0.8707337 -0.3939911 0.3769776 0.8388169 -0.3927774 0.3773579 0.8389587 -0.3921085 0.5092385 0.7661978 -0.3919404 0.5096521 0.7662944 -0.391213 0.6259624 0.674827 -0.3908702 0.626371 0.6748958 -0.390096 0.7260431 0.5666017 -0.3896461 0.7265028 0.5666702 -0.3886883 0.8067599 0.4455403 -0.3881137 0.8070793 0.4455966 -0.3873845 0.8572559 0.3393177 -0.387267 0.857683 0.3393864 -0.3862599 0.8813293 0.271762 -0.3865283 0.8814783 0.2717321 -0.3862095 0.900542 0.2008907 -0.3855737 0.9010251 0.2009031 -0.3844369 0.9173134 0.1043933 -0.3842371 0.917654 0.1043751 -0.3834281 0.9231222 0.02969402 -0.3833585 0.9232876 0.02968263 -0.3829607 0.9237354 0.008218646 -0.382943 0.9238379 0.008213937 -0.382696 0.9238416 -0.009640991 -0.3826537 0.9239923 -0.009651601 -0.3822894 0.9234941 -0.03256839 -0.3822278 0.923687 -0.03258734 -0.3817595 0.922306 -0.06053954 -0.3816892 0.9226723 -0.06058758 -0.3807953 0.9199643 -0.09342616 -0.380706 0.9205169 -0.09352022 -0.3793451 0.9159058 -0.1314926 -0.3792444 0.9168132 -0.1316878 -0.3769773 0.9100481 -0.1725304 -0.3768897 0.9114109 -0.1729056 -0.3734081 0.9023358 -0.215493 -0.3732998 0.9047731 -0.2163031 -0.3668769 0.8972889 -0.2454652 -0.3669052 0.8983418 -0.2461395 -0.3638646 0.8948785 -0.2584818 -0.3638402 0.8969159 -0.2601266 -0.3575976 0.07022184 0.9166639 -0.3934414 0.06470638 0.8449286 -0.5309508 0.1963731 0.8243446 -0.5309364 0.1965585 0.8244921 -0.5306387 0.2711097 0.8023459 -0.5317335 0.2711135 0.8023455 -0.5317323 0.3476855 0.7731956 -0.5303615 0.3479747 0.7733614 -0.5299301 0.469627 0.7062547 -0.5297686 0.4699684 0.706395 -0.5292787 0.5773082 0.6220684 -0.5289103 0.5778167 0.6222345 -0.5281592 0.669814 0.5223658 -0.5277152 0.6701346 0.5224556 -0.5272191 0.744296 0.4107237 -0.5266208 0.7446652 0.4108219 -0.5260221 0.7909545 0.3126729 -0.5259531 0.7913708 0.3127644 -0.525272 0.8130594 0.2503339 -0.5256115 0.8133082 0.2503142 -0.5252357 0.8310361 0.1849794 -0.5245585 0.8314806 0.1850136 -0.5238415 0.846494 0.09594869 -0.5236811 0.8469396 0.0959447 -0.5229609 0.8519585 0.0270133 -0.5229121 0.8520917 0.02700775 -0.5226952 0.852495 0.007184565 -0.522686 0.8525972 0.007181406 -0.5225194 0.8526075 -0.00929743 -0.5224692 0.8527804 -0.009306848 -0.5221866 0.8523215 -0.03045505 -0.5221307 0.8526364 -0.03048056 -0.521615 0.8513659 -0.05628347 -0.521544 0.8517424 -0.05632621 -0.5209245 0.8492447 -0.08664494 -0.5208417 0.8499163 -0.08674675 -0.5197281 0.8456599 -0.121809 -0.5196363 0.8467499 -0.1220221 -0.5178081 0.8404986 -0.1597491 -0.5177282 0.8421092 -0.1601541 -0.5149787 0.833725 -0.1995146 -0.5148753 0.8367015 -0.2004243 -0.5096672 0.8297483 -0.2274044 -0.5097109 0.830994 -0.2280642 -0.5073811 0.8273385 -0.2410548 -0.5073497 0.7350714 -0.2094028 -0.6448413 0.0648356 0.8447236 -0.5312612 0.05776894 0.7526541 -0.6558768 0.175051 0.7343057 -0.65586 0.1751745 0.73443 -0.6556878 0.2413557 0.7144242 -0.656769 0.241739 0.7144006 -0.6566537 0.3099251 0.6888477 -0.6553131 0.3101317 0.6889994 -0.6550558 0.4185938 0.6291754 -0.6549179 0.4190233 0.6294091 -0.6544185 0.5147497 0.5542499 -0.6540947 0.5150606 0.5543856 -0.6537348 0.5971527 0.4653905 -0.6533148 0.5975195 0.4655241 -0.6528841 0.6637593 0.3659084 -0.6523302 0.6640092 0.365988 -0.6520311 0.7052818 0.2783825 -0.6519822 0.7055779 0.2784575 -0.6516299 0.7247855 0.2227143 -0.6519849 0.7251291 0.2227112 -0.6516039 0.7410826 0.1645362 -0.6509413 0.7415148 0.1645817 -0.6504372 0.754887 0.0851382 -0.6503054 0.755321 0.08514475 -0.6498004 0.759755 0.02366876 -0.6497786 0.7599175 0.02366429 -0.6495886 0.7602696 0.00597465 -0.6495802 0.7603888 0.005971848 -0.6494407 0.7603951 -0.008724629 -0.6494022 0.7605509 -0.008731842 -0.6492196 0.7601473 -0.02759617 -0.6491646 0.7604184 -0.02761578 -0.6488462 0.7592871 -0.05062657 -0.6487835 0.7597692 -0.05067682 -0.648215 0.757543 -0.07772368 -0.6481418 0.7581807 -0.0778141 -0.6473848 0.7543929 -0.1090973 -0.6472938 0.7555925 -0.1093195 -0.6458555 0.7500162 -0.1429859 -0.6457792 0.7517682 -0.1434046 -0.6436457 0.7442841 -0.178551 -0.6435533 0.7474182 -0.1794656 -0.6396546 0.7411792 -0.2035589 -0.6397008 0.7426312 -0.2042474 -0.6377946 0.7407375 -0.2110357 -0.6377868 0.7365722 -0.2089922 -0.6432603 0.05784553 0.7524953 -0.6560524 0.04937684 0.6422263 -0.764923 0.1494617 0.6265599 -0.7649077 0.1495127 0.6266207 -0.764848 0.2062278 0.6091594 -0.7657642 0.206228 0.6091594 -0.7657642 0.2645614 0.5876692 -0.7646255 0.2648389 0.5879096 -0.7643446 0.3574839 0.5368102 -0.7642251 0.3576974 0.5369483 -0.7640282 0.439461 0.4728215 -0.7637499 0.4398552 0.4730247 -0.763397 0.5099955 0.3970658 -0.7630487 0.5102775 0.3971844 -0.7627984 0.5669671 0.3121353 -0.7623122 0.5669625 0.3121337 -0.7623162 0.6022045 0.2372417 -0.762277 0.6027336 0.2373865 -0.7618135 0.6190329 0.1896914 -0.7621125 0.6190941 0.1896936 -0.7620621 0.6328603 0.1400404 -0.7614964 0.6334742 0.1401156 -0.7609719 0.6448988 0.07225584 -0.7608447 0.6451628 0.07226365 -0.7606201 0.6489188 0.01973885 -0.7606016 0.6490865 0.01973569 -0.7604586 0.6493738 0.00461775 -0.7604553 0.649337 0.004618465 -0.7604867 0.6493452 -0.007934808 -0.7604524 0.649618 -0.007946014 -0.7602193 0.6492718 -0.02405518 -0.760176 0.6495669 -0.02407497 -0.7599232 0.6486052 -0.04373264 -0.7598676 0.6490228 -0.04377388 -0.7595086 0.6471287 -0.06687837 -0.7594417 0.6478574 -0.0669775 -0.7588116 0.6446254 -0.09371101 -0.7587335 0.6456597 -0.09389626 -0.7578306 0.6408895 -0.1226703 -0.7577682 0.6425217 -0.1230483 -0.7563233 0.6361309 -0.1530934 -0.7562406 0.6390789 -0.1539297 -0.7535808 0.6337049 -0.1745425 -0.7536266 0.6350785 -0.1751497 -0.7523283 0.6320917 -0.1857509 -0.7523009 0.5337225 -0.1521341 -0.8318626 0.04945337 0.6420282 -0.7650845 0.03977406 0.51593 -0.8557068 0.1201534 0.5033425 -0.8556925 0.1203157 0.5035618 -0.8555405 0.1657702 0.4893231 -0.8562028 0.1656619 0.4893184 -0.8562265 0.2128467 0.4722135 -0.8554009 0.2131471 0.4725059 -0.8551647 0.2876138 0.4314238 -0.8550742 0.2877217 0.4315021 -0.8549983 0.3535723 0.3798853 -0.8547946 0.3537747 0.3800015 -0.8546591 0.4102526 0.3189157 -0.854392 0.4104765 0.3190189 -0.8542459 0.4561136 0.2506413 -0.8538965 0.4561824 0.250667 -0.8538523 0.4845462 0.1903167 -0.8538118 0.484789 0.1903864 -0.8536584 0.4978056 0.1520099 -0.8538634 0.4981235 0.1520301 -0.8536743 0.5092931 0.1121231 -0.8532578 0.5095753 0.1121609 -0.8530845 0.5187506 0.05757254 -0.8529849 0.5191689 0.05758881 -0.8527293 0.5221676 0.0153203 -0.8527052 0.5221737 0.01532018 -0.8527016 0.5224007 0.003151535 -0.8526943 0.5226142 0.003148019 -0.8525635 0.5226237 -0.006956696 -0.8525351 0.5225852 -0.006955265 -0.8525586 0.5223115 -0.01991987 -0.8525221 0.5225727 -0.01993656 -0.8523616 0.5218002 -0.03574991 -0.8523184 0.522265 -0.03579419 -0.8520317 0.5207393 -0.05438667 -0.8519816 0.5212203 -0.05445039 -0.8516834 0.518619 -0.07595932 -0.8516247 0.5197091 -0.07615053 -0.8509428 0.5158636 -0.09930711 -0.8508954 0.5172386 -0.09961932 -0.8500236 0.512093 -0.123807 -0.8499604 0.5148681 -0.1245802 -0.848169 0.5105177 -0.1411871 -0.8481968 0.5116807 -0.141678 -0.8474139 0.5106207 -0.1454672 -0.8474113 0.529424 -0.1527185 -0.8344982 0.03978753 0.5158879 -0.8557316 0.02912861 0.377166 -0.9256875 0.08802008 0.3679406 -0.9256739 0.0881353 0.3681116 -0.9255949 0.1212669 0.3575881 -0.9259725 0.1215656 0.3576146 -0.9259231 0.1560094 0.345296 -0.9254359 0.1559835 0.3452686 -0.9254506 0.2105111 0.3151927 -0.9253857 0.2106666 0.3153151 -0.9253086 0.2589005 0.2775385 -0.9251719 0.259122 0.2776752 -0.9250688 0.300503 0.2329539 -0.9248949 0.3006705 0.2330358 -0.9248197 0.3341353 0.1829702 -0.9245948 0.3341398 0.182972 -0.9245927 0.3549224 0.1387135 -0.9245479 0.3552097 0.1387985 -0.9244247 0.364695 0.1106277 -0.9245318 0.3646649 0.1106252 -0.924544 0.3729188 0.08140909 -0.9242857 0.3733899 0.08147549 -0.9240897 0.380104 0.04148131 -0.9240132 0.3803122 0.04149061 -0.9239271 0.382491 0.01052492 -0.9238993 0.3823913 0.01052594 -0.9239405 0.3825538 0.001599609 -0.9239318 0.3826495 0.001598238 -0.9238921 0.3826546 -0.005794644 -0.9238733 0.3828644 -0.005802214 -0.9237864 0.3826639 -0.01529961 -0.923761 0.3828953 -0.01531392 -0.9236648 0.3823295 -0.0269016 -0.9236344 0.3825493 -0.0269221 -0.9235427 0.3814333 -0.04053997 -0.923507 0.3818566 -0.04059511 -0.9233297 0.3799545 -0.05635941 -0.9232866 0.3805628 -0.05646473 -0.9230296 0.3777533 -0.07342302 -0.9229906 0.3790015 -0.07370293 -0.9224563 0.3752365 -0.09142857 -0.9224091 0.377237 -0.09197968 -0.9215378 0.3740343 -0.1041446 -0.9215489 0.3749864 -0.1045346 -0.9211177 0.3740467 -0.1078841 -0.9211135 0.02912664 0.3771731 -0.9256846 0.01776295 0.2291676 -0.9732249 0.05371624 0.223534 -0.9732148 0.05371791 0.2235366 -0.9732142 0.07411831 0.21699 -0.973356 0.07381922 0.2169519 -0.9733871 0.09500348 0.2094559 -0.973192 0.09514504 0.2096149 -0.9731439 0.1283675 0.19129 -0.9731032 0.128579 0.1914661 -0.9730407 0.1579988 0.1684314 -0.9729682 0.1581818 0.16855 -0.972918 0.1834326 0.1412739 -0.9728279 0.1833599 0.1412369 -0.9728469 0.2038049 0.1106827 -0.9727348 0.2039224 0.1107298 -0.9727048 0.2166015 0.08369255 -0.9726661 0.2165699 0.08368307 -0.972674 0.2223247 0.06650787 -0.9727016 0.22262 0.06653589 -0.9726322 0.2276794 0.04873377 -0.9725159 0.2276557 0.04873031 -0.9725216 0.2317522 0.02433359 -0.9724705 0.2319988 0.02434557 -0.9724114 0.2333241 0.005466461 -0.9723837 0.2332735 0.005466878 -0.9723958 0.2333681 1.20456e-5 -0.9723885 0.2332886 1.31393e-5 -0.9724075 0.2332934 -0.004498302 -0.972396 0.2335544 -0.004507422 -0.9723333 0.2334313 -0.01029777 -0.9723188 0.2333573 -0.01029324 -0.9723366 0.2330137 -0.017358 -0.9723185 0.2332506 -0.01737982 -0.9722613 0.2325719 -0.0256806 -0.9722401 0.2329518 -0.02572965 -0.9721479 0.2317904 -0.03534138 -0.9721235 0.2322808 -0.03542566 -0.9720034 0.2305619 -0.04577881 -0.9719802 0.2312421 -0.0459302 -0.9718115 0.2289394 -0.05674141 -0.9717855 0.2303064 -0.05711555 -0.9714406 0.2283444 -0.06454271 -0.9714387 0.2287898 -0.06472182 -0.971322 0.2310622 -0.05659449 -0.9712916 -0.2869094 0.08055913 0.9545645 0.08174127 -0.004477143 -0.9966436 0.0774464 -0.02076423 -0.9967803 0.07697254 -0.02066785 -0.996819 0.07774853 -0.01701146 -0.9968279 0.07751095 -0.0169745 -0.996847 0.07809132 -0.01348161 -0.9968551 0.07787692 -0.01345723 -0.9968722 0.07826656 -0.01022052 -0.9968801 0.07834649 -0.0102263 -0.9968737 0.07857567 -0.007429718 -0.9968805 0.07834285 -0.007421016 -0.9968989 0.0784589 -0.005035758 -0.9969046 0.07835948 -0.005034983 -0.9969124 0.07840019 -0.003095448 -0.9969172 0.0785768 -0.003092586 -0.9969033 0.07857513 -0.001570641 -0.9969069 0.07852536 -0.00157231 -0.9969109 0.07849276 2.67437e-4 -0.9969147 0.07831633 2.54312e-4 -0.9969285 0.07787495 0.006592631 -0.9969413 0.07790398 0.006597876 -0.996939 0.07652533 0.01481676 -0.9969576 0.0763905 0.01477587 -0.9969685 0.07469314 0.02073228 -0.996991 0.0747177 0.02074569 -0.996989 0.0727759 0.02655732 -0.9969947 0.0727387 0.0265389 -0.9969978 0.06848299 0.03561562 -0.9970164 0.06856542 0.03567534 -0.9970085 0.06166589 0.04597735 -0.9970374 0.06148886 0.04577648 -0.9970575 0.05302125 0.05492001 -0.9970821 0.05305594 0.0549817 -0.9970768 0.04316949 0.06272161 -0.997097 0.04319941 0.06281399 -0.9970898 0.03201127 0.06898564 -0.9971039 0.03199928 0.06889855 -0.9971104 0.02472764 0.07145851 -0.997137 0.02482408 0.07135772 -0.9971418 0.01802629 0.07355147 -0.9971286 0.01804095 0.07334703 -0.9971433 0.006004512 0.07523351 -0.9971479 0.005975723 0.07536387 -0.9971382 -0.230329 0.9686282 -0.09331595 -0.7849732 0.6133549 -0.0872516 -0.8718739 0.4822186 -0.08544653 -0.926276 0.3674287 -0.08371955 -0.9726088 0.217759 -0.08132112 -0.9903348 0.1134961 -0.0797218 -0.9963496 0.0328328 -0.07880055 -0.9969087 -0.009613275 -0.07797896 -0.7350721 -0.2094025 -0.6448407 -0.6338853 -0.1794216 -0.752328 -0.7171417 -0.2153113 -0.6628339 -0.5337225 -0.1521341 -0.8318626 -0.8425289 -0.246406 -0.4789876 -0.9188271 -0.2795978 -0.278535 -0.8969164 -0.260126 -0.3575968 -0.9406222 -0.2739598 -0.2004395 -0.946993 -0.2835863 -0.1509408 -0.963415 -0.2627357 -0.05292838 -0.9602342 -0.2741376 -0.05290246 -0.9580494 -0.2865169 0.007027149 -0.9592871 -0.2798417 -0.03817051 -0.9585517 -0.2769121 -0.06706988 -0.9566799 -0.2739374 -0.09860038 -0.5339681 -0.1522049 -0.831692 -0.5101458 -0.1471557 -0.8474058 -0.511726 -0.1415157 -0.8474135 -0.6351391 -0.1749328 -0.7523276 -0.6336493 -0.174759 -0.7536232 -0.6391139 -0.153801 -0.7535772 -0.9634236 -0.2627147 -0.05287683 -0.9630981 -0.2631182 -0.05666369 -0.9632009 -0.2626594 -0.0570442 -0.971178 -0.2314152 -0.0570994 -0.970717 -0.2310099 -0.06590044 -0.6425338 -0.1229783 -0.7563245 -0.6360999 -0.1532239 -0.7562403 -0.5148933 -0.1244719 -0.8481696 -0.5104723 -0.1413481 -0.8481974 -0.3750205 -0.1044132 -0.9211175 -0.3740468 -0.1078842 -0.9211134 -0.9805057 -0.1850728 -0.06600505 -0.9804136 -0.1852163 -0.06696367 -0.9801877 -0.1850257 -0.07069283 -0.7352219 -0.2094457 -0.6446561 -0.7409538 -0.2102558 -0.6377932 -0.7427032 -0.2039744 -0.6377981 -0.7411065 -0.2038307 -0.6396986 -0.7474593 -0.1793035 -0.6396523 -0.7442492 -0.1787154 -0.643548 -0.7517881 -0.143317 -0.6436419 -0.7500008 -0.1430748 -0.6457773 -0.7556012 -0.1092668 -0.6458542 -0.9874799 -0.1409671 -0.07079273 -0.9873697 -0.1410425 -0.07216686 -0.9872611 -0.1409444 -0.07382559 -0.8472357 -0.2429167 -0.4724225 -0.8283612 -0.2374779 -0.5073676 -0.831076 -0.2277659 -0.5073808 -0.8296648 -0.2277013 -0.5097141 -0.8367459 -0.2002298 -0.5096706 -0.8336802 -0.1997103 -0.5148718 -0.8421294 -0.1600524 -0.5149769 -0.8404772 -0.1598505 -0.5177316 -0.8467561 -0.1219618 -0.5178121 -0.8456494 -0.1218685 -0.5196394 -0.849918 -0.08671009 -0.5197315 -0.9271056 -0.2656698 -0.2643761 -0.8954418 -0.256519 -0.3638434 -0.8984425 -0.2457792 -0.3638597 -0.8971914 -0.2458242 -0.3669033 -0.9048267 -0.2160817 -0.3668753 -0.902281 -0.2157158 -0.3733037 -0.9114311 -0.1727864 -0.3734141 -0.9100276 -0.1726498 -0.3768842 -0.916825 -0.1316193 -0.3769726 -0.915897 -0.1315613 -0.3792417 -0.920522 -0.09347933 -0.3793427 -0.919963 -0.09346711 -0.3806993 -0.9226768 -0.06056129 -0.3807885 -0.9922395 -0.09996718 -0.07394117 -0.992136 -0.1000133 -0.07525759 -0.9920983 -0.09995949 -0.07582139 -0.9950233 -0.06455165 -0.07590591 -0.9949331 -0.06451553 -0.07710891 -0.9513669 -0.2721596 -0.1443271 -0.9398022 -0.2687725 -0.2110294 -0.9429392 -0.2575315 -0.2110528 -0.9420681 -0.2577304 -0.2146688 -0.9500623 -0.2264777 -0.2146844 -0.9483497 -0.2263391 -0.2222691 -0.9579697 -0.1812016 -0.2223963 -0.956996 -0.1811649 -0.2265785 -0.964142 -0.1380107 -0.2266787 -0.9635121 -0.1380041 -0.2293455 -0.9683808 -0.0979377 -0.2294489 -0.9679929 -0.09794902 -0.2310755 -0.9708514 -0.06332373 -0.2311658 -0.9706104 -0.06333845 -0.2321718 -0.972065 -0.03387802 -0.232254 -0.996367 -0.03436714 -0.07792049 -0.996426 -0.03434765 -0.07717144 -0.9964256 -0.0343517 -0.07717543 -0.9968722 -0.009614229 -0.07844346 -0.9968845 -0.009625732 -0.07828557 -0.9724212 -0.009747445 -0.2330277 -0.9718941 -0.03389304 -0.2329658 -0.9236866 -0.03257381 -0.3817616 -0.9223034 -0.06056571 -0.3816912 -0.8517426 -0.05630648 -0.5209264 -0.8492402 -0.08668082 -0.5208432 -0.758185 -0.07778644 -0.647383 -0.754387 -0.1091502 -0.6472916 -0.6456655 -0.09385752 -0.7578303 -0.6408772 -0.1227405 -0.7577673 -0.5172504 -0.09956741 -0.8500226 -0.5120701 -0.1239165 -0.8499582 -0.3772557 -0.09190833 -0.9215373 -0.374002 -0.1042659 -0.9215482 -0.228806 -0.06466835 -0.9713217 -0.2310635 -0.0565949 -0.9712913 -0.9968471 0.009657025 -0.07875698 -0.9968684 0.009651482 -0.07848703 -0.9723181 0.00905019 -0.2334858 -0.972323 -0.009758174 -0.2334368 -0.9239915 -0.009641289 -0.3822914 -0.9234926 -0.03258156 -0.3822299 -0.852637 -0.03046458 -0.5216149 -0.8513647 -0.05630308 -0.5215439 -0.759767 -0.05065637 -0.6482192 -0.7575367 -0.07775092 -0.6481458 -0.6478578 -0.06695038 -0.7588135 -0.6446178 -0.0937494 -0.758735 -0.5197143 -0.07611423 -0.8509428 -0.515854 -0.09935963 -0.8508951 -0.3790099 -0.0736593 -0.9224565 -0.37522 -0.09150081 -0.9224085 -0.2303186 -0.05706942 -0.9714403 -0.2283302 -0.06459635 -0.9714385 -0.07678681 -0.02325952 -0.9967762 0.824253 0.324624 0.4639248 -0.07744276 -0.02077966 -0.9967802 -0.07697635 -0.02065235 -0.996819 -0.2289279 -0.05678808 -0.9717856 -0.2312455 -0.04590749 -0.9718117 -0.3777467 -0.07346707 -0.9229897 -0.3805667 -0.05644619 -0.9230291 -0.5186155 -0.0759958 -0.8516235 -0.5212231 -0.05443453 -0.8516826 -0.6471288 -0.06690531 -0.7594393 -0.6490265 -0.04375898 -0.7595063 -0.7592846 -0.0506466 -0.6487848 -0.7604176 -0.02760457 -0.6488475 -0.8523216 -0.03047084 -0.5221297 -0.8527811 -0.009298026 -0.5221857 -0.9238428 -0.009650647 -0.3826504 -0.9238392 0.008220314 -0.3826928 -0.9722626 0.009043514 -0.2337169 -0.9717808 0.03165477 -0.233752 -0.9963229 0.03280109 -0.07915002 -0.9962888 0.03283226 -0.07956582 -0.990226 0.1134802 -0.08108448 -0.990279 0.1133959 -0.08055269 -0.9658512 0.110319 -0.2344381 -0.9716476 0.0316255 -0.2343093 -0.9232889 0.02970069 -0.3829564 -0.9237373 0.008212447 -0.3829386 -0.8525949 0.007186055 -0.5225229 -0.8526052 -0.009305596 -0.5224728 -0.760551 -0.008725523 -0.6492197 -0.760147 -0.02760702 -0.6491644 -0.6495693 -0.02406466 -0.7599216 -0.6486063 -0.0437476 -0.7598659 -0.5222628 -0.03577911 -0.8520337 -0.5207346 -0.05440217 -0.8519835 -0.3818597 -0.04058247 -0.9233288 -0.3799539 -0.0563783 -0.9232857 -0.2322816 -0.03541111 -0.9720038 -0.2305564 -0.04580116 -0.9719805 -0.07751262 -0.01696699 -0.996847 -0.0777474 -0.01701909 -0.9968279 -0.9724903 0.2177249 -0.0828154 -0.9725304 0.2176191 -0.08262318 -0.9484019 0.2119652 -0.2358059 -0.9655823 0.110206 -0.235596 -0.9176468 0.1044335 -0.3834294 -0.923122 0.02967625 -0.3833604 -0.8520875 0.02701807 -0.5227015 -0.8524911 0.007179915 -0.5226925 -0.7603913 0.0059762 -0.6494377 -0.7603976 -0.008730471 -0.6493992 -0.6496156 -0.007936596 -0.7602214 -0.6492691 -0.02406531 -0.760178 -0.5225731 -0.01992851 -0.8523615 -0.5217994 -0.03576451 -0.8523182 -0.3825524 -0.02691566 -0.9235417 -0.3814348 -0.04055303 -0.9235058 -0.2329525 -0.02571868 -0.972148 -0.231788 -0.0353555 -0.9721236 -0.07787805 -0.01345121 -0.9968722 -0.07809072 -0.01348763 -0.996855 -0.9520285 0.2943527 -0.08365577 -0.9521054 0.2942568 -0.08311569 -0.9281326 0.2865968 -0.2375544 -0.9481258 0.2117981 -0.2370632 -0.9010035 0.2009951 -0.3844395 -0.9173187 0.1043354 -0.3842402 -0.8469372 0.09600114 -0.5229544 -0.8519623 0.02700358 -0.5229064 -0.7599197 0.02367514 -0.6495857 -0.7602722 0.005970358 -0.6495772 -0.6493321 0.004617273 -0.760491 -0.6493402 -0.007943749 -0.7604567 -0.5225852 -0.006956279 -0.8525587 -0.5223113 -0.01992797 -0.852522 -0.3828956 -0.01530736 -0.9236648 -0.3823291 -0.02690804 -0.9236343 -0.2332503 -0.01737314 -0.9722616 -0.2325701 -0.02569144 -0.9722402 -0.07834666 -0.01022857 -0.9968737 -0.07826721 -0.01021832 -0.9968801 -0.9261649 0.3673724 -0.08518332 -0.9262267 0.367267 -0.08496499 -0.9029767 0.3578024 -0.2379295 -0.9280495 0.2864578 -0.2380464 -0.8814568 0.2718024 -0.3862091 -0.9005638 0.2007972 -0.3855715 -0.8314654 0.1850762 -0.5238436 -0.846499 0.09589231 -0.5236832 -0.7553163 0.08518803 -0.6498003 -0.7597549 0.02365881 -0.6497791 -0.6490862 0.01974499 -0.7604585 -0.6493738 0.004619061 -0.7604554 -0.5226141 0.003154039 -0.8525635 -0.5226237 -0.006955444 -0.8525351 -0.3828681 -0.005796313 -0.9237849 -0.3826673 -0.01530623 -0.9237594 -0.2333572 -0.01029521 -0.9723366 -0.2330133 -0.01736456 -0.9723185 -0.07834273 -0.007414698 -0.9968989 -0.07857549 -0.007436037 -0.9968805 -0.8717318 0.4822199 -0.08687686 -0.8718757 0.4820085 -0.08660614 -0.8498203 0.4696986 -0.2391412 -0.9027729 0.3576181 -0.2389779 -0.8576462 0.3394743 -0.3862644 -0.8813489 0.2716906 -0.3865337 -0.8132827 0.2504027 -0.5252332 -0.8310524 0.1849164 -0.5245549 -0.7415048 0.1646317 -0.650436 -0.7548931 0.08509433 -0.6503041 -0.6451609 0.07228606 -0.7606197 -0.6489192 0.01973009 -0.7606015 -0.5221737 0.01532071 -0.8527015 -0.5224007 0.003145754 -0.8526943 -0.3826495 0.001600742 -0.9238921 -0.3826546 -0.005800426 -0.9238733 -0.2335534 -0.004500627 -0.9723336 -0.2334302 -0.01029568 -0.9723191 -0.07835954 -0.00503236 -0.9969124 -0.07845842 -0.005038321 -0.9969047 -0.07840031 -0.003090977 -0.9969172 -0.07857602 -0.003097057 -0.9969033 -0.2332922 -0.004505097 -0.9723963 -0.2332875 1.12324e-5 -0.9724078 -0.3825521 0.001597225 -0.9239326 -0.3823897 0.01052147 -0.9239413 -0.5221632 0.01531982 -0.852708 -0.5191618 0.0576201 -0.8527315 -0.6449033 0.07223325 -0.7608429 -0.6334637 0.1401767 -0.7609692 -0.7410961 0.1644871 -0.6509383 -0.7251001 0.2228123 -0.6516016 -0.8130905 0.2502462 -0.5256051 -0.7913489 0.3128314 -0.5252652 -0.8572923 0.3392305 -0.3872628 -0.8070298 0.4456896 -0.3873804 -0.849626 0.4693822 -0.2404494 -0.7649486 0.5973151 -0.2409734 -0.7850992 0.612997 -0.08862221 -0.6770146 0.7305425 -0.08921265 -0.6770864 0.7304636 -0.08931291 -0.7847472 0.6133981 -0.08896416 -0.07849323 2.60261e-4 -0.9969146 -0.07831543 2.61579e-4 -0.9969286 -0.2333274 0.005468904 -0.9723829 -0.232001 0.02436244 -0.9724105 -0.3801058 0.04146701 -0.924013 -0.3733828 0.08151328 -0.9240892 -0.5093008 0.1120988 -0.8532565 -0.4981036 0.1521021 -0.8536731 -0.6190368 0.1896754 -0.7621132 -0.6027117 0.2374438 -0.7618129 -0.7052943 0.2783442 -0.651985 -0.6639829 0.366032 -0.6520333 -0.744343 0.4106423 -0.5266179 -0.6700586 0.5225563 -0.5272158 -0.7261854 0.5664213 -0.389643 -0.6261861 0.6750691 -0.3900933 -0.65965 0.7109992 -0.2436022 -0.5366573 0.807773 -0.2439297 -0.07857435 -0.001571774 -0.996907 -0.07852572 -0.001571118 -0.9969109 -0.2333681 1.40237e-5 -0.9723885 -0.2332735 0.005464792 -0.9723958 -0.3824906 0.01052939 -0.9238993 -0.3803111 0.04150551 -0.9239269 -0.5187577 0.05754148 -0.8529826 -0.5095729 0.1121861 -0.8530825 -0.6328746 0.1399801 -0.7614955 -0.6190885 0.1897084 -0.762063 -0.7248176 0.2226138 -0.6519836 -0.7055639 0.2784954 -0.6516287 -0.7909821 0.3126094 -0.5259494 -0.7446224 0.4109047 -0.5260178 -0.8068143 0.4454491 -0.3881056 -0.7263644 0.5668544 -0.3886784 -0.7648848 0.5969248 -0.2421408 -0.6595876 0.7114136 -0.2425592 -0.6772218 0.7301954 -0.09047257 -0.5512575 0.8293855 -0.09074616 -0.5508405 0.8295379 -0.09187823 -0.4076146 0.9085015 -0.09206205 -0.4079359 0.9082869 -0.09275352 -0.4081891 0.9082309 -0.09218668 -0.3972705 0.8844062 -0.2449531 -0.5368103 0.8074164 -0.2447721 -0.509413 0.7664587 -0.3912025 -0.6261482 0.674661 -0.3908591 -0.5776304 0.6224201 -0.5281443 -0.6698969 0.5222717 -0.5277029 -0.5974475 0.4656226 -0.65288 -0.6637859 0.3658643 -0.6523279 -0.5669627 0.3121331 -0.7623163 -0.6022291 0.2371855 -0.7622749 -0.4847807 0.19041 -0.8536578 -0.4978291 0.1519381 -0.8538625 -0.3646677 0.1106188 -0.9245436 -0.3729299 0.08137202 -0.9242845 -0.2276549 0.04872822 -0.9725219 -0.2317537 0.02431714 -0.9724705 -0.0779035 0.006595849 -0.9969391 -0.07787442 0.006594419 -0.9969415 -0.31795 0.9434831 -0.09352779 -0.3189554 0.9431821 -0.09313899 -0.3103779 0.9180843 -0.2465498 -0.3974722 0.8841133 -0.2456817 -0.3770961 0.8390814 -0.3920983 -0.5094832 0.766041 -0.3919287 -0.4697989 0.7065125 -0.5292722 -0.5775021 0.6218965 -0.5289008 -0.5149624 0.5544802 -0.6537318 -0.5972286 0.4652972 -0.6533119 -0.5102308 0.3972505 -0.7627952 -0.566967 0.3121365 -0.7623117 -0.456178 0.2506772 -0.8538517 -0.4845569 0.1902941 -0.8538107 -0.3552016 0.1388247 -0.9244239 -0.3646939 0.1106337 -0.9245315 -0.2226017 0.06659346 -0.9726324 -0.2276772 0.04873508 -0.9725163 -0.07638823 0.014786 -0.9969685 -0.07652628 0.01480638 -0.9969576 -0.018085 0.07353246 -0.9971288 -0.01797997 0.07335668 -0.9971437 -0.05371725 0.2235335 -0.9732149 -0.0248444 0.07141739 -0.9971371 -0.02470642 0.07139557 -0.9971421 -0.07386034 0.2170735 -0.9733569 -0.05371695 0.2235369 -0.9732142 -0.08809185 0.3679291 -0.9256716 -0.03203296 0.06897372 -0.9971041 -0.0319758 0.06890678 -0.9971106 -0.0950638 0.2094343 -0.9731907 -0.07407528 0.216862 -0.9733877 -0.1215284 0.357503 -0.9259711 -0.08806616 0.368133 -0.925593 -0.1202592 0.5033229 -0.8556891 -0.04314899 0.06273782 -0.9970968 -0.04322236 0.06280136 -0.9970897 -0.1284366 0.1912515 -0.9731017 -0.09508854 0.2096458 -0.9731428 -0.1559977 0.3453013 -0.925436 -0.1213052 0.3577064 -0.9259219 -0.1656721 0.489355 -0.8562036 -0.120213 0.5035925 -0.8555369 -0.1494967 0.6265533 -0.7649064 -0.0530098 0.05493193 -0.9970819 -0.05306911 0.05497163 -0.9970766 -0.1580411 0.1683977 -0.9729672 -0.1285165 0.1915144 -0.9730395 -0.2105644 0.315161 -0.9253844 -0.1559943 0.3452618 -0.9254513 -0.2129918 0.4721589 -0.8553949 -0.1657549 0.4892861 -0.8562269 -0.2062252 0.6091615 -0.7657633 -0.1494784 0.6266314 -0.7648459 -0.1751401 0.7342876 -0.6558564 -0.06169307 0.04593652 -0.9970375 -0.06145507 0.04581242 -0.9970579 -0.183422 0.1412858 -0.9728282 -0.1581453 0.1685895 -0.9729171 -0.2589541 0.2774936 -0.9251704 -0.2106167 0.3153517 -0.9253074 -0.2876551 0.4314016 -0.8550714 -0.2130107 0.4725785 -0.8551585 -0.2647056 0.5876128 -0.764619 -0.206228 0.6091594 -0.7657642 -0.2417079 0.7143075 -0.6567664 -0.175086 0.7344543 -0.6556842 -0.1965156 0.8243146 -0.5309303 -0.06847774 0.0356267 -0.9970163 -0.0685721 0.03566509 -0.9970085 -0.2038148 0.1106702 -0.9727341 -0.1833693 0.141225 -0.9728469 -0.3005285 0.2329255 -0.9248936 -0.2590738 0.2777261 -0.925067 -0.3536273 0.3798428 -0.8547907 -0.2876853 0.4315313 -0.8549958 -0.3575712 0.5367581 -0.7642208 -0.264701 0.5879797 -0.7643385 -0.3100416 0.688799 -0.6553093 -0.2413919 0.7145188 -0.6566528 -0.2711172 0.8023425 -0.531735 -0.1964175 0.8245283 -0.5306348 -0.2130824 0.8942572 -0.3935735 -0.07277643 0.02655386 -0.9969947 -0.07273727 0.02654194 -0.9969979 -0.2166013 0.08369535 -0.9726659 -0.2039165 0.1107447 -0.9727043 -0.3341363 0.1829701 -0.9245945 -0.3006486 0.233069 -0.9248185 -0.4102898 0.3188744 -0.8543895 -0.3537268 0.3800519 -0.8546566 -0.439576 0.472723 -0.7637447 -0.3576153 0.5370069 -0.7640255 -0.4187883 0.6290541 -0.6549102 -0.310018 0.689054 -0.6550522 -0.3478663 0.7731207 -0.5303522 -0.2711064 0.8023488 -0.5317309 -0.2942667 0.870742 -0.393974 -0.2128881 0.8945444 -0.3930255 -0.2244525 0.9427962 -0.2464882 -0.2309733 0.9684574 -0.09349662 -0.2304479 0.9685741 -0.09358412 -0.2242493 0.9429838 -0.2459546 -0.3104906 0.9180342 -0.2465945 -0.2943145 0.8707174 -0.3939927 -0.3772425 0.8387013 -0.3927701 -0.3477988 0.7734453 -0.5299231 -0.4698016 0.7061445 -0.5297607 -0.4188374 0.6295417 -0.65441 -0.5148516 0.554162 -0.654089 -0.4397497 0.4731346 -0.7633897 -0.5100494 0.3970072 -0.7630432 -0.4104423 0.3190653 -0.854245 -0.4561182 0.2506313 -0.853897 -0.3341389 0.1829721 -0.9245932 -0.3549329 0.1386884 -0.9245475 -0.2165733 0.08368134 -0.9726733 -0.2223463 0.06645178 -0.9727005 -0.07471889 0.0207405 -0.996989 -0.07469218 0.02073776 -0.996991 -0.07592976 0.9926795 -0.09392553 -0.07609188 0.992703 -0.09354615 -0.07402503 0.9662441 -0.2467648 -0.07413017 0.966296 -0.2465292 -0.0702967 0.9166591 -0.3934394 -0.07021635 0.9165924 -0.3936089 -0.06469124 0.8447315 -0.5312661 -0.06485038 0.8449146 -0.5309556 -0.05775719 0.7524992 -0.6560557 -0.05785709 0.7526444 -0.6558803 -0.04936194 0.6420311 -0.765088 -0.04946786 0.6422152 -0.7649266 -0.0397709 0.5158883 -0.8557322 -0.03979057 0.5159276 -0.8557076 -0.0291292 0.3771731 -0.9256846 -0.02912616 0.3771665 -0.9256873 -0.01774364 0.2289156 -0.9732846 -0.01784271 0.2291553 -0.9732263 -0.006014585 0.07536387 -0.9971379 -0.005966186 0.07523953 -0.9971476 -0.06142085 0.9981092 -0.00235337 -0.0617367 0.9980897 -0.002351522 -0.2206707 0.9753457 -0.002297937 -0.2209716 0.9752776 -0.00229597 -0.3741922 0.9273486 -0.002183139 -0.3736475 0.9275683 -0.002187013 -0.5176558 0.8555867 -0.002017319 -0.5178874 0.8554465 -0.002015411 -0.6480571 0.7615897 -0.001794278 -0.6480573 0.7615895 -0.001794278 -0.7615373 0.6481193 -0.001526951 -0.7615371 0.6481194 -0.001526951 -0.8556184 0.5176059 -0.001219451 -0.8555334 0.5177462 -0.001220703 -0.9274094 0.3740468 -8.81922e-4 -0.9274538 0.3739369 -8.80982e-4 -0.9753358 0.2207258 -5.2001e-4 -0.9753522 0.220653 -5.19411e-4 -0.9980991 0.06162899 -1.45032e-4 -0.9980991 0.06162899 -1.45032e-4 0.09691751 0.9952896 -0.002343118 0.09723818 0.9952584 -0.002344846 0.2518364 0.9677671 -0.002280056 0.2515338 0.9678459 -0.002278506 0.3999781 0.9165222 -0.002157688 0.3999764 0.9165229 -0.002157688 0.5383877 0.8426949 -0.00198388 0.5383899 0.8426936 -0.00198388 0.663537 0.7481414 -0.001761317 0.6635372 0.7481412 -0.001761317 0.7724308 0.6350973 -0.001495182 0.7725588 0.6349415 -0.001495957 0.8622561 0.5064712 -0.001193284 0.8621728 0.5066128 -0.001192688 0.9308901 0.3652983 -8.60045e-4 0.9309351 0.3651835 -8.60465e-4 0.9765744 0.2151792 -5.07053e-4 0.9765583 0.2152522 -5.06806e-4 0.9982116 0.05977904 -1.4079e-4 0.998214 0.05974042 -1.40916e-4 -0.7333992 -0.6797964 0.001602649 -0.7782042 -0.6279968 0.004274427 -0.7341021 -0.6790372 0.001601815 -0.7446244 -0.6674816 0.001742899 -0.7398034 -0.6728212 0.001642048 -0.7367261 -0.6761894 0.001609921 -0.7644703 -0.6446527 0.0028674 -0.7568768 -0.6535536 0.002293229 -0.7502325 -0.6611712 0.001941204 -0.8503937 -0.5261455 0.001239895 -0.8503295 -0.5262492 0.001238644 -0.7856789 -0.6186329 0.001456081 -0.8205108 -0.5714688 0.01362037 -0.7989459 -0.6013519 0.007843494 -0.9487048 -0.3161261 0.004856169 -0.9123646 -0.4093787 2.7474e-5 -0.8757289 -0.4828032 2.03492e-4 -0.9120096 -0.409792 0.01758182 -0.8815409 -0.4720667 0.006229519 -0.9425211 -0.3341456 7.87105e-4 -0.984278 -0.1766257 4.16055e-4 -0.9842776 -0.1766282 4.16624e-4 -0.9998961 -0.01441258 3.3996e-5 -0.9998961 -0.0144124 3.39496e-5 -0.9889599 0.1481827 -3.49057e-4 -0.98896 0.1481826 -3.49056e-4 -0.9517581 0.3068486 -7.22805e-4 -0.9517594 0.3068442 -7.21819e-4 -0.8892794 0.4573631 -0.001075863 -0.8892763 0.4573691 -0.001077353 -0.8031882 0.5957238 -0.001403272 -0.8031884 0.5957235 -0.001403152 -0.6957632 0.7182692 -0.001691818 -0.6957556 0.7182766 -0.001694142 0.9425165 -0.3341365 0.003940045 0.8526226 -0.5225248 0.00157988 0.890155 -0.4555928 0.007711529 0.8757284 -0.4827974 0.002549946 0.8904155 -0.4551473 0.001071333 0.9198013 -0.3923833 9.23628e-4 0.7335352 -0.6796497 0.001602232 0.7340421 -0.6791021 0.001601636 0.7365921 -0.6763354 0.001609504 0.739894 -0.6727214 0.001644015 0.7445808 -0.6675301 0.001742064 0.7502346 -0.6611689 0.001941442 0.7569166 -0.6535074 0.002295494 0.7644871 -0.6446327 0.002869069 0.7782042 -0.6279968 0.004274368 0.7989432 -0.6013554 0.007842957 0.7856749 -0.6186237 0.004423499 0.8254963 -0.5644063 0.00112164 0.8255453 -0.5643347 0.001121461 0.9487128 -0.3161385 7.44688e-4 0.9842775 -0.1766282 4.16061e-4 0.984278 -0.1766257 4.16618e-4 0.9998961 -0.0144124 3.39955e-5 0.9998961 -0.01441258 3.39501e-5 0.9889599 0.1481831 -3.49058e-4 0.9889599 0.1481831 -3.49057e-4 0.9517596 0.3068438 -7.22794e-4 0.9517582 0.3068481 -7.21829e-4 0.8892761 0.4573695 -0.001075863 0.8892797 0.4573624 -0.001077592 0.8031888 0.5957229 -0.00140351 0.8031886 0.5957232 -0.001403391 0.6957556 0.7182766 -0.001692056 0.6957632 0.7182692 -0.001694321 1 0 0 1 0 0 0 0.9999973 -0.002352356 0 0.9999973 -0.002352356 -1 0 0 -1 0 0 -0.08477973 -0.996397 0.002343893 -0.08482229 -0.9963933 0.002350211 -0.2519826 -0.9677291 0.002282619 -0.2519826 -0.9677291 0.002282619 -0.4119026 -0.9112253 0.002149343 -0.4119026 -0.9112253 0.002149343 -0.5599769 -0.8285059 0.001954197 -0.5599769 -0.8285059 0.001954197 -0.6919431 -0.72195 0.001702904 -0.691932 -0.7219607 0.001700639 -0.8039959 -0.5946332 0.001400709 -0.8039884 -0.5946434 0.001398801 -0.8929262 -0.4502018 0.001059055 -0.8929306 -0.4501931 0.001060426 -0.9561659 -0.2928247 6.89773e-4 -0.9561659 -0.2928247 6.89776e-4 -0.9919006 -0.1270164 2.99197e-4 -0.9919002 -0.1270191 2.98798e-4 -0.999099 0.04244148 -9.98394e-5 -0.999099 0.04244148 -9.98397e-5 -0.9775545 0.210682 -4.9561e-4 -0.9775564 0.2106732 -4.9693e-4 -0.9278916 0.3728494 -8.79465e-4 -0.9278856 0.3728642 -8.7713e-4 -0.8515275 0.5243085 -0.001233339 -0.8515333 0.524299 -0.001235008 -0.7506754 0.6606693 -0.001556217 -0.750666 0.6606801 -0.001554131 -0.6282212 0.7780327 -0.00183022 -0.6282212 0.7780327 -0.00183022 -0.4876716 0.8730247 -0.002053678 -0.4877042 0.8730065 -0.002059161 -0.3331615 0.9428672 -0.002223968 -0.3331425 0.9428739 -0.002220988 -0.1690022 0.9856129 -0.00232166 -0.1690023 0.9856129 -0.00232166 -0.04241579 0.9990972 -0.002353429 -0.04241573 0.9990972 -0.002353429 0.04241585 0.9990972 -0.002353429 0.04241579 0.9990972 -0.002353429 0.1690022 0.9856129 -0.00232166 0.1690023 0.9856129 -0.00232166 0.3331612 0.9428673 -0.002220988 0.3331421 0.942874 -0.002224028 0.4876721 0.8730244 -0.002059221 0.4877046 0.8730063 -0.002053678 0.6282213 0.7780326 -0.001830279 0.6282213 0.7780326 -0.001830279 0.750675 0.6606698 -0.001554191 0.7506661 0.66068 -0.001556277 0.8515278 0.524308 -0.001235008 0.8515334 0.5242989 -0.001233398 0.9278916 0.3728494 -8.77187e-4 0.9278858 0.3728636 -8.79497e-4 0.9775544 0.2106827 -4.96952e-4 0.9775561 0.2106745 -4.95689e-4 0.999099 0.04244083 -9.99373e-5 0.999099 0.04244011 -9.98362e-5 0.9919005 -0.127017 2.98795e-4 0.9919003 -0.1270191 2.99106e-4 0.9561663 -0.2928235 6.89675e-4 0.9561661 -0.2928241 6.89771e-4 0.8929259 -0.4502023 0.001060485 0.8929306 -0.4501931 0.001058936 0.803996 -0.5946332 0.001398682 0.803988 -0.5946439 0.001400709 0.6919424 -0.7219508 0.00170058 0.6919313 -0.7219613 0.001702904 0.5599772 -0.8285057 0.001954197 0.5599775 -0.8285055 0.001954138 0.4119029 -0.9112251 0.002149283 0.4119027 -0.9112253 0.002149343 0.2519823 -0.9677291 0.002282619 0.2519823 -0.9677291 0.002282619 0.08477979 -0.996397 0.002350211 0.08482235 -0.9963934 0.002343893 -3.62709e-5 0.002352356 0.9999973 1.01219e-5 0.002362012 0.9999973 0.9384694 -0.3301773 0.1012822 0.9384188 -0.3302019 0.1016696 0.9384156 -0.3302082 0.1016791 0.9384186 -0.3302015 0.1016736 0.8870319 -0.4601406 -0.03801488 0.8870467 -0.4601219 -0.03789496 0.8870131 -0.4601852 -0.03790938 0.8747293 -0.453121 0.1718427 0.9384167 -0.3302055 0.1016786 0.9384179 -0.3302033 0.1016741 0.8869789 -0.4602391 -0.03805685 0.8970902 -0.4154536 0.1504242 0.9384175 -0.3302044 0.1016746 0.9492927 -0.3027834 0.0846498 -7.16659e-6 0.002355933 0.9999973 1.27037e-5 0.002362966 0.9999972 4.47545e-6 0.002357184 0.9999972 3.75818e-6 0.002303242 0.9999974 4.78237e-7 0.002348005 0.9999972 6.02701e-6 0.002342998 0.9999972 -2.7568e-6 0.0023669 0.9999972 5.02053e-6 0.002351164 0.9999973 7.58055e-7 0.002356171 0.9999973 -1.16569e-5 0.002356588 0.9999973 -1.26914e-6 0.002359032 0.9999972 -2.78814e-6 0.002351582 0.9999972 -2.72207e-6 0.002351343 0.9999973 -2.57982e-6 0.002354204 0.9999972 -3.05613e-6 0.002355277 0.9999972 -3.67843e-6 0.002361297 0.9999972 -3.84136e-6 0.002361595 0.9999972 -1.84807e-6 0.002353906 0.9999972 3.15952e-6 0.002348184 0.9999973 2.0363e-6 0.002350747 0.9999972 -4.06272e-6 0.002355933 0.9999973 5.08554e-5 0.002312481 0.9999973 8.43447e-6 0.002348721 0.9999973 0 0.002356171 0.9999972 9.50429e-7 0.002356171 0.9999973 -6.97436e-6 0.002355694 0.9999972 1.16568e-5 0.002356588 0.9999972 -2.40745e-5 0.002387881 0.9999971 -1.18556e-6 0.002356767 0.9999972 -1.73719e-5 0.002375602 0.9999972 -2.4318e-5 0.002353906 0.9999973 5.10792e-6 0.002356946 0.9999972 -7.15833e-6 0.00235331 0.9999973 1.2691e-5 0.002345442 0.9999973 6.73078e-5 0.002297461 0.9999973 -6.60133e-5 0.002401888 0.9999971 -7.18594e-6 0.00235325 0.9999973 1.7152e-6 0.002362847 0.9999972 -8.97785e-7 0.002355813 0.9999972 -1.99721e-6 0.002475619 0.9999969 1.96841e-6 0.002356171 0.9999973 6.60133e-5 0.002401888 0.9999971 -6.73076e-5 0.002297461 0.9999973 -4.58859e-6 0.002357363 0.9999973 -4.54543e-6 0.002357125 0.9999973 -3.23655e-7 0.002349138 0.9999973 -1.2626e-6 0.002369999 0.9999971 4.86945e-6 0.002352416 0.9999973 6.64541e-6 0.002368748 0.9999971 7.4389e-6 0.002364516 0.9999973 2.21707e-6 0.002345025 0.9999973 1.83855e-6 0.002355813 0.9999973 5.65055e-7 0.002352893 0.9999972 4.50616e-7 0.002351939 0.9999973 4.68782e-6 0.002358555 0.9999973 3.42526e-6 0.002353906 0.9999973 1.48502e-6 0.002351701 0.9999972 5.34814e-6 0.002360463 0.9999972 6.16087e-7 0.002356529 0.9999972 0 0.002355396 0.9999972 6.68018e-6 0.002359509 0.9999972 -1.43458e-6 0.002350151 0.9999972 -4.0303e-6 0.002349078 0.9999972 3.19275e-5 0.002379655 0.9999972 2.40535e-6 0.002358436 0.9999973 -5.3445e-5 0.002413451 0.9999971 6.99307e-6 0.002356052 0.9999972 -1.04512e-6 0.002356112 0.9999972 -8.43448e-6 0.002348721 0.9999973 -7.46971e-5 0.002292096 0.9999973 -1.2691e-5 0.002345442 0.9999973 1.7372e-5 0.002375602 0.9999972 1.18556e-6 0.002356767 0.9999972 3.65854e-4 0.002552628 0.9999967 2.58068e-5 0.002337515 0.9999972 7.86487e-5 0.002275645 0.9999974 -9.2767e-5 0.002447068 0.9999971 6.09173e-5 0.002330362 0.9999973 1.47216e-5 0.002358675 0.9999972 -3.65841e-4 0.002552628 0.9999967 -1.47216e-5 0.002358675 0.9999972 -6.09176e-5 0.002330362 0.9999973 -6.35898e-5 0.002328455 0.9999973 -9.53817e-5 0.002308964 0.9999973 2.78872e-5 0.002371788 0.9999972 7.30397e-5 0.002399444 0.9999971 -9.50141e-6 -0.002355754 -0.9999973 3.46245e-6 -0.002356231 -0.9999972 1.26742e-5 -0.002353191 -0.9999973 1.22972e-5 -0.002355933 -0.9999972 1.36629e-5 -0.002367615 -0.9999972 -3.09342e-6 -0.002355992 -0.9999972 9.49764e-6 -0.002355754 -0.9999973 3.09326e-6 -0.002355992 -0.9999973 1.27881e-5 -0.002383887 -0.9999971 8.81861e-6 -0.002363801 -0.9999972 4.90585e-5 -0.002382338 -0.9999972 -8.34529e-7 -0.002348482 -0.9999973 -0.002459108 -0.003218829 -0.9999918 4.54849e-4 -0.002202272 -0.9999974 -4.48614e-5 -0.002434313 -0.999997 7.32796e-5 -0.002299249 -0.9999974 -1.23212e-5 -0.002357423 -0.9999973 -1.40359e-5 -0.002390205 -0.9999971 -1.27881e-5 -0.002383887 -0.9999971 1.72777e-5 -0.002359688 -0.9999972 3.36333e-5 -0.002346813 -0.9999973 -1.26741e-5 -0.002353191 -0.9999973 -2.59454e-4 -0.002423107 -0.9999971 5.45193e-5 -0.002355337 -0.9999973 -1.47998e-5 -0.002358198 -0.9999971 -3.37894e-6 -0.002352237 -0.9999972 1.58823e-5 -0.002354025 -0.9999972 1.26187e-5 -0.002355098 -0.9999973 6.01687e-7 -0.002352297 -0.9999972 -1.61819e-5 -0.002355039 -0.9999972 -6.29552e-6 -0.002358853 -0.9999973 -1.19076e-5 -0.002358853 -0.9999973 2.05628e-6 -0.002366602 -0.9999972 -3.36334e-5 -0.002346813 -0.9999973 -1.72778e-5 -0.002359688 -0.9999973 -1.22972e-5 -0.002355933 -0.9999972 -2.05628e-6 -0.002366542 -0.9999972 1.02322e-5 -0.002359747 -0.9999972 8.85238e-6 -0.00235784 -0.9999972 1.0777e-5 -0.002357125 -0.9999972 7.29507e-6 -0.002350449 -0.9999973 -1.37569e-5 -0.002355396 -0.9999973 -1.42868e-5 -0.002353847 -0.9999972 7.72706e-6 -0.00235182 -0.9999973 8.93624e-6 -0.002357959 -0.9999973 8.31595e-6 -0.0023579 -0.9999972 1.15547e-5 -0.002424657 -0.9999971 3.54592e-5 -0.002248466 -0.9999974 -1.73962e-4 -0.002317965 -0.9999973 -1.08059e-4 -0.002328395 -0.9999973 5.20791e-5 -0.002372205 -0.9999973 4.53169e-5 -0.002369999 -0.9999972 -2.52838e-5 -0.002340793 -0.9999973 -1.0306e-5 -0.002348423 -0.9999972 -2.99359e-5 -0.002336382 -0.9999973 1.69256e-5 -0.002370417 -0.9999973 -3.4597e-6 -0.002356231 -0.9999972 1.97164e-6 -0.002355933 -0.9999973 0 -0.002355992 -0.9999972 0 -0.002355992 -0.9999972 -1.97185e-6 -0.002355933 -0.9999973 -1.36629e-5 -0.002367615 -0.9999972 -1.69256e-5 -0.002370417 -0.9999971 1.23402e-4 -0.002225875 -0.9999976 2.9936e-5 -0.002336382 -0.9999973 1.0306e-5 -0.002348423 -0.9999972 3.89169e-5 -0.002333819 -0.9999973 2.32595e-5 -0.002326071 -0.9999973 -1.00233e-4 -0.002431511 -0.999997 8.9786e-6 -0.002352178 -0.9999972 -0.9969176 0.07845604 -1.84311e-4 -0.9969173 0.0784592 -1.84568e-4 -0.9723716 0.2334375 -5.49139e-4 -0.9723675 0.2334547 -5.50567e-4 -0.923878 0.382686 -9.02572e-4 -0.9238836 0.3826728 -9.01417e-4 -0.8526396 0.522498 -0.001230776 -0.8526396 0.522498 -0.001230776 -0.7603785 0.6494784 -0.001529872 -0.7603785 0.6494784 -0.001529872 -0.6494697 0.7603853 -0.001791119 -0.6494938 0.7603648 -0.001788616 -0.522505 0.852634 -0.002005636 -0.5224755 0.8526519 -0.002008438 -0.3827172 0.9238629 -0.002176165 -0.3826826 0.9238774 -0.002179145 -0.2334582 0.9723641 -0.002293527 -0.2334198 0.9723733 -0.002296626 -0.07836031 0.9969223 -0.002354621 -0.07848101 0.9969129 -0.002345144 0.9969173 0.07846045 -1.84321e-4 0.9969175 0.07845729 -1.84563e-4 0.9723678 0.2334535 -5.49177e-4 0.9723722 0.2334351 -5.50617e-4 0.9238826 0.3826749 -9.02638e-4 0.9238767 0.3826893 -9.01456e-4 0.8526408 0.5224961 -0.001230776 0.8526408 0.5224961 -0.001230776 0.7603785 0.6494784 -0.001529872 0.7603785 0.6494784 -0.001529872 0.6494939 0.7603647 -0.001791059 0.6494705 0.7603847 -0.001788735 0.5224747 0.8526524 -0.002005755 0.5225041 0.8526344 -0.002008438 0.3826826 0.9238773 -0.002176225 0.3827171 0.923863 -0.002179145 0.2334197 0.9723734 -0.002293586 0.2334582 0.9723641 -0.002296626 0.07848125 0.9969128 -0.002354621 0.07836049 0.9969224 -0.002345144 0.9990416 -0.01881146 -0.03952163 0.9967263 -0.01973289 -0.07840448 0.9721809 -0.01964497 -0.2334061 0.9805493 -0.01883149 -0.1953675 0.9928557 -0.01887941 -0.1178185 0.923699 -0.01910382 -0.3826425 0.9378384 -0.01838779 -0.3465845 0.9621905 -0.01866775 -0.271737 0.8314683 -0.01873582 -0.5552563 0.8718333 -0.01748847 -0.4894904 0.9077095 -0.01799499 -0.4192131 0.649348 -0.01395648 -0.7603633 0.7602395 -0.01577299 -0.6494515 0.7602666 -0.01577544 -0.6494197 0.8525018 -0.01720416 -0.5224412 0.5225685 -0.01178783 -0.8525157 0.5223596 -0.01179516 -0.8526437 0.6493568 -0.0139572 -0.7603558 0.5224017 -0.01179587 -0.8526179 0.3826001 -0.009344398 -0.9238668 0.3825957 -0.009344041 -0.9238685 0.2333759 -0.006662547 -0.9723638 0.1881721 -0.00300008 -0.9821315 0.07846385 -0.003816187 -0.9969096 0.04463338 -0.005991578 -0.9989855 0.188175 -0.00300014 -0.9821309 0.07858526 0.002759993 -0.9969036 0.07852995 0.002766966 -0.996908 0.07658511 0.0157631 -0.9969385 0.07664537 0.01576566 -0.9969338 0.07255166 0.02829164 -0.9969633 0.0725277 0.02828651 -0.9969652 0.06642109 0.03992527 -0.9969925 0.06635278 0.03989827 -0.9969983 0.05839091 0.05036091 -0.9970228 0.05843347 0.05038666 -0.9970189 0.04883038 0.0593869 -0.99704 0.04887235 0.05942302 -0.9970359 0.03790903 0.06669402 -0.9970532 0.03787547 0.06665354 -0.997057 0.02584242 0.07200264 -0.9970696 0.02585363 0.07202196 -0.9970679 0.01311516 0.07528769 -0.9970756 0.01312744 0.07532036 -0.9970729 0 0.07642132 -0.9970756 0 0.07642132 -0.9970756 -0.01312083 0.07532095 -0.997073 -0.0131216 0.07528597 -0.9970757 -0.02584952 0.07202297 -0.997068 -0.0258463 0.07200092 -0.9970697 -0.03788459 0.06664955 -0.997057 -0.03790056 0.0666992 -0.997053 -0.04886335 0.05942857 -0.997036 -0.0488379 0.05937951 -0.9970401 -0.05842638 0.05039298 -0.997019 -0.05839651 0.05035334 -0.9970228 -0.06636101 0.03988713 -0.9969981 -0.06641459 0.03993779 -0.9969925 -0.07252991 0.02828228 -0.9969651 -0.07255041 0.02829605 -0.9969633 -0.07664203 0.01577663 -0.9969339 -0.0765872 0.01575195 -0.9969384 -0.07853192 0.002756595 -0.9969078 -0.0785855 0.002770602 -0.9969036 0.2336964 0.01291358 -0.9722239 0.2337161 0.0129109 -0.9722191 0.2279249 0.05160325 -0.9723104 0.22789 0.05160212 -0.9723185 0.2157266 0.08881413 -0.9724064 0.2157308 0.08881497 -0.9724053 0.1975447 0.1234691 -0.9724873 0.1976148 0.123496 -0.9724696 0.1738989 0.1546532 -0.9725438 0.173913 0.1546615 -0.97254 0.1453407 0.1814327 -0.9726038 0.1453349 0.1814278 -0.9726057 0.1127154 0.2030617 -0.9726567 0.1126669 0.2030043 -0.9726744 0.07690161 0.2189014 -0.9727119 0.07692813 0.218946 -0.9726997 0.03901869 0.2286658 -0.9727227 0.03899157 0.2285954 -0.9727403 0 0.2318651 -0.9727479 0 0.2318651 -0.9727479 -0.03900665 0.2285941 -0.9727401 -0.03900408 0.2286696 -0.9727224 -0.07691812 0.2189489 -0.9726999 -0.07691121 0.2188973 -0.972712 -0.1126807 0.2029982 -0.972674 -0.1127031 0.2030705 -0.9726564 -0.1453366 0.1814275 -0.9726055 -0.14534 0.1814343 -0.9726037 -0.1739111 0.1546644 -0.9725399 -0.1739007 0.1546502 -0.972544 -0.1976051 0.1235081 -0.9724701 -0.1975504 0.1234552 -0.9724878 -0.215729 0.08881491 -0.9724057 -0.2157278 0.08881402 -0.9724061 -0.2278932 0.05159592 -0.9723181 -0.2279227 0.05160963 -0.9723105 -0.2337144 0.01291477 -0.9722195 -0.2336962 0.01290982 -0.9722239 0.3830054 0.02273142 -0.9234664 0.383085 0.0227192 -0.9234337 0.3735815 0.0861755 -0.9235858 0.37353 0.08617478 -0.9236066 0.3536011 0.1471494 -0.9237496 0.3536379 0.1471562 -0.9237344 0.3238312 0.2039574 -0.9238694 0.3237045 0.2039112 -0.923924 0.2848763 0.2549224 -0.9240455 0.2849089 0.254941 -0.9240304 0.2380992 0.2988078 -0.9241335 0.2381323 0.2988348 -0.9241162 0.1846657 0.3342965 -0.9241993 0.1846802 0.3343131 -0.9241904 0.1260636 0.3603706 -0.9242516 0.1260499 0.3603486 -0.9242621 0.06391739 0.3762784 -0.9242993 0.063919 0.3762823 -0.9242976 0 0.3816417 -0.9243103 0 0.3816417 -0.9243104 -0.06391805 0.3762823 -0.9242977 -0.06391823 0.3762781 -0.9242992 -0.1260554 0.360347 -0.9242619 -0.1260585 0.3603731 -0.9242513 -0.1846761 0.3343155 -0.9241904 -0.1846695 0.3342931 -0.9241998 -0.2381239 0.2988392 -0.924117 -0.2381061 0.2988023 -0.9241335 -0.2849037 0.254947 -0.9240303 -0.2848818 0.2549163 -0.9240454 -0.3237224 0.2038884 -0.9239228 -0.3238166 0.2039827 -0.923869 -0.3536332 0.1471636 -0.923735 -0.3536013 0.1471409 -0.9237508 -0.3735309 0.08616316 -0.9236074 -0.3735805 0.08618712 -0.9235851 -0.3830834 0.02273696 -0.9234338 -0.3830054 0.02271413 -0.9234669 0.5227212 0.03196769 -0.8519042 0.5227129 0.03196924 -0.8519092 0.5097504 0.1185598 -0.8521139 0.5097866 0.1185595 -0.8520923 0.4825872 0.2017785 -0.8522881 0.48256 0.2017742 -0.8523045 0.4418825 0.2793083 -0.8524827 0.4419298 0.2793243 -0.8524529 0.3889248 0.3489828 -0.8526128 0.3889361 0.3489887 -0.8526052 0.3250399 0.4088659 -0.8527472 0.3249827 0.4088215 -0.8527902 0.2520361 0.4572011 -0.8529039 0.2520698 0.4572377 -0.8528742 0.1720497 0.4928093 -0.8529583 0.1720466 0.4928045 -0.8529617 0.08724045 0.5145479 -0.853012 0.08723652 0.514539 -0.8530179 0 0.5218542 -0.8530347 0 0.5218541 -0.8530347 -0.08723878 0.5145388 -0.8530177 -0.08723807 0.5145482 -0.8530121 -0.1720477 0.4928038 -0.852962 -0.1720482 0.4928095 -0.8529585 -0.2520591 0.4572423 -0.852875 -0.2520466 0.4571952 -0.8529038 -0.324997 0.4088124 -0.8527892 -0.325027 0.4088785 -0.8527461 -0.3889346 0.3489913 -0.8526048 -0.3889274 0.3489807 -0.8526124 -0.4419236 0.2793346 -0.8524528 -0.4418877 0.2792968 -0.8524837 -0.482562 0.2017681 -0.8523049 -0.4825848 0.2017853 -0.8522878 -0.5097839 0.1185684 -0.8520926 -0.5097529 0.1185523 -0.8521135 -0.5227142 0.03196752 -0.8519085 -0.5227178 0.03196871 -0.8519061 0.649403 0.04042583 -0.7593693 0.6493988 0.04042673 -0.7593727 0.6333051 0.1479904 -0.7596207 0.6332509 0.1479928 -0.7596653 0.5994608 0.2513558 -0.7599126 0.5994737 0.2513574 -0.7599018 0.5489355 0.3476589 -0.7601336 0.5490254 0.3476856 -0.7600565 0.483152 0.4342406 -0.7602626 0.4830673 0.434199 -0.7603402 0.4037092 0.5085573 -0.7605184 0.4037811 0.5086091 -0.7604457 0.3131422 0.5687288 -0.760585 0.3130802 0.5686661 -0.7606574 0.2137098 0.6128376 -0.7607616 0.2137097 0.6128373 -0.7607618 0.1083608 0.6398462 -0.7608251 0.1084 0.6399282 -0.7607507 0 0.6490192 -0.7607721 0 0.6490192 -0.7607721 -0.1083751 0.6399313 -0.7607515 -0.1083853 0.639841 -0.760826 -0.2137098 0.6128377 -0.7607616 -0.2137098 0.6128378 -0.7607614 -0.3131023 0.5686557 -0.7606561 -0.3131218 0.568742 -0.7605835 -0.4037612 0.5086243 -0.7604461 -0.4037264 0.5085394 -0.7605214 -0.4830837 0.4341785 -0.7603414 -0.4831341 0.4342595 -0.7602632 -0.549009 0.3477051 -0.7600594 -0.5489499 0.3476381 -0.7601327 -0.599474 0.2513622 -0.7599 -0.599462 0.2513524 -0.7599126 -0.6332548 0.1479794 -0.7596648 -0.6332998 0.1480049 -0.7596222 -0.6493966 0.04042434 -0.7593747 -0.6494042 0.04042708 -0.7593681 0.7599179 0.0478748 -0.6482537 0.7599214 0.04787385 -0.6482497 0.7410753 0.1737556 -0.6485494 0.7411121 0.173752 -0.6485084 0.7015756 0.294735 -0.6487858 0.7015799 0.2947353 -0.648781 0.642457 0.4074248 -0.6490407 0.6423911 0.4074089 -0.6491161 0.5653105 0.5086872 -0.6493545 0.5653134 0.5086885 -0.6493511 0.4724685 0.5956947 -0.6495547 0.4724788 0.5957013 -0.6495411 0.366391 0.6660622 -0.6497067 0.3663966 0.6660674 -0.6496984 0.2501051 0.7177634 -0.6498178 0.2501006 0.7177577 -0.6498259 0.1268363 0.7493602 -0.6499015 0.1268255 0.7493403 -0.6499264 0 0.7599751 -0.6499522 0 0.7599751 -0.6499522 -0.1268329 0.7493394 -0.6499262 -0.1268291 0.7493618 -0.6499009 -0.2501029 0.7177573 -0.6498254 -0.2501029 0.7177636 -0.6498184 -0.366394 0.6660676 -0.6496995 -0.3663928 0.666061 -0.649707 -0.4724757 0.5957034 -0.6495416 -0.4724726 0.5956944 -0.6495521 -0.5653148 0.508691 -0.6493479 -0.5653133 0.5086883 -0.6493513 -0.6424059 0.407393 -0.6491114 -0.6424453 0.4074428 -0.6490412 -0.7015783 0.2947362 -0.6487824 -0.701575 0.2947332 -0.6487872 -0.7411076 0.1737638 -0.6485105 -0.7410775 0.1737446 -0.6485499 -0.7599212 0.04787498 -0.6482497 -0.7599191 0.04787415 -0.6482523 0.8516672 0.05413925 -0.521279 0.8516676 0.05413913 -0.5212785 0.8305542 0.1952047 -0.5216079 0.8305259 0.1952099 -0.5216512 0.7862158 0.3307747 -0.5219702 0.7862223 0.3307747 -0.5219604 0.7199515 0.4570811 -0.5222516 0.7199419 0.4570796 -0.5222662 0.6335588 0.5705792 -0.5225348 0.6335873 0.5705888 -0.5224899 0.5295252 0.6681101 -0.5227159 0.5294809 0.6680865 -0.522791 0.4106096 0.7469215 -0.52298 0.4106217 0.7469308 -0.5229571 0.2802842 0.8048687 -0.5230938 0.2803257 0.8049136 -0.5230025 0.1421444 0.8403434 -0.523085 0.1421286 0.8403193 -0.523128 0 0.8522371 -0.5231559 0 0.8522371 -0.5231559 -0.1421399 0.8403174 -0.523128 -0.1421329 0.8403453 -0.5230851 -0.2803024 0.8049205 -0.5230044 -0.2803072 0.8048608 -0.5230938 -0.4106165 0.7469345 -0.5229562 -0.4106151 0.7469186 -0.5229797 -0.5294967 0.668075 -0.5227897 -0.5295089 0.6681219 -0.5227175 -0.6335777 0.5705964 -0.5224931 -0.6335657 0.5705698 -0.5225366 -0.7199438 0.4570751 -0.5222675 -0.719951 0.4570858 -0.5222482 -0.7862231 0.3307778 -0.5219572 -0.7862179 0.3307723 -0.5219686 -0.8305296 0.1951998 -0.521649 -0.8305526 0.1952173 -0.5216057 -0.8516687 0.05413985 -0.5212767 -0.8516673 0.05413913 -0.521279 0.9224046 0.05906867 -0.3816813 0.9223892 0.05907666 -0.3817173 0.8995147 0.2118524 -0.3820888 0.8995388 0.2118447 -0.3820365 0.851544 0.3586872 -0.3823825 0.8515264 0.3586898 -0.3824191 0.7797415 0.4954771 -0.3827605 0.7797706 0.4954779 -0.3827003 0.6862117 0.6184102 -0.3829914 0.6862097 0.6184098 -0.3829956 0.5734857 0.724042 -0.3832456 0.5734589 0.7240319 -0.383305 0.4447298 0.8094018 -0.3835155 0.4447539 0.8094157 -0.3834581 0.3035924 0.8721665 -0.383611 0.3035773 0.8721539 -0.3836513 0.153929 0.9105201 -0.3837435 0.1539342 0.910526 -0.3837273 0 0.9234339 -0.3837574 0 0.9234339 -0.3837574 -0.1539301 0.9105269 -0.3837269 -0.1539332 0.9105192 -0.3837439 -0.3035867 0.8721507 -0.3836513 -0.3035826 0.8721697 -0.3836111 -0.444741 0.8094222 -0.3834595 -0.4447422 0.8093947 -0.3835159 -0.5734707 0.7240228 -0.3833045 -0.5734744 0.7240527 -0.3832424 -0.6862111 0.6184102 -0.3829922 -0.6862113 0.6184107 -0.3829915 -0.7797621 0.495491 -0.3827008 -0.7797484 0.4954631 -0.3827645 -0.8515289 0.3586803 -0.3824227 -0.8515404 0.3586963 -0.3823821 -0.8995352 0.2118585 -0.3820369 -0.8995159 0.2118391 -0.3820934 -0.9223881 0.05906748 -0.3817214 -0.9224023 0.05907762 -0.3816854 0.9705047 0.06255424 -0.2328256 0.9705072 0.06255197 -0.2328155 0.9464492 0.2232907 -0.2331848 0.946445 0.2232933 -0.2331994 0.8959423 0.3777983 -0.2335722 0.895961 0.3777906 -0.2335127 0.8204451 0.521721 -0.2338312 0.8204175 0.5217272 -0.2339143 0.7219914 0.6510529 -0.2342192 0.722006 0.6510522 -0.2341761 0.603383 0.7622134 -0.2344347 0.6033942 0.7622147 -0.2344015 0.4679577 0.852042 -0.2346059 0.4679499 0.8520398 -0.2346298 0.3194215 0.9180672 -0.2347816 0.3194 0.9180569 -0.2348517 0.161965 0.9584191 -0.234947 0.1619711 0.9584234 -0.2349253 0 0.9720057 -0.2349574 0 0.9720057 -0.2349574 -0.161966 0.9584242 -0.2349258 -0.1619703 0.9584183 -0.2349473 -0.3194159 0.9180513 -0.2348515 -0.3194053 0.9180731 -0.2347807 -0.4679549 0.8520373 -0.2346289 -0.4679528 0.8520445 -0.2346069 -0.6033872 0.7622198 -0.2344031 -0.6033886 0.7622089 -0.234435 -0.7219992 0.6510595 -0.2341764 -0.7219986 0.6510454 -0.2342177 -0.8204291 0.52171 -0.2339119 -0.8204351 0.5217379 -0.2338287 -0.8959556 0.3778046 -0.2335109 -0.8959475 0.3777843 -0.2335746 -0.9464453 0.2232897 -0.2332016 -0.9464483 0.2232947 -0.2331848 -0.970507 0.06255441 -0.2328155 -0.9705053 0.06255239 -0.2328232 0.9948388 0.06449735 -0.07833129 0.9948378 0.06449997 -0.07834249 0.9701726 0.2292709 -0.0787397 0.9701758 0.2292657 -0.07871502 0.9184145 0.3876359 -0.07907813 0.918406 0.3876456 -0.07912957 0.8409872 0.5351838 -0.07949143 0.840999 0.5351743 -0.07943052 0.7401016 0.667751 -0.07973921 0.7400903 0.6677573 -0.07979118 0.6185107 0.7816868 -0.08006459 0.6185165 0.7816847 -0.08003979 0.4796758 0.8737676 -0.08025783 0.4796915 0.8737648 -0.08019423 0.3274129 0.9414588 -0.08035033 0.3273971 0.9414588 -0.08041357 0.1660314 0.9828283 -0.08051085 0.1660306 0.9828282 -0.08051431 0 0.9967508 -0.08054715 0 0.9967508 -0.08054715 -0.1660314 0.9828281 -0.08051389 -0.1660307 0.9828286 -0.08051031 -0.3274109 0.9414542 -0.08041238 -0.3273988 0.9414636 -0.08035165 -0.4796783 0.8737719 -0.08019649 -0.4796888 0.8737605 -0.08025789 -0.618511 0.781689 -0.08003997 -0.6185147 0.7816835 -0.08006626 -0.7400985 0.667748 -0.07979297 -0.7400932 0.6677601 -0.07974088 -0.8409913 0.5351859 -0.07943278 -0.8409954 0.53517 -0.07949799 -0.9184104 0.3876335 -0.07913643 -0.9184092 0.3876482 -0.07907813 -0.9701744 0.229272 -0.07871508 -0.9701738 0.2292664 -0.07873719 -0.9948381 0.06449788 -0.07833999 -0.9948381 0.06449759 -0.07834136 -0.07837343 -0.003814578 -0.9969168 -0.07846379 -0.003819704 -0.9969097 -0.07846516 -0.003819704 -0.9969095 -0.2333758 -0.006664216 -0.9723638 -0.2333995 -0.006662964 -0.9723581 -0.3826001 -0.0093441 -0.9238668 -0.3942202 -0.008777916 -0.9189741 -0.3944265 -0.008781552 -0.9188855 -0.5223864 -0.01242578 -0.8526184 -0.5341677 -0.01199907 -0.8452934 -0.6493493 -0.01395708 -0.7603622 -0.64936 -0.01395648 -0.7603532 -0.7602679 -0.01577329 -0.6494182 -0.7602404 -0.0157749 -0.6494503 -0.830908 -0.01687896 -0.5561537 -0.8524843 -0.01812052 -0.5224388 -0.8719628 -0.01749056 -0.4892596 -0.9076479 -0.01799434 -0.4193466 -0.9236972 -0.01910215 -0.3826467 -0.9377394 -0.01838648 -0.3468527 -0.9621989 -0.01866769 -0.2717072 -0.9721815 -0.01964503 -0.2334036 -0.9805582 -0.01883143 -0.1953225 -0.9928467 -0.01887935 -0.1178945 -0.9967254 -0.01973247 -0.07841455 -0.9990385 -0.01881092 -0.03959953 -0.9972945 0.07351005 -1.72826e-4 -0.997295 0.07350367 -1.73045e-4 -0.9757425 0.2189208 -5.15589e-4 -0.9757384 0.2189393 -5.14938e-4 -0.9330924 0.3596355 -8.45917e-4 -0.9330934 0.3596332 -8.46002e-4 -0.8702633 0.4925856 -0.001158714 -0.8702831 0.4925505 -0.001160144 -0.788683 0.6147984 -0.001448094 -0.7886502 0.6148405 -0.001446247 -0.6899696 0.7238364 -0.001702666 -0.6900602 0.7237499 -0.001707077 0.6899696 0.7238364 -0.001707434 0.6900602 0.7237499 -0.001702666 0.7886843 0.6147967 -0.001446366 0.7886515 0.6148388 -0.001448452 0.8702609 0.4925897 -0.001160502 0.870282 0.4925525 -0.001158833 0.9330934 0.3596332 -8.46188e-4 0.9330934 0.3596332 -8.4619e-4 0.9757431 0.2189183 -5.15179e-4 0.9757401 0.2189316 -5.15711e-4 0.9972945 0.07351005 -1.73159e-4 0.9972949 0.07350367 -1.7291e-4 0.007308721 0.004674196 0.9999624 0 0.002101361 0.9999978 0.001488924 0.004365324 0.9999893 -0.00149393 0.004185736 0.9999901 -1.71452e-5 0.004409134 0.9999902 -5.48315e-5 0.004390478 0.9999904 -0.001036643 0.004227697 0.9999906 -6.80757e-4 0.004273235 0.9999906 -7.90609e-5 0.004384934 0.9999904 -3.51003e-4 0.00432837 0.9999906 0 -0.9777302 -0.2098658 0 -0.9777302 -0.2098658 0 -0.8952876 -0.4454887 0 -0.8952876 -0.4454886 0 -0.7618559 -0.6477466 0 -0.7618559 -0.6477466 0 -0.5856404 -0.810571 0 -0.5856404 -0.810571 0 -0.3734663 -0.9276437 0 -0.3734663 -0.9276437 0 -0.1320209 -0.9912469 0 -0.1320209 -0.9912469 0 -0.1180326 0.9930098 0 -0.1180326 0.9930097 0 -0.3309914 0.9436338 0 -0.3309913 0.9436337 0 -0.5121795 0.8588785 0 -0.5121795 0.8588785 0 -0.6683717 0.7438274 0 -0.6683717 0.7438275 0 -0.803043 0.5959211 0 -0.8030431 0.5959211 0 -0.9133468 0.4071828 0 -0.9133467 0.4071828 0 -0.9557194 0.2942793 0 -0.9557195 0.2942793 0 -0.00347048 -0.999994 -0.07936304 -0.04462128 -0.9958466 0.07790148 -0.06291079 0.9949741</float_array>
          <technique_common>
            <accessor source="#rudder_001-mesh-normals-array" count="2922" stride="3">
              <param name="X" type="float"/>
              <param name="Y" type="float"/>
              <param name="Z" type="float"/>
            </accessor>
          </technique_common>
        </source>
        <vertices id="rudder_001-mesh-vertices">
          <input semantic="POSITION" source="#rudder_001-mesh-positions"/>
        </vertices>
        <triangles count="2922">
          <input semantic="VERTEX" source="#rudder_001-mesh-vertices" offset="0"/>
          <input semantic="NORMAL" source="#rudder_001-mesh-normals" offset="1"/>
          <p>0 0 1 0 2 0 2 1 1 1 3 1 2 2 3 2 4 2 4 3 3 3 5 3 4 4 5 4 6 4 6 5 5 5 7 5 6 6 7 6 8 6 8 7 7 7 9 7 8 8 9 8 10 8 10 9 9 9 11 9 10 10 11 10 12 10 12 11 11 11 13 11 12 12 13 12 14 12 14 13 13 13 15 13 14 14 15 14 16 14 16 15 15 15 17 15 16 16 17 16 18 16 18 17 17 17 19 17 18 18 19 18 20 18 20 19 19 19 21 19 20 20 21 20 22 20 22 21 21 21 23 21 22 22 23 22 24 22 24 23 23 23 25 23 24 24 25 24 26 24 26 25 25 25 27 25 26 26 27 26 28 26 28 27 27 27 29 27 28 28 29 28 30 28 30 29 29 29 31 29 30 30 31 30 32 30 32 31 31 31 33 31 32 32 33 32 34 32 34 33 33 33 35 33 34 34 35 34 36 34 36 35 35 35 37 35 36 36 37 36 38 36 38 37 37 37 39 37 38 38 39 38 40 38 40 39 39 39 41 39 40 40 41 40 42 40 42 41 41 41 43 41 42 42 43 42 44 42 44 43 43 43 45 43 44 44 45 44 46 44 46 45 45 45 47 45 46 46 47 46 48 46 48 47 47 47 49 47 48 48 49 48 50 48 50 49 49 49 51 49 50 50 51 50 52 50 52 51 51 51 53 51 52 52 53 52 54 52 54 53 53 53 55 53 54 54 55 54 56 54 56 55 55 55 57 55 56 56 57 56 58 56 58 57 57 57 59 57 58 58 59 58 60 58 60 59 59 59 61 59 60 60 61 60 62 60 62 61 61 61 63 61 62 62 63 62 64 62 64 63 63 63 65 63 64 64 65 64 66 64 66 65 65 65 67 65 66 66 67 66 68 66 68 67 67 67 69 67 68 68 69 68 70 68 70 69 69 69 71 69 70 70 71 70 72 70 72 71 71 71 73 71 72 72 73 72 74 72 74 73 73 73 0 73 74 74 0 74 2 74 75 75 76 75 77 75 75 76 77 76 78 76 78 77 77 77 79 77 78 78 79 78 80 78 80 79 79 79 81 79 80 80 81 80 82 80 82 81 81 81 83 81 82 82 83 82 84 82 84 83 83 83 85 83 84 84 85 84 86 84 86 85 85 85 87 85 86 86 87 86 88 86 88 87 87 87 89 87 88 88 89 88 90 88 90 89 89 89 91 89 90 90 91 90 92 90 92 91 91 91 93 91 92 92 93 92 94 92 94 93 93 93 95 93 94 94 95 94 96 94 96 95 95 95 97 95 96 96 97 96 98 96 98 97 97 97 99 97 98 98 99 98 100 98 100 99 99 99 101 99 100 100 101 100 102 100 102 101 101 101 103 101 102 102 103 102 104 102 104 103 103 103 105 103 104 104 105 104 106 104 106 105 105 105 107 105 106 106 107 106 108 106 108 107 107 107 109 107 108 108 109 108 110 108 110 109 109 109 111 109 110 110 111 110 112 110 112 111 111 111 113 111 112 112 113 112 114 112 115 113 116 113 2 113 2 114 116 114 117 114 2 115 117 115 74 115 74 116 117 116 118 116 74 117 118 117 72 117 72 118 118 118 119 118 72 119 119 119 70 119 70 120 119 120 120 120 70 121 120 121 68 121 68 122 120 122 121 122 68 123 121 123 66 123 66 124 121 124 122 124 66 125 122 125 64 125 64 126 122 126 123 126 64 127 123 127 62 127 62 128 123 128 124 128 62 129 124 129 60 129 60 130 124 130 125 130 60 131 125 131 58 131 58 132 125 132 126 132 58 133 126 133 56 133 56 134 126 134 127 134 56 135 127 135 54 135 54 136 127 136 128 136 54 137 128 137 52 137 52 138 128 138 129 138 52 139 129 139 50 139 50 140 129 140 130 140 50 141 130 141 48 141 48 142 130 142 131 142 48 143 131 143 46 143 46 144 131 144 132 144 46 145 132 145 44 145 44 146 132 146 133 146 44 147 133 147 42 147 42 148 133 148 134 148 42 149 134 149 40 149 40 150 134 150 135 150 40 151 135 151 38 151 38 152 135 152 136 152 38 153 136 153 36 153 36 154 136 154 137 154 36 155 137 155 34 155 34 156 137 156 138 156 34 157 138 157 32 157 32 158 138 158 139 158 32 159 139 159 30 159 30 160 139 160 140 160 30 161 140 161 28 161 28 162 140 162 141 162 28 163 141 163 26 163 26 164 141 164 142 164 26 165 142 165 24 165 24 166 142 166 143 166 24 167 143 167 22 167 22 168 143 168 144 168 22 169 144 169 20 169 20 170 144 170 145 170 20 171 145 171 18 171 18 172 145 172 146 172 18 173 146 173 16 173 16 174 146 174 147 174 16 175 147 175 14 175 14 176 147 176 148 176 14 177 148 177 12 177 12 178 148 178 149 178 12 179 149 179 10 179 10 180 149 180 150 180 10 181 150 181 8 181 8 182 150 182 151 182 8 183 151 183 6 183 6 184 151 184 152 184 6 185 152 185 4 185 4 186 152 186 115 186 4 187 115 187 2 187 153 188 154 188 155 188 153 189 155 189 156 189 156 190 155 190 157 190 156 191 157 191 158 191 159 192 160 192 161 192 161 193 160 193 162 193 161 194 162 194 163 194 163 195 162 195 164 195 163 196 164 196 165 196 165 197 164 197 166 197 165 198 166 198 167 198 167 199 166 199 168 199 167 200 168 200 158 200 158 201 168 201 169 201 158 202 169 202 156 202 170 203 171 203 172 203 161 204 173 204 159 204 159 205 173 205 172 205 159 206 172 206 174 206 174 207 172 207 171 207 172 208 175 208 170 208 170 209 175 209 176 209 170 210 176 210 177 210 177 211 176 211 178 211 177 212 178 212 179 212 179 213 178 213 180 213 179 214 180 214 181 214 182 215 183 215 184 215 185 216 183 216 186 216 181 217 180 217 187 217 187 218 180 218 188 218 187 219 188 219 182 219 182 220 188 220 189 220 182 221 189 221 183 221 183 222 189 222 190 222 183 223 190 223 186 223 191 224 192 224 193 224 193 225 194 225 191 225 191 226 194 226 195 226 191 227 195 227 186 227 186 228 195 228 196 228 186 229 196 229 185 229 192 230 191 230 197 230 197 231 191 231 198 231 197 232 198 232 199 232 199 233 198 233 200 233 199 234 200 234 201 234 202 235 203 235 204 235 204 236 203 236 201 236 204 237 201 237 205 237 205 238 201 238 200 238 202 239 206 239 203 239 203 240 206 240 207 240 203 241 207 241 208 241 208 242 207 242 209 242 208 243 209 243 210 243 210 244 209 244 211 244 210 245 211 245 212 245 213 246 214 246 215 246 215 247 214 247 216 247 215 248 216 248 217 248 217 249 216 249 218 249 217 250 218 250 219 250 219 251 218 251 220 251 219 252 220 252 221 252 221 253 220 253 222 253 221 254 222 254 223 254 223 255 222 255 224 255 223 256 224 256 225 256 225 257 224 257 212 257 225 258 212 258 226 258 226 259 212 259 211 259 227 260 228 260 229 260 230 261 231 261 232 261 232 262 231 262 233 262 234 263 235 263 236 263 237 264 238 264 239 264 214 265 213 265 240 265 214 266 240 266 241 266 240 267 242 267 241 267 241 268 242 268 243 268 241 269 243 269 244 269 244 270 243 270 245 270 244 271 245 271 246 271 246 272 245 272 247 272 246 273 247 273 248 273 248 274 247 274 249 274 248 275 249 275 250 275 249 276 251 276 250 276 250 277 251 277 252 277 250 278 252 278 253 278 253 279 252 279 254 279 253 280 254 280 255 280 255 281 254 281 256 281 255 282 256 282 257 282 257 283 256 283 258 283 257 284 258 284 259 284 259 285 258 285 260 285 259 286 260 286 261 286 262 287 263 287 264 287 264 288 263 288 261 288 264 289 261 289 265 289 265 290 261 290 260 290 266 291 267 291 262 291 268 292 269 292 270 292 268 293 270 293 262 293 262 294 270 294 271 294 262 295 271 295 266 295 267 296 272 296 262 296 262 297 272 297 273 297 262 298 273 298 263 298 274 299 275 299 269 299 274 300 269 300 276 300 275 301 277 301 269 301 269 302 277 302 278 302 269 303 278 303 270 303 269 304 279 304 276 304 276 305 279 305 280 305 276 306 280 306 281 306 281 307 280 307 282 307 280 308 283 308 282 308 282 309 283 309 284 309 282 310 284 310 285 310 285 311 284 311 286 311 285 312 286 312 238 312 238 313 286 313 287 313 238 314 287 314 239 314 236 315 235 315 288 315 288 316 235 316 239 316 239 317 235 317 289 317 239 318 289 318 237 318 234 319 236 319 290 319 290 320 236 320 291 320 290 321 291 321 292 321 233 322 231 322 292 322 292 323 231 323 293 323 292 324 293 324 290 324 230 325 232 325 228 325 228 326 232 326 294 326 228 327 294 327 229 327 155 328 154 328 295 328 155 329 295 329 229 329 229 330 295 330 154 330 229 331 154 331 296 331 229 332 296 332 227 332 273 333 272 333 297 333 273 334 297 334 298 334 228 335 227 335 299 335 228 336 299 336 300 336 199 337 201 337 301 337 199 338 301 338 298 338 230 339 228 339 300 339 244 340 246 340 302 340 244 341 302 341 303 341 174 342 171 342 304 342 257 343 259 343 305 343 282 344 285 344 306 344 162 345 160 345 304 345 290 346 293 346 304 346 272 347 267 347 297 347 293 348 231 348 304 348 159 349 174 349 304 349 187 350 182 350 184 350 266 351 271 351 307 351 197 352 199 352 298 352 271 353 270 353 307 353 210 354 212 354 308 354 210 355 308 355 309 355 212 356 224 356 308 356 160 357 159 357 304 357 241 358 244 358 303 358 241 359 303 359 310 359 255 360 257 360 305 360 255 361 305 361 311 361 181 362 187 362 184 362 181 363 184 363 306 363 281 364 282 364 306 364 192 365 197 365 298 365 192 366 298 366 297 366 208 367 210 367 309 367 208 368 309 368 311 368 224 369 222 369 312 369 224 370 312 370 308 370 171 371 170 371 304 371 253 372 255 372 311 372 253 373 311 373 309 373 185 374 196 374 307 374 276 375 281 375 306 375 276 376 306 376 184 376 183 377 185 377 307 377 183 378 307 378 184 378 196 379 195 379 307 379 214 380 241 380 310 380 156 381 169 381 300 381 153 382 156 382 300 382 153 383 300 383 299 383 234 384 290 384 304 384 169 385 168 385 304 385 169 386 304 386 300 386 267 387 266 387 307 387 267 388 307 388 297 388 203 389 208 389 311 389 203 390 311 390 305 390 222 391 220 391 302 391 222 392 302 392 312 392 237 393 289 393 304 393 250 394 253 394 309 394 250 395 309 395 308 395 154 396 153 396 299 396 289 397 235 397 304 397 179 398 181 398 306 398 195 399 194 399 307 399 270 400 278 400 307 400 238 401 237 401 304 401 278 402 277 402 307 402 168 403 166 403 304 403 220 404 218 404 303 404 220 405 303 405 302 405 194 406 193 406 297 406 194 407 297 407 307 407 261 408 263 408 298 408 261 409 298 409 301 409 235 410 234 410 304 410 227 411 296 411 299 411 177 412 179 412 306 412 193 413 192 413 297 413 277 414 275 414 184 414 277 415 184 415 307 415 296 416 154 416 299 416 248 417 250 417 308 417 248 418 308 418 312 418 166 419 164 419 304 419 201 420 203 420 305 420 201 421 305 421 301 421 274 422 276 422 184 422 218 423 216 423 310 423 218 424 310 424 303 424 170 425 177 425 306 425 170 426 306 426 304 426 275 427 274 427 184 427 231 428 230 428 300 428 231 429 300 429 304 429 246 430 248 430 312 430 246 431 312 431 302 431 259 432 261 432 301 432 259 433 301 433 305 433 285 434 238 434 304 434 285 435 304 435 306 435 164 436 162 436 304 436 263 437 273 437 298 437 216 438 214 438 310 438 236 439 288 439 313 439 292 440 291 440 314 440 232 441 233 441 315 441 229 442 294 442 316 442 317 443 318 443 319 443 320 444 321 444 314 444 322 445 323 445 316 445 324 446 325 446 326 446 327 447 328 447 329 447 329 448 328 448 330 448 331 449 332 449 330 449 330 450 332 450 333 450 330 451 333 451 329 451 334 452 335 452 331 452 331 453 335 453 336 453 331 454 336 454 332 454 337 455 338 455 334 455 334 456 338 456 339 456 334 457 339 457 335 457 340 458 341 458 342 458 342 459 341 459 343 459 344 460 345 460 343 460 343 461 345 461 346 461 343 462 346 462 342 462 347 463 348 463 349 463 349 464 348 464 350 464 349 465 350 465 351 465 319 466 318 466 350 466 350 467 318 467 352 467 350 468 352 468 351 468 317 469 319 469 353 469 353 470 319 470 354 470 353 471 354 471 355 471 356 472 357 472 358 472 358 473 359 473 356 473 356 474 359 474 360 474 356 475 360 475 354 475 354 476 360 476 361 476 354 477 361 477 355 477 362 478 363 478 364 478 364 479 363 479 365 479 364 480 365 480 357 480 357 481 365 481 366 481 357 482 366 482 358 482 213 483 367 483 240 483 240 484 367 484 368 484 155 485 229 485 326 485 326 486 229 486 316 486 326 487 316 487 324 487 324 488 316 488 323 488 294 489 232 489 316 489 316 490 232 490 315 490 316 491 315 491 322 491 322 492 315 492 369 492 233 493 292 493 315 493 315 494 292 494 314 494 315 495 314 495 369 495 369 496 314 496 321 496 291 497 236 497 314 497 314 498 236 498 313 498 314 499 313 499 320 499 320 500 313 500 370 500 288 501 239 501 313 501 313 502 239 502 328 502 313 503 328 503 370 503 370 504 328 504 327 504 239 505 287 505 328 505 328 506 287 506 286 506 328 507 286 507 330 507 330 508 286 508 284 508 330 509 284 509 331 509 279 510 334 510 280 510 280 511 334 511 331 511 280 512 331 512 283 512 283 513 331 513 284 513 279 514 269 514 334 514 334 515 269 515 341 515 334 516 341 516 337 516 337 517 341 517 340 517 264 518 343 518 262 518 262 519 343 519 341 519 262 520 341 520 268 520 268 521 341 521 269 521 264 522 265 522 343 522 343 523 265 523 348 523 343 524 348 524 344 524 344 525 348 525 347 525 265 526 260 526 348 526 348 527 260 527 258 527 348 528 258 528 350 528 350 529 258 529 256 529 350 530 256 530 319 530 319 531 256 531 254 531 254 532 252 532 319 532 319 533 252 533 251 533 319 534 251 534 354 534 354 535 251 535 249 535 354 536 249 536 356 536 356 537 249 537 247 537 368 538 362 538 240 538 240 539 362 539 364 539 240 540 364 540 242 540 242 541 364 541 357 541 242 542 357 542 243 542 243 543 357 543 356 543 243 544 356 544 245 544 245 545 356 545 247 545 155 546 326 546 371 546 161 547 163 547 372 547 172 548 173 548 373 548 176 549 175 549 374 549 180 550 178 550 375 550 189 551 188 551 376 551 186 552 190 552 377 552 198 553 191 553 378 553 379 554 380 554 372 554 381 555 382 555 374 555 383 556 384 556 376 556 385 557 386 557 378 557 387 558 388 558 389 558 390 559 367 559 213 559 390 560 213 560 391 560 391 561 392 561 393 561 393 562 392 562 394 562 395 563 396 563 397 563 397 564 396 564 398 564 397 565 398 565 392 565 392 566 398 566 399 566 392 567 399 567 394 567 400 568 401 568 402 568 402 569 401 569 403 569 402 570 403 570 404 570 405 571 406 571 403 571 403 572 406 572 407 572 403 573 407 573 404 573 408 574 409 574 410 574 410 575 409 575 411 575 410 576 411 576 405 576 405 577 411 577 412 577 405 578 412 578 406 578 413 579 414 579 415 579 415 580 414 580 416 580 415 581 416 581 389 581 389 582 416 582 417 582 389 583 417 583 387 583 418 584 419 584 420 584 419 585 418 585 421 585 421 586 418 586 371 586 421 587 371 587 422 587 422 588 371 588 326 588 422 589 326 589 325 589 391 590 213 590 392 590 392 591 213 591 215 591 392 592 215 592 397 592 397 593 215 593 217 593 397 594 217 594 219 594 219 595 221 595 397 595 397 596 221 596 401 596 397 597 401 597 395 597 395 598 401 598 400 598 221 599 223 599 401 599 401 600 223 600 225 600 401 601 225 601 403 601 403 602 225 602 226 602 403 603 226 603 405 603 405 604 226 604 211 604 405 605 211 605 410 605 410 606 211 606 209 606 410 607 209 607 207 607 207 608 206 608 410 608 410 609 206 609 388 609 410 610 388 610 408 610 408 611 388 611 387 611 200 612 415 612 205 612 205 613 415 613 389 613 205 614 389 614 204 614 204 615 389 615 388 615 204 616 388 616 202 616 202 617 388 617 206 617 200 618 198 618 415 618 415 619 198 619 378 619 415 620 378 620 413 620 413 621 378 621 386 621 191 622 186 622 378 622 378 623 186 623 377 623 378 624 377 624 385 624 385 625 377 625 423 625 190 626 189 626 377 626 377 627 189 627 376 627 377 628 376 628 423 628 423 629 376 629 384 629 188 630 180 630 376 630 376 631 180 631 375 631 376 632 375 632 383 632 383 633 375 633 424 633 178 634 176 634 375 634 375 635 176 635 374 635 375 636 374 636 424 636 424 637 374 637 382 637 175 638 172 638 374 638 374 639 172 639 373 639 374 640 373 640 381 640 381 641 373 641 425 641 173 642 161 642 373 642 373 643 161 643 372 643 373 644 372 644 425 644 425 645 372 645 380 645 163 646 165 646 372 646 372 647 165 647 418 647 372 648 418 648 379 648 379 649 418 649 420 649 165 650 167 650 418 650 418 651 167 651 158 651 418 652 158 652 371 652 371 653 158 653 157 653 371 654 157 654 155 654 426 655 427 655 428 655 429 656 430 656 431 656 431 657 430 657 432 657 431 658 432 658 433 658 433 659 432 659 434 659 433 660 434 660 435 660 435 661 434 661 436 661 435 662 436 662 437 662 437 663 436 663 438 663 437 664 438 664 439 664 439 665 438 665 440 665 439 666 440 666 441 666 441 667 440 667 442 667 441 668 442 668 443 668 443 669 442 669 444 669 443 670 444 670 445 670 445 671 444 671 446 671 445 672 446 672 447 672 447 673 446 673 448 673 447 674 448 674 449 674 449 675 448 675 450 675 449 676 450 676 451 676 451 677 450 677 452 677 453 678 454 678 455 678 455 679 454 679 456 679 455 680 456 680 457 680 457 681 456 681 458 681 457 682 458 682 459 682 459 683 458 683 460 683 459 684 460 684 461 684 461 685 460 685 462 685 461 686 462 686 463 686 463 687 462 687 464 687 463 688 464 688 465 688 465 689 464 689 466 689 465 690 466 690 467 690 467 691 466 691 468 691 467 692 468 692 429 692 429 693 468 693 469 693 429 694 469 694 430 694 453 695 470 695 454 695 454 696 470 696 471 696 454 697 471 697 472 697 472 698 471 698 473 698 472 699 473 699 474 699 427 700 475 700 428 700 428 701 475 701 476 701 428 702 476 702 477 702 477 703 476 703 478 703 479 704 480 704 481 704 480 705 479 705 482 705 482 706 479 706 483 706 482 707 483 707 484 707 452 708 450 708 485 708 485 709 450 709 486 709 485 710 486 710 487 710 488 711 489 711 490 711 489 712 491 712 490 712 490 713 491 713 492 713 490 714 492 714 474 714 481 715 493 715 479 715 479 716 493 716 494 716 479 717 494 717 478 717 478 718 494 718 495 718 478 719 495 719 477 719 426 720 428 720 490 720 490 721 428 721 496 721 490 722 496 722 488 722 497 723 498 723 486 723 486 724 498 724 499 724 486 725 499 725 500 725 492 726 501 726 474 726 474 727 501 727 502 727 474 728 502 728 503 728 503 729 504 729 474 729 474 730 504 730 505 730 474 731 505 731 506 731 507 732 508 732 472 732 500 733 509 733 486 733 486 734 509 734 510 734 486 735 510 735 511 735 507 736 472 736 512 736 511 737 513 737 486 737 486 738 513 738 514 738 486 739 514 739 487 739 487 740 514 740 515 740 487 741 515 741 516 741 516 742 515 742 517 742 516 743 517 743 518 743 518 744 517 744 519 744 518 745 519 745 483 745 483 746 519 746 520 746 483 747 520 747 484 747 508 748 521 748 472 748 472 749 521 749 522 749 523 750 472 750 524 750 524 751 525 751 526 751 526 752 527 752 528 752 528 753 529 753 530 753 530 754 531 754 532 754 532 755 533 755 534 755 534 756 535 756 536 756 536 757 537 757 523 757 523 758 524 758 526 758 526 759 528 759 530 759 530 760 532 760 534 760 534 761 536 761 523 761 523 762 526 762 530 762 530 763 534 763 523 763 486 764 522 764 497 764 538 765 539 765 472 765 472 766 539 766 540 766 472 767 540 767 512 767 506 768 541 768 474 768 474 769 541 769 542 769 474 770 542 770 472 770 472 771 542 771 543 771 472 772 543 772 538 772 544 773 450 773 448 773 544 774 448 774 545 774 545 775 448 775 446 775 545 776 446 776 546 776 546 777 446 777 444 777 546 778 444 778 547 778 547 779 444 779 442 779 547 780 442 780 548 780 548 781 442 781 440 781 548 782 440 782 549 782 549 783 440 783 438 783 549 784 438 784 550 784 550 785 438 785 436 785 550 786 436 786 551 786 551 787 436 787 434 787 551 788 434 788 552 788 552 789 434 789 432 789 552 790 432 790 553 790 553 791 432 791 430 791 553 792 430 792 554 792 554 793 430 793 469 793 554 794 469 794 555 794 555 795 469 795 468 795 555 796 468 796 556 796 556 797 468 797 466 797 556 798 466 798 557 798 557 799 466 799 464 799 557 800 464 800 558 800 558 801 464 801 462 801 558 802 462 802 559 802 559 803 462 803 460 803 559 804 460 804 560 804 560 805 460 805 458 805 560 806 458 806 561 806 561 807 458 807 456 807 561 808 456 808 562 808 562 809 456 809 454 809 562 810 454 810 563 810 114 811 113 811 564 811 564 812 113 812 565 812 563 813 454 813 566 813 566 814 454 814 472 814 566 815 472 815 565 815 565 816 472 816 523 816 565 817 523 817 564 817 564 818 523 818 567 818 76 819 75 819 568 819 568 820 75 820 569 820 569 821 570 821 568 821 568 822 570 822 571 822 568 823 571 823 572 823 572 824 571 824 486 824 572 825 486 825 544 825 544 826 486 826 450 826 573 827 431 827 574 827 574 828 431 828 433 828 574 829 433 829 575 829 575 830 433 830 435 830 575 831 435 831 576 831 576 832 435 832 437 832 576 833 437 833 577 833 577 834 437 834 439 834 577 835 439 835 578 835 578 836 439 836 441 836 578 837 441 837 579 837 579 838 441 838 443 838 579 839 443 839 580 839 580 840 443 840 445 840 580 841 445 841 581 841 581 842 445 842 447 842 581 843 447 843 582 843 582 844 447 844 449 844 582 845 449 845 583 845 583 846 449 846 451 846 583 847 451 847 584 847 584 848 451 848 452 848 584 849 452 849 585 849 585 850 452 850 485 850 585 851 485 851 586 851 586 852 485 852 487 852 586 853 487 853 587 853 587 854 487 854 516 854 587 855 516 855 588 855 588 856 516 856 518 856 588 857 518 857 589 857 589 858 518 858 483 858 589 859 483 859 590 859 590 860 483 860 479 860 590 861 479 861 591 861 591 862 479 862 478 862 591 863 478 863 592 863 592 864 478 864 476 864 592 865 476 865 593 865 593 866 476 866 475 866 593 867 475 867 594 867 594 868 475 868 427 868 594 869 427 869 595 869 595 870 427 870 426 870 595 871 426 871 596 871 596 872 426 872 490 872 596 873 490 873 597 873 597 874 490 874 474 874 597 875 474 875 598 875 598 876 474 876 473 876 598 877 473 877 599 877 599 878 473 878 471 878 599 879 471 879 600 879 600 880 471 880 470 880 600 881 470 881 601 881 601 882 470 882 453 882 601 883 453 883 602 883 602 884 453 884 455 884 602 885 455 885 603 885 603 886 455 886 457 886 603 887 457 887 604 887 604 888 457 888 459 888 604 889 459 889 605 889 605 890 459 890 461 890 605 891 461 891 606 891 606 892 461 892 463 892 606 893 463 893 607 893 607 894 463 894 465 894 607 895 465 895 608 895 608 896 465 896 467 896 608 897 467 897 609 897 609 898 467 898 429 898 609 899 429 899 573 899 573 900 429 900 431 900 610 901 565 901 113 901 116 902 115 902 611 902 612 903 610 903 122 903 135 904 134 904 99 904 613 905 115 905 614 905 614 906 115 906 152 906 614 907 152 907 615 907 616 908 617 908 120 908 618 909 120 909 619 909 619 910 120 910 620 910 122 911 121 911 612 911 612 912 121 912 120 912 612 913 120 913 621 913 621 914 120 914 618 914 613 915 622 915 115 915 115 916 622 916 623 916 115 917 623 917 624 917 152 918 151 918 615 918 615 919 151 919 150 919 615 920 150 920 625 920 625 921 150 921 149 921 625 922 149 922 148 922 99 923 134 923 101 923 101 924 134 924 133 924 101 925 133 925 103 925 103 926 133 926 132 926 103 927 132 927 105 927 105 928 132 928 131 928 105 929 131 929 107 929 107 930 131 930 130 930 107 931 130 931 109 931 109 932 130 932 129 932 109 933 129 933 111 933 111 934 129 934 128 934 111 935 128 935 113 935 113 936 128 936 127 936 113 937 127 937 126 937 126 938 125 938 113 938 113 939 125 939 124 939 113 940 124 940 610 940 610 941 124 941 123 941 610 942 123 942 122 942 617 943 626 943 120 943 120 944 626 944 627 944 120 945 627 945 620 945 120 946 119 946 616 946 616 947 119 947 118 947 616 948 118 948 611 948 611 949 118 949 117 949 611 950 117 950 116 950 624 951 628 951 115 951 115 952 628 952 629 952 115 953 629 953 611 953 148 954 147 954 625 954 625 955 147 955 76 955 625 956 76 956 568 956 99 957 97 957 135 957 135 958 97 958 95 958 135 959 95 959 136 959 136 960 95 960 93 960 136 961 93 961 137 961 137 962 93 962 91 962 137 963 91 963 138 963 138 964 91 964 89 964 138 965 89 965 139 965 139 966 89 966 87 966 139 967 87 967 140 967 140 968 87 968 85 968 140 969 85 969 141 969 141 970 85 970 83 970 141 971 83 971 142 971 142 972 83 972 81 972 142 973 81 973 143 973 143 974 81 974 79 974 143 975 79 975 144 975 144 976 79 976 77 976 144 977 77 977 145 977 145 978 77 978 76 978 145 979 76 979 146 979 146 980 76 980 147 980 590 981 591 981 630 981 597 982 598 982 631 982 632 983 633 983 587 983 630 984 591 984 634 984 574 985 575 985 551 985 633 986 572 986 544 986 635 987 636 987 589 987 590 988 630 988 589 988 589 989 630 989 637 989 589 990 637 990 635 990 587 991 588 991 632 991 632 992 588 992 589 992 632 993 589 993 638 993 638 994 589 994 639 994 591 995 592 995 634 995 634 996 592 996 593 996 634 997 593 997 640 997 597 998 631 998 596 998 596 999 631 999 641 999 596 1000 641 1000 595 1000 598 1001 599 1001 631 1001 631 1002 599 1002 563 1002 631 1003 563 1003 566 1003 551 1004 575 1004 550 1004 550 1005 575 1005 576 1005 550 1006 576 1006 549 1006 549 1007 576 1007 577 1007 549 1008 577 1008 548 1008 548 1009 577 1009 578 1009 548 1010 578 1010 547 1010 547 1011 578 1011 579 1011 547 1012 579 1012 546 1012 546 1013 579 1013 580 1013 546 1014 580 1014 545 1014 545 1015 580 1015 581 1015 545 1016 581 1016 544 1016 544 1017 581 1017 582 1017 544 1018 582 1018 583 1018 583 1019 584 1019 544 1019 544 1020 584 1020 585 1020 544 1021 585 1021 633 1021 633 1022 585 1022 586 1022 633 1023 586 1023 587 1023 642 1024 643 1024 593 1024 595 1025 641 1025 594 1025 594 1026 641 1026 644 1026 594 1027 644 1027 593 1027 593 1028 644 1028 645 1028 593 1029 645 1029 642 1029 551 1030 552 1030 574 1030 574 1031 552 1031 553 1031 574 1032 553 1032 573 1032 573 1033 553 1033 554 1033 573 1034 554 1034 609 1034 609 1035 554 1035 555 1035 609 1036 555 1036 608 1036 608 1037 555 1037 556 1037 608 1038 556 1038 607 1038 607 1039 556 1039 557 1039 607 1040 557 1040 606 1040 606 1041 557 1041 558 1041 606 1042 558 1042 605 1042 605 1043 558 1043 559 1043 605 1044 559 1044 604 1044 604 1045 559 1045 560 1045 604 1046 560 1046 603 1046 603 1047 560 1047 561 1047 603 1048 561 1048 602 1048 602 1049 561 1049 562 1049 602 1050 562 1050 601 1050 601 1051 562 1051 563 1051 601 1052 563 1052 600 1052 600 1053 563 1053 599 1053 636 1054 646 1054 589 1054 589 1055 646 1055 647 1055 589 1056 647 1056 639 1056 643 1057 648 1057 593 1057 593 1058 648 1058 649 1058 593 1059 649 1059 640 1059 616 1060 611 1060 634 1060 634 1061 611 1061 630 1061 650 1062 651 1062 652 1062 422 1063 325 1063 653 1063 654 1064 655 1064 656 1064 657 1065 367 1065 390 1065 658 1066 659 1066 660 1066 660 1067 659 1067 661 1067 661 1068 662 1068 660 1068 660 1069 662 1069 663 1069 660 1070 663 1070 657 1070 664 1071 665 1071 666 1071 666 1072 665 1072 667 1072 668 1073 669 1073 670 1073 670 1074 669 1074 671 1074 394 1075 672 1075 673 1075 657 1076 390 1076 660 1076 660 1077 390 1077 391 1077 660 1078 391 1078 673 1078 673 1079 391 1079 393 1079 673 1080 393 1080 394 1080 394 1081 399 1081 672 1081 672 1082 399 1082 398 1082 672 1083 398 1083 674 1083 674 1084 398 1084 396 1084 674 1085 396 1085 675 1085 404 1086 676 1086 677 1086 396 1087 395 1087 675 1087 675 1088 395 1088 400 1088 675 1089 400 1089 677 1089 677 1090 400 1090 402 1090 677 1091 402 1091 404 1091 409 1092 678 1092 679 1092 404 1093 407 1093 676 1093 676 1094 407 1094 406 1094 676 1095 406 1095 680 1095 680 1096 406 1096 412 1096 680 1097 412 1097 679 1097 679 1098 412 1098 411 1098 679 1099 411 1099 409 1099 409 1100 408 1100 678 1100 678 1101 408 1101 387 1101 678 1102 387 1102 681 1102 387 1103 417 1103 681 1103 681 1104 417 1104 416 1104 681 1105 416 1105 682 1105 682 1106 416 1106 414 1106 682 1107 414 1107 683 1107 414 1108 413 1108 683 1108 683 1109 413 1109 386 1109 683 1110 386 1110 684 1110 684 1111 386 1111 385 1111 684 1112 385 1112 685 1112 685 1113 385 1113 423 1113 685 1114 423 1114 686 1114 686 1115 423 1115 384 1115 384 1116 383 1116 686 1116 686 1117 383 1117 424 1117 686 1118 424 1118 687 1118 687 1119 424 1119 382 1119 687 1120 382 1120 688 1120 688 1121 382 1121 381 1121 688 1122 381 1122 425 1122 380 1123 689 1123 425 1123 425 1124 689 1124 690 1124 425 1125 690 1125 688 1125 380 1126 379 1126 689 1126 689 1127 379 1127 420 1127 689 1128 420 1128 691 1128 691 1129 420 1129 692 1129 692 1130 420 1130 419 1130 692 1131 419 1131 421 1131 667 1132 658 1132 666 1132 666 1133 658 1133 660 1133 666 1134 660 1134 693 1134 693 1135 660 1135 673 1135 693 1136 673 1136 694 1136 694 1137 673 1137 672 1137 694 1138 672 1138 695 1138 695 1139 672 1139 674 1139 695 1140 674 1140 696 1140 696 1141 674 1141 675 1141 696 1142 675 1142 697 1142 697 1143 675 1143 677 1143 697 1144 677 1144 698 1144 698 1145 677 1145 676 1145 698 1146 676 1146 699 1146 699 1147 676 1147 680 1147 699 1148 680 1148 700 1148 700 1149 680 1149 679 1149 700 1150 679 1150 701 1150 701 1151 679 1151 678 1151 701 1152 678 1152 702 1152 702 1153 678 1153 681 1153 702 1154 681 1154 703 1154 703 1155 681 1155 682 1155 703 1156 682 1156 704 1156 704 1157 682 1157 683 1157 704 1158 683 1158 705 1158 705 1159 683 1159 684 1159 705 1160 684 1160 706 1160 706 1161 684 1161 685 1161 706 1162 685 1162 707 1162 707 1163 685 1163 686 1163 707 1164 686 1164 708 1164 708 1165 686 1165 687 1165 708 1166 687 1166 709 1166 709 1167 687 1167 688 1167 709 1168 688 1168 710 1168 710 1169 688 1169 690 1169 710 1170 690 1170 711 1170 711 1171 690 1171 689 1171 711 1172 689 1172 712 1172 712 1173 689 1173 691 1173 712 1174 691 1174 713 1174 713 1175 691 1175 692 1175 713 1176 692 1176 653 1176 653 1177 692 1177 421 1177 653 1178 421 1178 422 1178 653 1179 714 1179 713 1179 713 1180 714 1180 715 1180 713 1181 715 1181 712 1181 712 1182 715 1182 716 1182 712 1183 716 1183 711 1183 711 1184 716 1184 717 1184 711 1185 717 1185 710 1185 710 1186 717 1186 718 1186 710 1187 718 1187 709 1187 709 1188 718 1188 719 1188 709 1189 719 1189 708 1189 708 1190 719 1190 720 1190 708 1191 720 1191 707 1191 707 1192 720 1192 721 1192 707 1193 721 1193 706 1193 706 1194 721 1194 722 1194 706 1195 722 1195 705 1195 705 1196 722 1196 723 1196 705 1197 723 1197 704 1197 704 1198 723 1198 724 1198 704 1199 724 1199 703 1199 703 1200 724 1200 725 1200 703 1201 725 1201 702 1201 702 1202 725 1202 726 1202 702 1203 726 1203 701 1203 701 1204 726 1204 727 1204 701 1205 727 1205 700 1205 700 1206 727 1206 728 1206 700 1207 728 1207 699 1207 699 1208 728 1208 729 1208 699 1209 729 1209 698 1209 698 1210 729 1210 730 1210 698 1211 730 1211 697 1211 697 1212 730 1212 731 1212 697 1213 731 1213 696 1213 696 1214 731 1214 732 1214 696 1215 732 1215 695 1215 695 1216 732 1216 733 1216 695 1217 733 1217 694 1217 694 1218 733 1218 734 1218 694 1219 734 1219 693 1219 693 1220 734 1220 735 1220 693 1221 735 1221 666 1221 666 1222 735 1222 670 1222 666 1223 670 1223 664 1223 664 1224 670 1224 671 1224 714 1225 736 1225 715 1225 715 1226 736 1226 737 1226 715 1227 737 1227 716 1227 716 1228 737 1228 738 1228 716 1229 738 1229 717 1229 717 1230 738 1230 739 1230 717 1231 739 1231 718 1231 718 1232 739 1232 740 1232 718 1233 740 1233 719 1233 719 1234 740 1234 741 1234 719 1235 741 1235 720 1235 720 1236 741 1236 742 1236 720 1237 742 1237 721 1237 721 1238 742 1238 743 1238 721 1239 743 1239 722 1239 722 1240 743 1240 744 1240 722 1241 744 1241 723 1241 723 1242 744 1242 745 1242 723 1243 745 1243 724 1243 724 1244 745 1244 746 1244 724 1245 746 1245 725 1245 725 1246 746 1246 747 1246 725 1247 747 1247 726 1247 726 1248 747 1248 748 1248 726 1249 748 1249 727 1249 727 1250 748 1250 749 1250 727 1251 749 1251 728 1251 728 1252 749 1252 750 1252 728 1253 750 1253 729 1253 729 1254 750 1254 751 1254 729 1255 751 1255 730 1255 730 1256 751 1256 752 1256 730 1257 752 1257 731 1257 731 1258 752 1258 753 1258 731 1259 753 1259 732 1259 732 1260 753 1260 754 1260 732 1261 754 1261 733 1261 733 1262 754 1262 755 1262 733 1263 755 1263 734 1263 734 1264 755 1264 756 1264 734 1265 756 1265 735 1265 735 1266 756 1266 757 1266 735 1267 757 1267 670 1267 670 1268 757 1268 758 1268 670 1269 758 1269 668 1269 668 1270 758 1270 759 1270 736 1271 760 1271 737 1271 737 1272 760 1272 761 1272 737 1273 761 1273 738 1273 738 1274 761 1274 762 1274 738 1275 762 1275 739 1275 739 1276 762 1276 763 1276 739 1277 763 1277 740 1277 740 1278 763 1278 764 1278 740 1279 764 1279 741 1279 741 1280 764 1280 765 1280 741 1281 765 1281 742 1281 742 1282 765 1282 766 1282 742 1283 766 1283 743 1283 743 1284 766 1284 767 1284 743 1285 767 1285 744 1285 744 1286 767 1286 768 1286 744 1287 768 1287 745 1287 745 1288 768 1288 769 1288 745 1289 769 1289 746 1289 746 1290 769 1290 770 1290 746 1291 770 1291 747 1291 747 1292 770 1292 771 1292 747 1293 771 1293 748 1293 748 1294 771 1294 772 1294 748 1295 772 1295 749 1295 749 1296 772 1296 773 1296 749 1297 773 1297 750 1297 750 1298 773 1298 774 1298 750 1299 774 1299 751 1299 751 1300 774 1300 775 1300 751 1301 775 1301 752 1301 752 1302 775 1302 776 1302 752 1303 776 1303 753 1303 753 1304 776 1304 777 1304 753 1305 777 1305 754 1305 754 1306 777 1306 778 1306 754 1307 778 1307 755 1307 755 1308 778 1308 779 1308 755 1309 779 1309 756 1309 756 1310 779 1310 780 1310 756 1311 780 1311 757 1311 757 1312 780 1312 781 1312 757 1313 781 1313 758 1313 758 1314 781 1314 656 1314 758 1315 656 1315 759 1315 759 1316 656 1316 655 1316 760 1317 782 1317 761 1317 761 1318 782 1318 783 1318 761 1319 783 1319 762 1319 762 1320 783 1320 784 1320 762 1321 784 1321 763 1321 763 1322 784 1322 785 1322 763 1323 785 1323 764 1323 764 1324 785 1324 786 1324 764 1325 786 1325 765 1325 765 1326 786 1326 787 1326 765 1327 787 1327 766 1327 766 1328 787 1328 788 1328 766 1329 788 1329 767 1329 767 1330 788 1330 789 1330 767 1331 789 1331 768 1331 768 1332 789 1332 790 1332 768 1333 790 1333 769 1333 769 1334 790 1334 791 1334 769 1335 791 1335 770 1335 770 1336 791 1336 792 1336 770 1337 792 1337 771 1337 771 1338 792 1338 793 1338 771 1339 793 1339 772 1339 772 1340 793 1340 794 1340 772 1341 794 1341 773 1341 773 1342 794 1342 795 1342 773 1343 795 1343 774 1343 774 1344 795 1344 796 1344 774 1345 796 1345 775 1345 775 1346 796 1346 797 1346 775 1347 797 1347 776 1347 776 1348 797 1348 798 1348 776 1349 798 1349 777 1349 777 1350 798 1350 799 1350 777 1351 799 1351 778 1351 778 1352 799 1352 800 1352 778 1353 800 1353 779 1353 779 1354 800 1354 801 1354 779 1355 801 1355 780 1355 780 1356 801 1356 802 1356 780 1357 802 1357 781 1357 781 1358 802 1358 803 1358 781 1359 803 1359 656 1359 656 1360 803 1360 804 1360 656 1361 804 1361 654 1361 654 1362 804 1362 805 1362 782 1363 806 1363 783 1363 783 1364 806 1364 807 1364 783 1365 807 1365 784 1365 784 1366 807 1366 808 1366 784 1367 808 1367 785 1367 785 1368 808 1368 809 1368 785 1369 809 1369 786 1369 786 1370 809 1370 810 1370 786 1371 810 1371 787 1371 787 1372 810 1372 811 1372 787 1373 811 1373 788 1373 788 1374 811 1374 812 1374 788 1375 812 1375 789 1375 789 1376 812 1376 813 1376 789 1377 813 1377 790 1377 790 1378 813 1378 814 1378 790 1379 814 1379 791 1379 791 1380 814 1380 815 1380 791 1381 815 1381 792 1381 792 1382 815 1382 816 1382 792 1383 816 1383 793 1383 793 1384 816 1384 817 1384 793 1385 817 1385 794 1385 794 1386 817 1386 818 1386 794 1387 818 1387 795 1387 795 1388 818 1388 819 1388 795 1389 819 1389 796 1389 796 1390 819 1390 820 1390 796 1391 820 1391 797 1391 797 1392 820 1392 821 1392 797 1393 821 1393 798 1393 798 1394 821 1394 822 1394 798 1395 822 1395 799 1395 799 1396 822 1396 823 1396 799 1397 823 1397 800 1397 800 1398 823 1398 824 1398 800 1399 824 1399 801 1399 801 1400 824 1400 825 1400 801 1401 825 1401 802 1401 802 1402 825 1402 826 1402 802 1403 826 1403 803 1403 803 1404 826 1404 827 1404 803 1405 827 1405 804 1405 804 1406 827 1406 828 1406 804 1407 828 1407 805 1407 805 1408 828 1408 522 1408 806 1409 829 1409 807 1409 807 1410 829 1410 830 1410 807 1411 830 1411 808 1411 808 1412 830 1412 831 1412 808 1413 831 1413 809 1413 809 1414 831 1414 832 1414 809 1415 832 1415 810 1415 810 1416 832 1416 833 1416 810 1417 833 1417 811 1417 811 1418 833 1418 834 1418 811 1419 834 1419 812 1419 812 1420 834 1420 835 1420 812 1421 835 1421 813 1421 813 1422 835 1422 836 1422 813 1423 836 1423 814 1423 814 1424 836 1424 837 1424 814 1425 837 1425 815 1425 815 1426 837 1426 838 1426 815 1427 838 1427 816 1427 816 1428 838 1428 839 1428 816 1429 839 1429 817 1429 817 1430 839 1430 840 1430 817 1431 840 1431 818 1431 818 1432 840 1432 841 1432 818 1433 841 1433 819 1433 819 1434 841 1434 842 1434 819 1435 842 1435 820 1435 820 1436 842 1436 843 1436 820 1437 843 1437 821 1437 821 1438 843 1438 844 1438 821 1439 844 1439 822 1439 822 1440 844 1440 845 1440 822 1441 845 1441 823 1441 823 1442 845 1442 846 1442 823 1443 846 1443 824 1443 824 1444 846 1444 847 1444 824 1445 847 1445 825 1445 825 1446 847 1446 848 1446 825 1447 848 1447 826 1447 826 1448 848 1448 849 1448 826 1449 849 1449 827 1449 827 1450 849 1450 850 1450 827 1451 850 1451 828 1451 828 1452 850 1452 851 1452 828 1453 851 1453 522 1453 829 1454 650 1454 830 1454 830 1455 650 1455 652 1455 830 1456 652 1456 831 1456 831 1457 652 1457 852 1457 831 1458 852 1458 832 1458 832 1459 852 1459 853 1459 832 1460 853 1460 833 1460 833 1461 853 1461 854 1461 833 1462 854 1462 834 1462 834 1463 854 1463 855 1463 834 1464 855 1464 835 1464 835 1465 855 1465 856 1465 835 1466 856 1466 836 1466 836 1467 856 1467 857 1467 836 1468 857 1468 837 1468 837 1469 857 1469 858 1469 837 1470 858 1470 838 1470 838 1471 858 1471 859 1471 838 1472 859 1472 839 1472 839 1473 859 1473 860 1473 839 1474 860 1474 840 1474 840 1475 860 1475 861 1475 840 1476 861 1476 841 1476 841 1477 861 1477 862 1477 841 1478 862 1478 842 1478 842 1479 862 1479 863 1479 842 1480 863 1480 843 1480 843 1481 863 1481 864 1481 843 1482 864 1482 844 1482 844 1483 864 1483 865 1483 844 1484 865 1484 845 1484 845 1485 865 1485 866 1485 845 1486 866 1486 846 1486 846 1487 866 1487 867 1487 846 1488 867 1488 847 1488 847 1489 867 1489 868 1489 847 1490 868 1490 848 1490 848 1491 868 1491 869 1491 848 1492 869 1492 849 1492 849 1493 869 1493 870 1493 849 1494 870 1494 850 1494 850 1495 870 1495 871 1495 850 1496 871 1496 851 1496 851 1497 871 1497 872 1497 851 1498 872 1498 522 1498 522 1499 872 1499 871 1499 522 1500 871 1500 497 1500 497 1501 871 1501 870 1501 497 1502 870 1502 498 1502 498 1503 870 1503 869 1503 498 1504 869 1504 499 1504 499 1505 869 1505 868 1505 499 1506 868 1506 500 1506 500 1507 868 1507 867 1507 500 1508 867 1508 509 1508 509 1509 867 1509 866 1509 509 1510 866 1510 510 1510 510 1511 866 1511 865 1511 510 1512 865 1512 511 1512 511 1513 865 1513 864 1513 511 1514 864 1514 513 1514 513 1515 864 1515 863 1515 513 1516 863 1516 514 1516 514 1517 863 1517 862 1517 514 1518 862 1518 515 1518 515 1519 862 1519 861 1519 515 1520 861 1520 517 1520 517 1521 861 1521 860 1521 517 1522 860 1522 519 1522 519 1523 860 1523 859 1523 519 1524 859 1524 520 1524 520 1525 859 1525 858 1525 520 1526 858 1526 484 1526 484 1527 858 1527 857 1527 484 1528 857 1528 482 1528 482 1529 857 1529 856 1529 482 1530 856 1530 480 1530 480 1531 856 1531 855 1531 480 1532 855 1532 481 1532 481 1533 855 1533 854 1533 481 1534 854 1534 493 1534 493 1535 854 1535 853 1535 493 1536 853 1536 494 1536 494 1537 853 1537 852 1537 494 1538 852 1538 495 1538 495 1539 852 1539 652 1539 495 1540 652 1540 477 1540 477 1541 652 1541 651 1541 477 1542 651 1542 428 1542 323 1543 322 1543 873 1543 333 1544 332 1544 874 1544 336 1545 335 1545 875 1545 339 1546 338 1546 876 1546 340 1547 342 1547 877 1547 346 1548 345 1548 878 1548 344 1549 347 1549 879 1549 351 1550 352 1550 880 1550 668 1551 759 1551 881 1551 882 1552 655 1552 883 1552 883 1553 655 1553 654 1553 883 1554 654 1554 805 1554 668 1555 881 1555 669 1555 665 1556 664 1556 884 1556 884 1557 664 1557 671 1557 658 1558 667 1558 885 1558 658 1559 885 1559 659 1559 362 1560 368 1560 886 1560 886 1561 368 1561 367 1561 886 1562 367 1562 657 1562 657 1563 663 1563 886 1563 886 1564 663 1564 662 1564 886 1565 662 1565 661 1565 805 1566 522 1566 883 1566 883 1567 522 1567 887 1567 883 1568 887 1568 888 1568 882 1569 883 1569 889 1569 889 1570 883 1570 888 1570 889 1571 888 1571 890 1571 362 1572 886 1572 363 1572 363 1573 886 1573 891 1573 363 1574 891 1574 365 1574 365 1575 891 1575 892 1575 365 1576 892 1576 366 1576 893 1577 890 1577 894 1577 894 1578 890 1578 888 1578 894 1579 888 1579 895 1579 895 1580 888 1580 887 1580 895 1581 887 1581 896 1581 896 1582 887 1582 522 1582 366 1583 892 1583 358 1583 358 1584 892 1584 897 1584 358 1585 897 1585 359 1585 759 1586 655 1586 881 1586 881 1587 655 1587 882 1587 881 1588 882 1588 898 1588 898 1589 882 1589 889 1589 898 1590 889 1590 899 1590 899 1591 889 1591 890 1591 899 1592 890 1592 900 1592 900 1593 890 1593 893 1593 900 1594 893 1594 901 1594 359 1595 897 1595 360 1595 360 1596 897 1596 902 1596 360 1597 902 1597 361 1597 671 1598 669 1598 884 1598 884 1599 669 1599 881 1599 884 1600 881 1600 903 1600 903 1601 881 1601 898 1601 903 1602 898 1602 904 1602 904 1603 898 1603 899 1603 904 1604 899 1604 905 1604 905 1605 899 1605 900 1605 905 1606 900 1606 906 1606 906 1607 900 1607 901 1607 906 1608 901 1608 907 1608 667 1609 665 1609 885 1609 885 1610 665 1610 884 1610 885 1611 884 1611 908 1611 908 1612 884 1612 903 1612 908 1613 903 1613 909 1613 909 1614 903 1614 904 1614 909 1615 904 1615 910 1615 910 1616 904 1616 905 1616 910 1617 905 1617 911 1617 911 1618 905 1618 906 1618 911 1619 906 1619 912 1619 912 1620 906 1620 907 1620 912 1621 907 1621 913 1621 361 1622 902 1622 355 1622 355 1623 902 1623 914 1623 355 1624 914 1624 353 1624 353 1625 914 1625 915 1625 353 1626 915 1626 317 1626 661 1627 659 1627 886 1627 886 1628 659 1628 885 1628 886 1629 885 1629 891 1629 891 1630 885 1630 908 1630 891 1631 908 1631 892 1631 892 1632 908 1632 909 1632 892 1633 909 1633 897 1633 897 1634 909 1634 910 1634 897 1635 910 1635 902 1635 902 1636 910 1636 911 1636 902 1637 911 1637 914 1637 914 1638 911 1638 912 1638 914 1639 912 1639 915 1639 915 1640 912 1640 913 1640 915 1641 913 1641 880 1641 880 1642 352 1642 915 1642 915 1643 352 1643 318 1643 915 1644 318 1644 317 1644 349 1645 351 1645 916 1645 916 1646 351 1646 880 1646 916 1647 880 1647 917 1647 917 1648 880 1648 913 1648 917 1649 913 1649 918 1649 918 1650 913 1650 907 1650 918 1651 907 1651 919 1651 919 1652 907 1652 901 1652 919 1653 901 1653 920 1653 920 1654 901 1654 893 1654 920 1655 893 1655 921 1655 921 1656 893 1656 894 1656 921 1657 894 1657 922 1657 922 1658 894 1658 895 1658 922 1659 895 1659 923 1659 923 1660 895 1660 896 1660 923 1661 896 1661 924 1661 924 1662 896 1662 522 1662 347 1663 349 1663 879 1663 879 1664 349 1664 916 1664 879 1665 916 1665 925 1665 925 1666 916 1666 917 1666 925 1667 917 1667 926 1667 926 1668 917 1668 918 1668 926 1669 918 1669 927 1669 927 1670 918 1670 919 1670 927 1671 919 1671 928 1671 928 1672 919 1672 920 1672 928 1673 920 1673 929 1673 929 1674 920 1674 921 1674 929 1675 921 1675 930 1675 930 1676 921 1676 922 1676 930 1677 922 1677 931 1677 931 1678 922 1678 923 1678 931 1679 923 1679 932 1679 932 1680 923 1680 924 1680 932 1681 924 1681 521 1681 521 1682 924 1682 522 1682 521 1683 508 1683 932 1683 932 1684 508 1684 933 1684 932 1685 933 1685 931 1685 931 1686 933 1686 934 1686 931 1687 934 1687 930 1687 930 1688 934 1688 935 1688 930 1689 935 1689 929 1689 929 1690 935 1690 936 1690 929 1691 936 1691 928 1691 928 1692 936 1692 937 1692 928 1693 937 1693 927 1693 927 1694 937 1694 938 1694 927 1695 938 1695 926 1695 926 1696 938 1696 939 1696 926 1697 939 1697 925 1697 925 1698 939 1698 940 1698 925 1699 940 1699 879 1699 879 1700 940 1700 878 1700 879 1701 878 1701 344 1701 344 1702 878 1702 345 1702 342 1703 346 1703 877 1703 877 1704 346 1704 878 1704 877 1705 878 1705 941 1705 941 1706 878 1706 940 1706 941 1707 940 1707 942 1707 942 1708 940 1708 939 1708 942 1709 939 1709 943 1709 943 1710 939 1710 938 1710 943 1711 938 1711 944 1711 944 1712 938 1712 937 1712 944 1713 937 1713 945 1713 945 1714 937 1714 936 1714 945 1715 936 1715 946 1715 946 1716 936 1716 935 1716 946 1717 935 1717 947 1717 947 1718 935 1718 934 1718 947 1719 934 1719 948 1719 948 1720 934 1720 933 1720 948 1721 933 1721 507 1721 507 1722 933 1722 508 1722 337 1723 340 1723 949 1723 949 1724 340 1724 877 1724 949 1725 877 1725 950 1725 950 1726 877 1726 941 1726 950 1727 941 1727 951 1727 951 1728 941 1728 942 1728 951 1729 942 1729 952 1729 952 1730 942 1730 943 1730 952 1731 943 1731 953 1731 953 1732 943 1732 944 1732 953 1733 944 1733 954 1733 954 1734 944 1734 945 1734 954 1735 945 1735 955 1735 955 1736 945 1736 946 1736 955 1737 946 1737 956 1737 956 1738 946 1738 947 1738 956 1739 947 1739 957 1739 957 1740 947 1740 948 1740 957 1741 948 1741 512 1741 512 1742 948 1742 507 1742 338 1743 337 1743 876 1743 876 1744 337 1744 949 1744 876 1745 949 1745 958 1745 958 1746 949 1746 950 1746 958 1747 950 1747 959 1747 959 1748 950 1748 951 1748 959 1749 951 1749 960 1749 960 1750 951 1750 952 1750 960 1751 952 1751 961 1751 961 1752 952 1752 953 1752 961 1753 953 1753 962 1753 962 1754 953 1754 954 1754 962 1755 954 1755 963 1755 963 1756 954 1756 955 1756 963 1757 955 1757 964 1757 964 1758 955 1758 956 1758 964 1759 956 1759 965 1759 965 1760 956 1760 957 1760 965 1761 957 1761 540 1761 540 1762 957 1762 512 1762 335 1763 339 1763 875 1763 875 1764 339 1764 876 1764 875 1765 876 1765 966 1765 966 1766 876 1766 958 1766 966 1767 958 1767 967 1767 967 1768 958 1768 959 1768 967 1769 959 1769 968 1769 968 1770 959 1770 960 1770 968 1771 960 1771 969 1771 969 1772 960 1772 961 1772 969 1773 961 1773 970 1773 970 1774 961 1774 962 1774 970 1775 962 1775 971 1775 971 1776 962 1776 963 1776 971 1777 963 1777 972 1777 972 1778 963 1778 964 1778 972 1779 964 1779 973 1779 973 1780 964 1780 965 1780 973 1781 965 1781 539 1781 539 1782 965 1782 540 1782 332 1783 336 1783 874 1783 874 1784 336 1784 875 1784 874 1785 875 1785 974 1785 974 1786 875 1786 966 1786 974 1787 966 1787 975 1787 975 1788 966 1788 967 1788 975 1789 967 1789 976 1789 976 1790 967 1790 968 1790 976 1791 968 1791 977 1791 977 1792 968 1792 969 1792 977 1793 969 1793 978 1793 978 1794 969 1794 970 1794 978 1795 970 1795 979 1795 979 1796 970 1796 971 1796 979 1797 971 1797 980 1797 980 1798 971 1798 972 1798 980 1799 972 1799 981 1799 981 1800 972 1800 973 1800 981 1801 973 1801 538 1801 538 1802 973 1802 539 1802 538 1803 543 1803 981 1803 981 1804 543 1804 982 1804 981 1805 982 1805 980 1805 980 1806 982 1806 983 1806 980 1807 983 1807 979 1807 979 1808 983 1808 984 1808 979 1809 984 1809 978 1809 978 1810 984 1810 985 1810 978 1811 985 1811 977 1811 977 1812 985 1812 986 1812 977 1813 986 1813 976 1813 976 1814 986 1814 987 1814 976 1815 987 1815 975 1815 975 1816 987 1816 988 1816 975 1817 988 1817 974 1817 974 1818 988 1818 989 1818 974 1819 989 1819 874 1819 874 1820 989 1820 990 1820 874 1821 990 1821 333 1821 370 1822 327 1822 990 1822 990 1823 327 1823 329 1823 990 1824 329 1824 333 1824 542 1825 541 1825 991 1825 991 1826 541 1826 992 1826 991 1827 992 1827 993 1827 993 1828 992 1828 994 1828 993 1829 994 1829 995 1829 995 1830 994 1830 996 1830 995 1831 996 1831 997 1831 997 1832 996 1832 998 1832 997 1833 998 1833 999 1833 999 1834 998 1834 1000 1834 999 1835 1000 1835 1001 1835 1001 1836 1000 1836 1002 1836 1001 1837 1002 1837 1003 1837 1003 1838 1002 1838 1004 1838 1003 1839 1004 1839 1005 1839 1005 1840 1004 1840 1006 1840 1005 1841 1006 1841 1007 1841 1007 1842 1006 1842 1008 1842 543 1843 542 1843 982 1843 982 1844 542 1844 991 1844 982 1845 991 1845 983 1845 983 1846 991 1846 993 1846 983 1847 993 1847 984 1847 984 1848 993 1848 995 1848 984 1849 995 1849 985 1849 985 1850 995 1850 997 1850 985 1851 997 1851 986 1851 986 1852 997 1852 999 1852 986 1853 999 1853 987 1853 987 1854 999 1854 1001 1854 987 1855 1001 1855 988 1855 988 1856 1001 1856 1003 1856 988 1857 1003 1857 989 1857 989 1858 1003 1858 1005 1858 989 1859 1005 1859 990 1859 990 1860 1005 1860 1007 1860 990 1861 1007 1861 370 1861 370 1862 1007 1862 1008 1862 370 1863 1008 1863 320 1863 320 1864 1008 1864 321 1864 369 1865 321 1865 1009 1865 1009 1866 321 1866 1008 1866 1009 1867 1008 1867 1010 1867 1010 1868 1008 1868 1006 1868 1010 1869 1006 1869 1011 1869 1011 1870 1006 1870 1004 1870 1011 1871 1004 1871 1012 1871 1012 1872 1004 1872 1002 1872 1012 1873 1002 1873 1013 1873 1013 1874 1002 1874 1000 1874 1013 1875 1000 1875 1014 1875 1014 1876 1000 1876 998 1876 1014 1877 998 1877 1015 1877 1015 1878 998 1878 996 1878 1015 1879 996 1879 1016 1879 1016 1880 996 1880 994 1880 1016 1881 994 1881 1017 1881 1017 1882 994 1882 992 1882 1017 1883 992 1883 506 1883 506 1884 992 1884 541 1884 322 1885 369 1885 873 1885 873 1886 369 1886 1009 1886 873 1887 1009 1887 1018 1887 1018 1888 1009 1888 1010 1888 1018 1889 1010 1889 1019 1889 1019 1890 1010 1890 1011 1890 1019 1891 1011 1891 1020 1891 1020 1892 1011 1892 1012 1892 1020 1893 1012 1893 1021 1893 1021 1894 1012 1894 1013 1894 1021 1895 1013 1895 1022 1895 1022 1896 1013 1896 1014 1896 1022 1897 1014 1897 1023 1897 1023 1898 1014 1898 1015 1898 1023 1899 1015 1899 1024 1899 1024 1900 1015 1900 1016 1900 1024 1901 1016 1901 1025 1901 1025 1902 1016 1902 1017 1902 1025 1903 1017 1903 505 1903 505 1904 1017 1904 506 1904 488 1905 496 1905 1026 1905 1026 1906 496 1906 1027 1906 1026 1907 1027 1907 1028 1907 489 1908 488 1908 1029 1908 1029 1909 488 1909 1026 1909 1029 1910 1026 1910 1030 1910 1030 1911 1026 1911 1028 1911 1030 1912 1028 1912 1031 1912 491 1913 489 1913 1032 1913 1032 1914 489 1914 1029 1914 1032 1915 1029 1915 1033 1915 1033 1916 1029 1916 1030 1916 1033 1917 1030 1917 1034 1917 1034 1918 1030 1918 1031 1918 1034 1919 1031 1919 1035 1919 492 1920 491 1920 1036 1920 1036 1921 491 1921 1032 1921 1036 1922 1032 1922 1037 1922 1037 1923 1032 1923 1033 1923 1037 1924 1033 1924 1038 1924 1038 1925 1033 1925 1034 1925 1038 1926 1034 1926 1039 1926 1039 1927 1034 1927 1035 1927 1039 1928 1035 1928 1040 1928 501 1929 492 1929 1041 1929 1041 1930 492 1930 1036 1930 1041 1931 1036 1931 1042 1931 1042 1932 1036 1932 1037 1932 1042 1933 1037 1933 1043 1933 1043 1934 1037 1934 1038 1934 1043 1935 1038 1935 1044 1935 1044 1936 1038 1936 1039 1936 1044 1937 1039 1937 1045 1937 1045 1938 1039 1938 1040 1938 1045 1939 1040 1939 1046 1939 502 1940 501 1940 1047 1940 1047 1941 501 1941 1041 1941 1047 1942 1041 1942 1048 1942 1048 1943 1041 1943 1042 1943 1048 1944 1042 1944 1049 1944 1049 1945 1042 1945 1043 1945 1049 1946 1043 1946 1050 1946 1050 1947 1043 1947 1044 1947 1050 1948 1044 1948 1051 1948 1051 1949 1044 1949 1045 1949 1051 1950 1045 1950 1052 1950 1052 1951 1045 1951 1046 1951 1052 1952 1046 1952 1053 1952 503 1953 502 1953 1054 1953 1054 1954 502 1954 1047 1954 1054 1955 1047 1955 1055 1955 1055 1956 1047 1956 1048 1956 1055 1957 1048 1957 1056 1957 1056 1958 1048 1958 1049 1958 1056 1959 1049 1959 1057 1959 1057 1960 1049 1960 1050 1960 1057 1961 1050 1961 1058 1961 1058 1962 1050 1962 1051 1962 1058 1963 1051 1963 1059 1963 1059 1964 1051 1964 1052 1964 1059 1965 1052 1965 1060 1965 1060 1966 1052 1966 1053 1966 1060 1967 1053 1967 1061 1967 504 1968 503 1968 1062 1968 1062 1969 503 1969 1054 1969 1062 1970 1054 1970 1063 1970 1063 1971 1054 1971 1055 1971 1063 1972 1055 1972 1064 1972 1064 1973 1055 1973 1056 1973 1064 1974 1056 1974 1065 1974 1065 1975 1056 1975 1057 1975 1065 1976 1057 1976 1066 1976 1066 1977 1057 1977 1058 1977 1066 1978 1058 1978 1067 1978 1067 1979 1058 1979 1059 1979 1067 1980 1059 1980 1068 1980 1068 1981 1059 1981 1060 1981 1068 1982 1060 1982 1069 1982 1069 1983 1060 1983 1061 1983 1069 1984 1061 1984 1070 1984 324 1985 323 1985 1070 1985 1070 1986 323 1986 873 1986 1070 1987 873 1987 1069 1987 1069 1988 873 1988 1018 1988 1069 1989 1018 1989 1068 1989 1068 1990 1018 1990 1019 1990 1068 1991 1019 1991 1067 1991 1067 1992 1019 1992 1020 1992 1067 1993 1020 1993 1066 1993 1066 1994 1020 1994 1021 1994 1066 1995 1021 1995 1065 1995 1065 1996 1021 1996 1022 1996 1065 1997 1022 1997 1064 1997 1064 1998 1022 1998 1023 1998 1064 1999 1023 1999 1063 1999 1063 2000 1023 2000 1024 2000 1063 2001 1024 2001 1062 2001 1062 2002 1024 2002 1025 2002 1062 2003 1025 2003 504 2003 504 2004 1025 2004 505 2004 325 2005 324 2005 653 2005 653 2006 324 2006 1070 2006 653 2007 1070 2007 714 2007 714 2008 1070 2008 1061 2008 714 2009 1061 2009 736 2009 736 2010 1061 2010 1053 2010 736 2011 1053 2011 760 2011 760 2012 1053 2012 1046 2012 760 2013 1046 2013 782 2013 782 2014 1046 2014 1040 2014 782 2015 1040 2015 806 2015 806 2016 1040 2016 1035 2016 806 2017 1035 2017 829 2017 829 2018 1035 2018 1031 2018 829 2019 1031 2019 650 2019 650 2020 1031 2020 1028 2020 650 2021 1028 2021 651 2021 651 2022 1028 2022 1027 2022 651 2023 1027 2023 428 2023 428 2024 1027 2024 496 2024 616 2025 634 2025 640 2025 616 2026 640 2026 617 2026 617 2027 640 2027 649 2027 617 2028 649 2028 626 2028 626 2029 649 2029 648 2029 626 2030 648 2030 627 2030 627 2031 648 2031 643 2031 627 2032 643 2032 620 2032 620 2033 643 2033 642 2033 620 2034 642 2034 619 2034 619 2035 642 2035 645 2035 619 2036 645 2036 618 2036 618 2037 645 2037 644 2037 618 2038 644 2038 621 2038 621 2039 644 2039 641 2039 621 2040 641 2040 612 2040 612 2041 641 2041 631 2041 612 2042 631 2042 610 2042 610 2043 631 2043 566 2043 610 2044 566 2044 565 2044 630 2045 611 2045 629 2045 630 2046 629 2046 637 2046 637 2047 629 2047 628 2047 637 2048 628 2048 635 2048 635 2049 628 2049 624 2049 635 2050 624 2050 636 2050 636 2051 624 2051 623 2051 636 2052 623 2052 646 2052 646 2053 623 2053 622 2053 646 2054 622 2054 647 2054 647 2055 622 2055 613 2055 647 2056 613 2056 639 2056 639 2057 613 2057 614 2057 639 2058 614 2058 638 2058 638 2059 614 2059 615 2059 638 2060 615 2060 632 2060 632 2061 615 2061 625 2061 632 2062 625 2062 633 2062 633 2063 625 2063 568 2063 633 2064 568 2064 572 2064 1071 2065 564 2065 567 2065 567 2066 1072 2066 1073 2066 1071 2067 567 2067 1074 2067 1075 2068 1076 2068 567 2068 567 2069 1076 2069 1077 2069 567 2070 1077 2070 1074 2070 1073 2071 1078 2071 567 2071 567 2072 1078 2072 1079 2072 567 2073 1079 2073 1075 2073 1080 2074 1081 2074 1082 2074 1082 2075 1081 2075 1083 2075 1082 2076 1083 2076 567 2076 567 2077 1083 2077 1084 2077 567 2078 1084 2078 1072 2078 1085 2079 1086 2079 1087 2079 1087 2080 1086 2080 1088 2080 1087 2081 1088 2081 1082 2081 1082 2082 1088 2082 1089 2082 1082 2083 1089 2083 1080 2083 1087 2084 1090 2084 1085 2084 1085 2085 1090 2085 1091 2085 1085 2086 1091 2086 1092 2086 1092 2087 1091 2087 1093 2087 1092 2088 1093 2088 1094 2088 1094 2089 1093 2089 1095 2089 1094 2090 1095 2090 1096 2090 1096 2091 1095 2091 1097 2091 1096 2092 1097 2092 1098 2092 1098 2093 1097 2093 1099 2093 1098 2094 1099 2094 1100 2094 1100 2095 1099 2095 1101 2095 1100 2096 1101 2096 1102 2096 1102 2097 1101 2097 1103 2097 1102 2098 1103 2098 1104 2098 1105 2099 1106 2099 1107 2099 1108 2100 1109 2100 1110 2100 1110 2101 1109 2101 1111 2101 1110 2102 1111 2102 1106 2102 1106 2103 1111 2103 1112 2103 1106 2104 1112 2104 1107 2104 569 2105 1113 2105 570 2105 570 2106 1113 2106 1114 2106 1114 2107 1115 2107 570 2107 570 2108 1115 2108 1116 2108 570 2109 1116 2109 1117 2109 1117 2110 1118 2110 570 2110 570 2111 1118 2111 1119 2111 570 2112 1119 2112 1120 2112 1120 2113 1121 2113 570 2113 570 2114 1121 2114 1122 2114 570 2115 1122 2115 1110 2115 1110 2116 1122 2116 1123 2116 1110 2117 1123 2117 1108 2117 1107 2118 1124 2118 1105 2118 1105 2119 1124 2119 1125 2119 1105 2120 1125 2120 1126 2120 1126 2121 1125 2121 1127 2121 1126 2122 1127 2122 1128 2122 1128 2123 1127 2123 1129 2123 1128 2124 1129 2124 1130 2124 1130 2125 1129 2125 1131 2125 1130 2126 1131 2126 1132 2126 1132 2127 1131 2127 1133 2127 1132 2128 1133 2128 1134 2128 1134 2129 1133 2129 1135 2129 1134 2130 1135 2130 1136 2130 1136 2131 1135 2131 1137 2131 1136 2132 1137 2132 1138 2132 1139 2133 1140 2133 1141 2133 1141 2134 1140 2134 1142 2134 1143 2135 1144 2135 1145 2135 1145 2136 1144 2136 1146 2136 1147 2137 1148 2137 1149 2137 1149 2138 1148 2138 1150 2138 1151 2139 39 2139 1152 2139 1152 2140 39 2140 37 2140 1152 2141 37 2141 1153 2141 1153 2142 37 2142 35 2142 1153 2143 35 2143 1154 2143 1154 2144 35 2144 33 2144 1154 2145 33 2145 1155 2145 1155 2146 33 2146 31 2146 1155 2147 31 2147 1156 2147 1156 2148 31 2148 29 2148 1156 2149 29 2149 1157 2149 1157 2150 29 2150 27 2150 1157 2151 27 2151 1158 2151 1158 2152 27 2152 25 2152 1158 2153 25 2153 1159 2153 1159 2154 25 2154 23 2154 1159 2155 23 2155 1160 2155 1160 2156 23 2156 21 2156 1160 2157 21 2157 1161 2157 1161 2158 21 2158 19 2158 1161 2159 19 2159 1162 2159 1162 2160 19 2160 17 2160 1162 2161 17 2161 1163 2161 1163 2162 17 2162 15 2162 1163 2163 15 2163 1164 2163 1164 2164 15 2164 13 2164 1164 2165 13 2165 1165 2165 1165 2166 13 2166 11 2166 1165 2167 11 2167 1166 2167 1166 2168 11 2168 9 2168 1166 2169 9 2169 1167 2169 1167 2170 9 2170 7 2170 1167 2171 7 2171 1168 2171 1168 2172 7 2172 5 2172 1168 2173 5 2173 1169 2173 1169 2174 5 2174 3 2174 1169 2175 3 2175 1170 2175 1170 2176 3 2176 1 2176 1170 2177 1 2177 1171 2177 1171 2178 1 2178 0 2178 1171 2179 0 2179 1172 2179 1172 2180 0 2180 73 2180 1172 2181 73 2181 1173 2181 1173 2182 73 2182 71 2182 1173 2183 71 2183 1174 2183 1174 2184 71 2184 69 2184 1174 2185 69 2185 1175 2185 1175 2186 69 2186 67 2186 1175 2187 67 2187 1176 2187 1176 2188 67 2188 65 2188 1176 2189 65 2189 1177 2189 1177 2190 65 2190 63 2190 1177 2191 63 2191 1178 2191 1178 2192 63 2192 61 2192 1178 2193 61 2193 1179 2193 1179 2194 61 2194 59 2194 1179 2195 59 2195 1180 2195 1180 2196 59 2196 57 2196 1180 2197 57 2197 1181 2197 1181 2198 57 2198 55 2198 1181 2199 55 2199 1182 2199 1182 2200 55 2200 53 2200 1182 2201 53 2201 1183 2201 1183 2202 53 2202 51 2202 1183 2203 51 2203 1184 2203 1184 2204 51 2204 49 2204 1184 2205 49 2205 1185 2205 1185 2206 49 2206 47 2206 1185 2207 47 2207 1186 2207 1186 2208 47 2208 45 2208 1186 2209 45 2209 1187 2209 1187 2210 45 2210 43 2210 1187 2211 43 2211 1188 2211 1188 2212 43 2212 41 2212 1188 2213 41 2213 1151 2213 1151 2214 41 2214 39 2214 1161 2215 1162 2215 570 2215 570 2216 1162 2216 1163 2216 571 2217 1189 2217 1190 2217 1190 2218 1191 2218 1192 2218 1192 2219 1193 2219 1194 2219 1194 2220 1195 2220 1196 2220 1196 2221 1197 2221 1198 2221 1198 2222 1199 2222 1200 2222 1200 2223 1201 2223 1202 2223 1202 2224 486 2224 571 2224 571 2225 1190 2225 1192 2225 1192 2226 1194 2226 1196 2226 1196 2227 1198 2227 1200 2227 1200 2228 1202 2228 571 2228 571 2229 1192 2229 1196 2229 1196 2230 1200 2230 571 2230 1186 2231 1187 2231 1148 2231 1163 2232 1164 2232 570 2232 570 2233 1164 2233 1165 2233 567 2234 1171 2234 1172 2234 567 2235 1172 2235 1173 2235 1174 2236 1175 2236 567 2236 567 2237 1173 2237 1174 2237 1154 2238 1141 2238 1153 2238 1153 2239 1141 2239 1142 2239 1153 2240 1142 2240 1152 2240 1160 2241 1128 2241 1159 2241 1159 2242 1128 2242 1130 2242 1159 2243 1130 2243 1158 2243 1158 2244 1130 2244 1132 2244 1158 2245 1132 2245 1157 2245 1157 2246 1132 2246 1134 2246 1157 2247 1134 2247 1156 2247 1156 2248 1134 2248 1136 2248 1156 2249 1136 2249 1155 2249 1155 2250 1136 2250 1138 2250 1155 2251 1138 2251 1154 2251 1203 2252 1148 2252 1204 2252 1204 2253 1148 2253 1143 2253 1144 2254 1143 2254 1151 2254 1151 2255 1143 2255 1148 2255 1151 2256 1148 2256 1188 2256 1188 2257 1148 2257 1187 2257 1138 2258 1205 2258 1154 2258 1154 2259 1205 2259 1206 2259 1154 2260 1206 2260 1207 2260 1161 2261 570 2261 1160 2261 1160 2262 570 2262 1110 2262 1160 2263 1110 2263 1106 2263 1207 2264 1208 2264 1154 2264 1154 2265 1208 2265 1209 2265 1154 2266 1209 2266 1141 2266 1106 2267 1105 2267 1160 2267 1160 2268 1105 2268 1126 2268 1160 2269 1126 2269 1128 2269 1170 2270 1171 2270 567 2270 1148 2271 1147 2271 1186 2271 1186 2272 1147 2272 1210 2272 1186 2273 1210 2273 1211 2273 567 2274 1175 2274 1082 2274 1082 2275 1175 2275 1176 2275 1082 2276 1176 2276 1087 2276 1087 2277 1176 2277 1177 2277 1087 2278 1177 2278 1090 2278 1090 2279 1177 2279 1178 2279 1090 2280 1178 2280 1091 2280 1091 2281 1178 2281 1179 2281 1091 2282 1179 2282 1093 2282 1093 2283 1179 2283 1180 2283 1093 2284 1180 2284 1095 2284 1095 2285 1180 2285 1181 2285 1095 2286 1181 2286 1097 2286 1097 2287 1181 2287 1182 2287 1097 2288 1182 2288 1099 2288 1099 2289 1182 2289 1183 2289 1099 2290 1183 2290 1101 2290 1101 2291 1183 2291 1184 2291 1101 2292 1184 2292 1103 2292 1103 2293 1184 2293 1185 2293 1103 2294 1185 2294 1212 2294 1212 2295 1185 2295 1186 2295 1213 2296 1214 2296 1215 2296 1151 2297 1152 2297 1144 2297 1144 2298 1152 2298 1142 2298 1144 2299 1142 2299 1216 2299 1216 2300 1142 2300 1217 2300 1211 2301 1218 2301 1186 2301 1186 2302 1218 2302 1219 2302 1186 2303 1219 2303 1212 2303 1220 2304 1221 2304 1222 2304 1203 2305 1204 2305 1215 2305 1215 2306 1204 2306 1223 2306 1215 2307 1223 2307 1213 2307 1214 2308 1224 2308 1215 2308 1215 2309 1224 2309 1225 2309 1215 2310 1225 2310 1226 2310 1222 2311 1227 2311 1220 2311 1220 2312 1227 2312 1228 2312 1220 2313 1228 2313 1229 2313 1229 2314 1228 2314 1142 2314 1142 2315 1228 2315 1230 2315 1142 2316 1230 2316 1217 2316 1231 2317 1232 2317 1140 2317 1140 2318 1232 2318 1233 2318 1234 2319 1086 2319 1085 2319 1235 2320 1236 2320 1127 2320 1237 2321 1145 2321 1150 2321 1149 2322 1150 2322 1238 2322 1238 2323 1150 2323 1239 2323 1140 2324 1139 2324 1231 2324 1231 2325 1139 2325 1240 2325 1231 2326 1240 2326 1241 2326 1241 2327 1240 2327 1242 2327 1241 2328 1242 2328 1243 2328 1243 2329 1242 2329 1244 2329 1243 2330 1244 2330 1245 2330 1246 2331 1247 2331 1248 2331 1248 2332 1247 2332 1249 2332 1248 2333 1249 2333 1238 2333 1238 2334 1249 2334 1250 2334 1238 2335 1250 2335 1149 2335 1127 2336 1125 2336 1235 2336 1235 2337 1125 2337 1124 2337 1235 2338 1124 2338 1107 2338 1245 2339 1251 2339 1243 2339 1243 2340 1251 2340 1137 2340 1243 2341 1137 2341 1252 2341 1252 2342 1137 2342 1135 2342 1252 2343 1135 2343 1253 2343 1253 2344 1135 2344 1133 2344 1253 2345 1133 2345 1254 2345 1254 2346 1133 2346 1131 2346 1254 2347 1131 2347 1236 2347 1236 2348 1131 2348 1129 2348 1236 2349 1129 2349 1127 2349 1085 2350 1092 2350 1234 2350 1234 2351 1092 2351 1094 2351 1234 2352 1094 2352 1255 2352 1255 2353 1094 2353 1096 2353 1255 2354 1096 2354 1256 2354 1256 2355 1096 2355 1098 2355 1256 2356 1098 2356 1257 2356 1257 2357 1098 2357 1100 2357 1257 2358 1100 2358 1258 2358 1258 2359 1100 2359 1102 2359 1258 2360 1102 2360 1259 2360 1259 2361 1102 2361 1104 2361 1259 2362 1104 2362 1248 2362 1248 2363 1104 2363 1260 2363 1248 2364 1260 2364 1246 2364 1261 2365 1150 2365 1262 2365 1262 2366 1150 2366 1263 2366 1261 2367 1264 2367 1150 2367 1150 2368 1264 2368 1265 2368 1150 2369 1265 2369 1266 2369 1266 2370 1267 2370 1150 2370 1150 2371 1267 2371 1268 2371 1150 2372 1268 2372 1237 2372 1239 2373 1150 2373 1269 2373 1269 2374 1150 2374 1145 2374 1269 2375 1145 2375 1233 2375 1233 2376 1145 2376 1146 2376 1233 2377 1146 2377 1140 2377 1140 2378 1146 2378 1270 2378 1140 2379 1270 2379 1271 2379 1272 2380 1273 2380 1274 2380 1271 2381 1275 2381 1140 2381 1140 2382 1275 2382 1272 2382 1140 2383 1272 2383 1276 2383 1274 2384 1277 2384 1272 2384 1272 2385 1277 2385 1278 2385 1272 2386 1278 2386 1276 2386 1150 2387 1148 2387 1203 2387 1150 2388 1203 2388 1263 2388 1263 2389 1203 2389 1215 2389 1263 2390 1215 2390 1262 2390 1262 2391 1215 2391 1226 2391 1262 2392 1226 2392 1261 2392 1261 2393 1226 2393 1225 2393 1261 2394 1225 2394 1264 2394 1264 2395 1225 2395 1224 2395 1264 2396 1224 2396 1265 2396 1265 2397 1224 2397 1214 2397 1265 2398 1214 2398 1266 2398 1266 2399 1214 2399 1213 2399 1266 2400 1213 2400 1267 2400 1267 2401 1213 2401 1223 2401 1267 2402 1223 2402 1268 2402 1268 2403 1223 2403 1204 2403 1268 2404 1204 2404 1237 2404 1237 2405 1204 2405 1143 2405 1237 2406 1143 2406 1145 2406 1142 2407 1140 2407 1276 2407 1142 2408 1276 2408 1229 2408 1229 2409 1276 2409 1278 2409 1229 2410 1278 2410 1220 2410 1220 2411 1278 2411 1277 2411 1220 2412 1277 2412 1221 2412 1221 2413 1277 2413 1274 2413 1221 2414 1274 2414 1222 2414 1222 2415 1274 2415 1273 2415 1222 2416 1273 2416 1227 2416 1227 2417 1273 2417 1272 2417 1227 2418 1272 2418 1228 2418 1228 2419 1272 2419 1275 2419 1228 2420 1275 2420 1230 2420 1230 2421 1275 2421 1271 2421 1230 2422 1271 2422 1217 2422 1217 2423 1271 2423 1270 2423 1217 2424 1270 2424 1216 2424 1216 2425 1270 2425 1146 2425 1216 2426 1146 2426 1144 2426 569 2427 75 2427 1113 2427 1113 2428 75 2428 1279 2428 1280 2429 1115 2429 1279 2429 1279 2430 1115 2430 1114 2430 1279 2431 1114 2431 1113 2431 1281 2432 1117 2432 1280 2432 1280 2433 1117 2433 1116 2433 1280 2434 1116 2434 1115 2434 1120 2435 1119 2435 1281 2435 1281 2436 1119 2436 1118 2436 1281 2437 1118 2437 1117 2437 1282 2438 1121 2438 1283 2438 1283 2439 1121 2439 1120 2439 1283 2440 1120 2440 1284 2440 1284 2441 1120 2441 1281 2441 1108 2442 1123 2442 1282 2442 1282 2443 1123 2443 1122 2443 1282 2444 1122 2444 1121 2444 1282 2445 1285 2445 1108 2445 1108 2446 1285 2446 1286 2446 1108 2447 1286 2447 1109 2447 1109 2448 1286 2448 1287 2448 1109 2449 1287 2449 1111 2449 1235 2450 1107 2450 1287 2450 1287 2451 1107 2451 1112 2451 1287 2452 1112 2452 1111 2452 1235 2453 1287 2453 1236 2453 1236 2454 1287 2454 1288 2454 1236 2455 1288 2455 1254 2455 1254 2456 1288 2456 1289 2456 1254 2457 1289 2457 1253 2457 1253 2458 1289 2458 1290 2458 1253 2459 1290 2459 1252 2459 1252 2460 1290 2460 1291 2460 1252 2461 1291 2461 1243 2461 1243 2462 1291 2462 1292 2462 1243 2463 1292 2463 1241 2463 1241 2464 1292 2464 1293 2464 1241 2465 1293 2465 1231 2465 1231 2466 1293 2466 1294 2466 1231 2467 1294 2467 1232 2467 1232 2468 1294 2468 1295 2468 1232 2469 1295 2469 1233 2469 1233 2470 1295 2470 1296 2470 1233 2471 1296 2471 1269 2471 1269 2472 1296 2472 1297 2472 1269 2473 1297 2473 1239 2473 1239 2474 1297 2474 1298 2474 1239 2475 1298 2475 1238 2475 1238 2476 1298 2476 1299 2476 1238 2477 1299 2477 1248 2477 1248 2478 1299 2478 1300 2478 1248 2479 1300 2479 1259 2479 1259 2480 1300 2480 1301 2480 1259 2481 1301 2481 1258 2481 1258 2482 1301 2482 1302 2482 1258 2483 1302 2483 1257 2483 1257 2484 1302 2484 1303 2484 1257 2485 1303 2485 1256 2485 1256 2486 1303 2486 1304 2486 1256 2487 1304 2487 1255 2487 1255 2488 1304 2488 1305 2488 1255 2489 1305 2489 1234 2489 1234 2490 1305 2490 1306 2490 1287 2491 1286 2491 1288 2491 1288 2492 1286 2492 1307 2492 1288 2493 1307 2493 1289 2493 1289 2494 1307 2494 1308 2494 1289 2495 1308 2495 1290 2495 1290 2496 1308 2496 1309 2496 1290 2497 1309 2497 1291 2497 1291 2498 1309 2498 1310 2498 1291 2499 1310 2499 1292 2499 1292 2500 1310 2500 1311 2500 1292 2501 1311 2501 1293 2501 1293 2502 1311 2502 1312 2502 1293 2503 1312 2503 1294 2503 1294 2504 1312 2504 1313 2504 1294 2505 1313 2505 1295 2505 1295 2506 1313 2506 1314 2506 1295 2507 1314 2507 1296 2507 1296 2508 1314 2508 1315 2508 1296 2509 1315 2509 1297 2509 1297 2510 1315 2510 1316 2510 1297 2511 1316 2511 1298 2511 1298 2512 1316 2512 1317 2512 1298 2513 1317 2513 1299 2513 1299 2514 1317 2514 1318 2514 1299 2515 1318 2515 1300 2515 1300 2516 1318 2516 1319 2516 1300 2517 1319 2517 1301 2517 1301 2518 1319 2518 1320 2518 1301 2519 1320 2519 1302 2519 1302 2520 1320 2520 1321 2520 1302 2521 1321 2521 1303 2521 1303 2522 1321 2522 1322 2522 1303 2523 1322 2523 1304 2523 1304 2524 1322 2524 1323 2524 1304 2525 1323 2525 1305 2525 1305 2526 1323 2526 1324 2526 1305 2527 1324 2527 1306 2527 1306 2528 1324 2528 1325 2528 1286 2529 1285 2529 1307 2529 1307 2530 1285 2530 1326 2530 1307 2531 1326 2531 1308 2531 1308 2532 1326 2532 1327 2532 1308 2533 1327 2533 1309 2533 1309 2534 1327 2534 1328 2534 1309 2535 1328 2535 1310 2535 1310 2536 1328 2536 1329 2536 1310 2537 1329 2537 1311 2537 1311 2538 1329 2538 1330 2538 1311 2539 1330 2539 1312 2539 1312 2540 1330 2540 1331 2540 1312 2541 1331 2541 1313 2541 1313 2542 1331 2542 1332 2542 1313 2543 1332 2543 1314 2543 1314 2544 1332 2544 1333 2544 1314 2545 1333 2545 1315 2545 1315 2546 1333 2546 1334 2546 1315 2547 1334 2547 1316 2547 1316 2548 1334 2548 1335 2548 1316 2549 1335 2549 1317 2549 1317 2550 1335 2550 1336 2550 1317 2551 1336 2551 1318 2551 1318 2552 1336 2552 1337 2552 1318 2553 1337 2553 1319 2553 1319 2554 1337 2554 1338 2554 1319 2555 1338 2555 1320 2555 1320 2556 1338 2556 1339 2556 1320 2557 1339 2557 1321 2557 1321 2558 1339 2558 1340 2558 1321 2559 1340 2559 1322 2559 1322 2560 1340 2560 1341 2560 1322 2561 1341 2561 1323 2561 1323 2562 1341 2562 1342 2562 1323 2563 1342 2563 1324 2563 1324 2564 1342 2564 1343 2564 1324 2565 1343 2565 1325 2565 1325 2566 1343 2566 1344 2566 1285 2567 1282 2567 1326 2567 1326 2568 1282 2568 1345 2568 1326 2569 1345 2569 1327 2569 1327 2570 1345 2570 1346 2570 1327 2571 1346 2571 1328 2571 1328 2572 1346 2572 1347 2572 1328 2573 1347 2573 1329 2573 1329 2574 1347 2574 1348 2574 1329 2575 1348 2575 1330 2575 1330 2576 1348 2576 1349 2576 1330 2577 1349 2577 1331 2577 1331 2578 1349 2578 1350 2578 1331 2579 1350 2579 1332 2579 1332 2580 1350 2580 1351 2580 1332 2581 1351 2581 1333 2581 1333 2582 1351 2582 1352 2582 1333 2583 1352 2583 1334 2583 1334 2584 1352 2584 1353 2584 1334 2585 1353 2585 1335 2585 1335 2586 1353 2586 1354 2586 1335 2587 1354 2587 1336 2587 1336 2588 1354 2588 1355 2588 1336 2589 1355 2589 1337 2589 1337 2590 1355 2590 1356 2590 1337 2591 1356 2591 1338 2591 1338 2592 1356 2592 1357 2592 1338 2593 1357 2593 1339 2593 1339 2594 1357 2594 1358 2594 1339 2595 1358 2595 1340 2595 1340 2596 1358 2596 1359 2596 1340 2597 1359 2597 1341 2597 1341 2598 1359 2598 1360 2598 1341 2599 1360 2599 1342 2599 1342 2600 1360 2600 1361 2600 1342 2601 1361 2601 1343 2601 1343 2602 1361 2602 1362 2602 1343 2603 1362 2603 1344 2603 1344 2604 1362 2604 1363 2604 1282 2605 1283 2605 1345 2605 1345 2606 1283 2606 1364 2606 1345 2607 1364 2607 1346 2607 1346 2608 1364 2608 1365 2608 1346 2609 1365 2609 1347 2609 1347 2610 1365 2610 1366 2610 1347 2611 1366 2611 1348 2611 1348 2612 1366 2612 1367 2612 1348 2613 1367 2613 1349 2613 1349 2614 1367 2614 1368 2614 1349 2615 1368 2615 1350 2615 1350 2616 1368 2616 1369 2616 1350 2617 1369 2617 1351 2617 1351 2618 1369 2618 1370 2618 1351 2619 1370 2619 1352 2619 1352 2620 1370 2620 1371 2620 1352 2621 1371 2621 1353 2621 1353 2622 1371 2622 1372 2622 1353 2623 1372 2623 1354 2623 1354 2624 1372 2624 1373 2624 1354 2625 1373 2625 1355 2625 1355 2626 1373 2626 1374 2626 1355 2627 1374 2627 1356 2627 1356 2628 1374 2628 1375 2628 1356 2629 1375 2629 1357 2629 1357 2630 1375 2630 1376 2630 1357 2631 1376 2631 1358 2631 1358 2632 1376 2632 1377 2632 1358 2633 1377 2633 1359 2633 1359 2634 1377 2634 1378 2634 1359 2635 1378 2635 1360 2635 1360 2636 1378 2636 1379 2636 1360 2637 1379 2637 1361 2637 1361 2638 1379 2638 1380 2638 1361 2639 1380 2639 1362 2639 1362 2640 1380 2640 1381 2640 1362 2641 1381 2641 1363 2641 1363 2642 1381 2642 1382 2642 1283 2643 1284 2643 1364 2643 1364 2644 1284 2644 1383 2644 1364 2645 1383 2645 1365 2645 1365 2646 1383 2646 1384 2646 1365 2647 1384 2647 1366 2647 1366 2648 1384 2648 1385 2648 1366 2649 1385 2649 1367 2649 1367 2650 1385 2650 1386 2650 1367 2651 1386 2651 1368 2651 1368 2652 1386 2652 1387 2652 1368 2653 1387 2653 1369 2653 1369 2654 1387 2654 1388 2654 1369 2655 1388 2655 1370 2655 1370 2656 1388 2656 1389 2656 1370 2657 1389 2657 1371 2657 1371 2658 1389 2658 1390 2658 1371 2659 1390 2659 1372 2659 1372 2660 1390 2660 1391 2660 1372 2661 1391 2661 1373 2661 1373 2662 1391 2662 1392 2662 1373 2663 1392 2663 1374 2663 1374 2664 1392 2664 1393 2664 1374 2665 1393 2665 1375 2665 1375 2666 1393 2666 1394 2666 1375 2667 1394 2667 1376 2667 1376 2668 1394 2668 1395 2668 1376 2669 1395 2669 1377 2669 1377 2670 1395 2670 1396 2670 1377 2671 1396 2671 1378 2671 1378 2672 1396 2672 1397 2672 1378 2673 1397 2673 1379 2673 1379 2674 1397 2674 1398 2674 1379 2675 1398 2675 1380 2675 1380 2676 1398 2676 1399 2676 1380 2677 1399 2677 1381 2677 1381 2678 1399 2678 1400 2678 1381 2679 1400 2679 1382 2679 1382 2680 1400 2680 1401 2680 1284 2681 1281 2681 1383 2681 1383 2682 1281 2682 1402 2682 1383 2683 1402 2683 1384 2683 1384 2684 1402 2684 1403 2684 1384 2685 1403 2685 1385 2685 1385 2686 1403 2686 1404 2686 1385 2687 1404 2687 1386 2687 1386 2688 1404 2688 1405 2688 1386 2689 1405 2689 1387 2689 1387 2690 1405 2690 1406 2690 1387 2691 1406 2691 1388 2691 1388 2692 1406 2692 1407 2692 1388 2693 1407 2693 1389 2693 1389 2694 1407 2694 1408 2694 1389 2695 1408 2695 1390 2695 1390 2696 1408 2696 1409 2696 1390 2697 1409 2697 1391 2697 1391 2698 1409 2698 1410 2698 1391 2699 1410 2699 1392 2699 1392 2700 1410 2700 1411 2700 1392 2701 1411 2701 1393 2701 1393 2702 1411 2702 1412 2702 1393 2703 1412 2703 1394 2703 1394 2704 1412 2704 1413 2704 1394 2705 1413 2705 1395 2705 1395 2706 1413 2706 1414 2706 1395 2707 1414 2707 1396 2707 1396 2708 1414 2708 1415 2708 1396 2709 1415 2709 1397 2709 1397 2710 1415 2710 1416 2710 1397 2711 1416 2711 1398 2711 1398 2712 1416 2712 1417 2712 1398 2713 1417 2713 1399 2713 1399 2714 1417 2714 1418 2714 1399 2715 1418 2715 1400 2715 1400 2716 1418 2716 1419 2716 1400 2717 1419 2717 1401 2717 1401 2718 1419 2718 1420 2718 1281 2719 1280 2719 1402 2719 1402 2720 1280 2720 1421 2720 1402 2721 1421 2721 1403 2721 1403 2722 1421 2722 1422 2722 1403 2723 1422 2723 1404 2723 1404 2724 1422 2724 1423 2724 1404 2725 1423 2725 1405 2725 1405 2726 1423 2726 1424 2726 1405 2727 1424 2727 1406 2727 1406 2728 1424 2728 1425 2728 1406 2729 1425 2729 1407 2729 1407 2730 1425 2730 1426 2730 1407 2731 1426 2731 1408 2731 1408 2732 1426 2732 1427 2732 1408 2733 1427 2733 1409 2733 1409 2734 1427 2734 1428 2734 1409 2735 1428 2735 1410 2735 1410 2736 1428 2736 1429 2736 1410 2737 1429 2737 1411 2737 1411 2738 1429 2738 1430 2738 1411 2739 1430 2739 1412 2739 1412 2740 1430 2740 1431 2740 1412 2741 1431 2741 1413 2741 1413 2742 1431 2742 1432 2742 1413 2743 1432 2743 1414 2743 1414 2744 1432 2744 1433 2744 1414 2745 1433 2745 1415 2745 1415 2746 1433 2746 1434 2746 1415 2747 1434 2747 1416 2747 1416 2748 1434 2748 1435 2748 1416 2749 1435 2749 1417 2749 1417 2750 1435 2750 1436 2750 1417 2751 1436 2751 1418 2751 1418 2752 1436 2752 1437 2752 1418 2753 1437 2753 1419 2753 1419 2754 1437 2754 1438 2754 1419 2755 1438 2755 1420 2755 1420 2756 1438 2756 1439 2756 1280 2757 1279 2757 1421 2757 1421 2758 1279 2758 1440 2758 1421 2759 1440 2759 1422 2759 1422 2760 1440 2760 1441 2760 1422 2761 1441 2761 1423 2761 1423 2762 1441 2762 1442 2762 1423 2763 1442 2763 1424 2763 1424 2764 1442 2764 1443 2764 1424 2765 1443 2765 1425 2765 1425 2766 1443 2766 1444 2766 1425 2767 1444 2767 1426 2767 1426 2768 1444 2768 1445 2768 1426 2769 1445 2769 1427 2769 1427 2770 1445 2770 1446 2770 1427 2771 1446 2771 1428 2771 1428 2772 1446 2772 1447 2772 1428 2773 1447 2773 1429 2773 1429 2774 1447 2774 1448 2774 1429 2775 1448 2775 1430 2775 1430 2776 1448 2776 1449 2776 1430 2777 1449 2777 1431 2777 1431 2778 1449 2778 1450 2778 1431 2779 1450 2779 1432 2779 1432 2780 1450 2780 1451 2780 1432 2781 1451 2781 1433 2781 1433 2782 1451 2782 1452 2782 1433 2783 1452 2783 1434 2783 1434 2784 1452 2784 1453 2784 1434 2785 1453 2785 1435 2785 1435 2786 1453 2786 1454 2786 1435 2787 1454 2787 1436 2787 1436 2788 1454 2788 1455 2788 1436 2789 1455 2789 1437 2789 1437 2790 1455 2790 1456 2790 1437 2791 1456 2791 1438 2791 1438 2792 1456 2792 1457 2792 1438 2793 1457 2793 1439 2793 1439 2794 1457 2794 1458 2794 1279 2795 75 2795 1440 2795 1440 2796 75 2796 78 2796 1440 2797 78 2797 1441 2797 1441 2798 78 2798 80 2798 1441 2799 80 2799 1442 2799 1442 2800 80 2800 82 2800 1442 2801 82 2801 1443 2801 1443 2802 82 2802 84 2802 1443 2803 84 2803 1444 2803 1444 2804 84 2804 86 2804 1444 2805 86 2805 1445 2805 1445 2806 86 2806 88 2806 1445 2807 88 2807 1446 2807 1446 2808 88 2808 90 2808 1446 2809 90 2809 1447 2809 1447 2810 90 2810 92 2810 1447 2811 92 2811 1448 2811 1448 2812 92 2812 94 2812 1448 2813 94 2813 1449 2813 1449 2814 94 2814 96 2814 1449 2815 96 2815 1450 2815 1450 2816 96 2816 98 2816 1450 2817 98 2817 1451 2817 1451 2818 98 2818 100 2818 1451 2819 100 2819 1452 2819 1452 2820 100 2820 102 2820 1452 2821 102 2821 1453 2821 1453 2822 102 2822 104 2822 1453 2823 104 2823 1454 2823 1454 2824 104 2824 106 2824 1454 2825 106 2825 1455 2825 1455 2826 106 2826 108 2826 1455 2827 108 2827 1456 2827 1456 2828 108 2828 110 2828 1456 2829 110 2829 1457 2829 1457 2830 110 2830 112 2830 1457 2831 112 2831 1458 2831 1458 2832 112 2832 114 2832 1086 2833 1234 2833 1088 2833 1088 2834 1234 2834 1306 2834 1088 2835 1306 2835 1089 2835 1089 2836 1306 2836 1325 2836 1089 2837 1325 2837 1080 2837 1080 2838 1325 2838 1344 2838 1080 2839 1344 2839 1081 2839 1081 2840 1344 2840 1083 2840 1083 2841 1344 2841 1363 2841 1083 2842 1363 2842 1084 2842 1084 2843 1363 2843 1382 2843 1084 2844 1382 2844 1072 2844 1072 2845 1382 2845 1401 2845 1072 2846 1401 2846 1073 2846 1073 2847 1401 2847 1078 2847 1078 2848 1401 2848 1420 2848 1078 2849 1420 2849 1079 2849 1079 2850 1420 2850 1075 2850 1075 2851 1420 2851 1439 2851 1075 2852 1439 2852 1076 2852 1076 2853 1439 2853 1077 2853 1077 2854 1439 2854 1458 2854 1077 2855 1458 2855 1074 2855 1074 2856 1458 2856 1071 2856 1071 2857 1458 2857 114 2857 1071 2858 114 2858 564 2858 1147 2859 1149 2859 1210 2859 1210 2860 1149 2860 1250 2860 1210 2861 1250 2861 1211 2861 1211 2862 1250 2862 1249 2862 1211 2863 1249 2863 1218 2863 1218 2864 1249 2864 1247 2864 1218 2865 1247 2865 1219 2865 1219 2866 1247 2866 1246 2866 1219 2867 1246 2867 1212 2867 1212 2868 1246 2868 1260 2868 1212 2869 1260 2869 1103 2869 1103 2870 1260 2870 1104 2870 1138 2871 1137 2871 1205 2871 1205 2872 1137 2872 1251 2872 1205 2873 1251 2873 1206 2873 1206 2874 1251 2874 1245 2874 1206 2875 1245 2875 1207 2875 1207 2876 1245 2876 1244 2876 1207 2877 1244 2877 1208 2877 1208 2878 1244 2878 1242 2878 1208 2879 1242 2879 1209 2879 1209 2880 1242 2880 1240 2880 1209 2881 1240 2881 1141 2881 1141 2882 1240 2882 1139 2882 567 2883 523 2883 537 2883 537 2884 1189 2884 571 2884 571 2885 570 2885 1165 2885 571 2886 1165 2886 1166 2886 567 2887 537 2887 571 2887 1170 2888 567 2888 571 2888 571 2889 1166 2889 1167 2889 571 2890 1167 2890 1168 2890 1169 2891 1170 2891 571 2891 571 2892 1168 2892 1169 2892 1196 2893 530 2893 529 2893 1196 2894 529 2894 1197 2894 1197 2895 529 2895 528 2895 1197 2896 528 2896 1198 2896 1198 2897 528 2897 527 2897 1198 2898 527 2898 1199 2898 1199 2899 527 2899 526 2899 1199 2900 526 2900 1200 2900 1200 2901 526 2901 525 2901 1200 2902 525 2902 1201 2902 1201 2903 525 2903 524 2903 1201 2904 524 2904 1202 2904 1189 2905 537 2905 536 2905 1189 2906 536 2906 1190 2906 1190 2907 536 2907 535 2907 1190 2908 535 2908 1191 2908 1191 2909 535 2909 534 2909 1191 2910 534 2910 1192 2910 1192 2911 534 2911 533 2911 1192 2912 533 2912 1193 2912 1193 2913 533 2913 532 2913 1193 2914 532 2914 1194 2914 1194 2915 532 2915 531 2915 1194 2916 531 2916 1195 2916 1195 2917 531 2917 530 2917 1195 2918 530 2918 1196 2918 486 2919 1202 2919 524 2919 524 2920 472 2920 522 2920 524 2921 522 2921 486 2921</p>
        </triangles>
      </mesh>
    </geometry>
  </library_geometries>
  <library_visual_scenes>
    <visual_scene id="Scene" name="Scene">
      <node id="rudder" name="rudder" type="NODE">
        <matrix sid="transform">0.02 0 0 0 0 0.02 0 0 0 0 0.02 0 0 0 0 1</matrix>
        <instance_geometry url="#rudder_001-mesh" name="rudder"/>
      </node>
    </visual_scene>
  </library_visual_scenes>
  <scene>
    <instance_visual_scene url="#Scene"/>
  </scene>
</COLLADA>