<?xml version="1.0" encoding="utf-8"?>
<COLLADA xmlns="http://www.collada.org/2005/11/COLLADASchema" version="1.4.1" xmlns:xsi="http://www.w3.org/2001/XMLSchema-instance">
  <asset>
    <contributor>
      <author>Blender User</author>
      <authoring_tool>Blender 4.5.3 LTS commit date:2025-09-08, commit time:12:46, hash:67807e1800cc</authoring_tool>
    </contributor>
    <created>2025-09-30T10:20:07</created>
    <modified>2025-09-30T10:20:07</modified>
    <unit name="meter" meter="1"/>
    <up_axis>Z_UP</up_axis>
  </asset>
  <library_images/>
  <library_geometries>
    <geometry id="Sail_001-mesh" name="Sail.001">
      <mesh>
        <source id="Sail_001-mesh-positions">
          <float_array id="Sail_001-mesh-positions-array" count="8406">-0.390739 52.14981 195.9543 -0.134398 51.09539 201.7499 -0.4332376 50.42954 205.0257 -0.4414487 50.09282 206.6506 -0.884728 50.81262 203.4433 -0.9575992 50.17061 206.662 -1.289804 51.27455 201.9073 -1.372637 51.37067 201.7887 -1.638646 51.77957 200.5119 -1.435824 50.37731 206.6961 -1.843543 50.69884 206.7507 -0.352921 53.6356 186.7086 -0.08532476 53.05307 190.5237 -0.111773 52.00715 196.8086 0.2054276 52.07568 196.8196 0.1827998 51.16378 201.7621 0.5076814 52.19424 196.8378 0.4850411 51.28204 201.7822 0.7880597 52.35811 196.8624 0.765408 51.44551 201.8094 1.039649 52.56264 196.8927 1.01699 51.64956 201.8429 1.255517 52.8031 196.9281 1.232841 51.88946 201.882 1.428754 53.07487 196.9678 1.406053 52.16057 201.9259 1.551907 53.37252 197.011 1.529196 52.45754 201.9737 1.616577 53.68393 197.056 1.593846 52.76823 202.0235 1.624752 54.00058 197.1015 1.601992 53.08413 202.0739 1.58037 54.31551 197.1466 1.557599 53.39836 202.1237 1.487395 54.62184 197.1903 1.464608 53.70398 202.172 1.349773 54.91263 197.2315 1.326967 53.99409 202.2177 1.171448 55.18091 197.2694 1.148633 54.26177 202.2596 0.9563804 55.41979 197.3029 0.9335466 54.50012 202.2967 0.7085061 55.62232 197.3311 0.6856608 54.70218 202.3279 0.4317879 55.78157 197.3529 0.4089264 54.86108 202.3521 0.130156 55.89062 197.3675 0.1072916 54.96989 202.3682 -0.1897903 55.94249 197.3737 -0.2126584 55.02166 202.3751 -0.5108342 55.93495 197.3715 -0.5336976 55.01415 202.3726 -0.8252406 55.87267 197.3613 -0.8480973 54.95204 202.3614 -1.126768 55.76073 197.3441 -1.149613 54.84037 202.3424 -1.409184 55.60419 197.3206 -1.432025 54.6842 202.3164 -1.666275 55.40812 197.2914 -1.689104 54.48859 202.2842 -1.891795 55.1776 197.2575 -1.914605 54.25861 202.2466 -2.079521 54.91766 197.2194 -2.102317 53.99931 202.2046 -2.223215 54.63344 197.178 -2.246001 53.71573 202.1588 -2.316654 54.32995 197.1341 -2.339416 53.41296 202.1102 -2.355463 53.93822 197.5093 -2.37635 53.09603 202.0596 -0.06114721 53.98682 184.184 -0.3196054 54.89495 177.2437 -0.03915262 54.81295 177.7914 -0.01923894 55.536 171.3481 0.2979788 55.60512 171.3539 0.3159031 56.2297 164.8608 0.6181836 56.34934 164.8682 0.3319296 56.76052 158.318 0.6342216 56.88038 158.3217 0.3461327 57.20135 151.7378 0.6484161 57.32113 151.7415 0.6609035 57.6773 145.114 0.9413343 57.8429 145.1167 0.9511867 58.09481 139.1098 1.20285 58.30149 139.1107 1.211449 58.49142 133.0708 1.427403 58.73442 133.0692 1.434813 58.86566 126.998 1.608134 59.14019 126.9936 1.614429 59.21604 120.8927 1.73769 59.51669 120.8852 1.743955 59.54299 113.5002 1.808727 59.85742 113.4893 1.813698 59.81985 106.0708 1.821979 60.13947 106.057 1.825714 60.0413 98.60713 1.781445 60.3591 98.59087 1.784029 60.20367 91.11165 1.691155 60.51264 91.09365 1.692703 60.28993 83.16285 1.555179 60.58309 83.14376 1.555593 60.30409 75.18489 1.377359 60.57445 75.16561 1.376706 60.24311 67.18103 1.161709 60.48372 67.16255 1.160083 60.10396 59.15431 0.9122689 60.30786 59.13765 0.9097412 59.8836 51.108 0.6330628 60.04386 51.0942 0.6297109 59.57907 43.04516 0.3281166 59.68874 43.03536 0.3240215 59.18739 34.96892 0.004081904 59.23951 34.96428 -0.1743895 58.71378 26.88185 -0.6836528 58.64592 26.88937 -0.290587 55.93592 167.515 -0.001313686 56.16051 164.8563 0.01470321 56.69114 158.3165 0.0289101 57.13207 151.7355 0.3586134 57.55747 145.112 0.6707549 57.92919 139.109 0.9597955 58.28476 133.072 1.218855 58.62268 127.0019 1.441098 58.94153 120.8995 1.620689 59.24243 113.5106 1.74893 59.50552 106.0844 1.817436 59.72179 98.62351 1.828301 59.88599 91.13021 1.785577 59.98109 83.18299 1.693118 60.01106 75.20582 1.554938 59.97286 67.20182 1.37508 59.86346 59.17405 1.15755 59.67979 51.12563 0.9063885 59.41889 43.05966 0.6256182 59.07778 34.97918 -0.2776208 56.37702 162.5377 -0.2656598 56.76654 157.4776 -0.2546764 57.10548 152.3291 -0.2446456 57.39484 147.0866 0.04138892 57.48817 145.1106 -0.2355294 57.63566 141.7445 0.05124133 57.74005 139.1078 -0.2273202 57.82891 136.2973 0.05984443 57.93 133.0739 -0.2199864 57.97562 130.7392 0.0672459 58.06132 127.0106 -0.2134967 58.07678 125.0648 0.07353442 58.13737 120.9194 -0.2078438 58.13337 119.2685 0.07980531 58.16407 113.5478 -0.2030311 58.14493 113.3663 0.08477538 58.12702 106.1443 -0.1959038 58.03853 101.3312 0.08851474 58.02955 98.71063 -0.1918311 57.77633 89.0861 0.09110397 57.87499 91.24847 0.09266084 57.65336 83.33618 0.4098849 57.72252 83.33146 0.4103069 57.44476 75.39082 0.7125974 57.56428 75.38204 0.7119665 57.23429 67.41482 0.9923978 57.39941 67.4018 0.9907863 57.02103 59.40993 1.242439 57.227 59.39263 1.239924 56.80415 51.37807 1.45587 57.04621 51.35659 1.45253 56.58278 43.32127 1.625845 56.85618 43.29581 1.621768 56.35609 35.24167 1.745023 56.65542 35.21251 1.782674 56.27368 27.12615 1.833624 56.78237 27.07461 -0.1904726 57.37858 76.74785 0.09308284 57.37563 75.39598 0.4096703 57.1148 67.42435 0.7103503 56.85598 59.42387 0.988271 56.59827 51.39641 1.236582 56.34083 43.3439 1.44845 56.08281 35.26836 0.09244865 57.04572 67.42997 -0.1915197 56.86554 64.43341 0.09084051 56.66751 59.44007 -0.1946318 56.2574 52.25968 0.08832377 56.24491 51.42835 0.08499068 55.78185 43.39689 0.4022142 55.85085 43.39014 0.3981406 55.35119 35.34053 0.7004275 55.47044 35.32861 0.8741255 55.09529 28.31622 1.054114 55.20328 28.0823 -0.1994968 55.5744 40.34365 0.08092015 55.28224 35.34761 0.6529473 54.99224 28.51439 -0.2024794 55.21118 34.51878 0.1034271 54.85217 28.76771 0.3933235 54.90697 28.66862 -0.2057717 54.83684 28.80219 0.9808595 55.63527 35.31229 1.190243 55.30037 27.8179 1.277626 55.36661 27.52631 1.232512 55.84096 35.29206 1.300126 55.38021 27.37317 1.306862 55.37707 27.21748 1.603139 55.79471 27.17483 1.752618 57.2872 27.02364 1.81805 57.28698 35.15124 1.809779 56.96857 35.18209 1.7491 57.15565 43.26797 1.629191 57.31976 51.33239 1.45839 57.46919 59.37236 1.244053 57.60548 67.38562 0.9930334 57.7295 75.36998 0.7121782 57.8421 83.32348 0.4083256 57.94418 91.24429 1.773765 57.60368 35.1206 1.545017 57.75485 26.97661 1.680882 57.9117 35.09088 1.543347 58.20409 35.06272 1.684969 58.4125 43.15182 1.547435 58.705 43.12493 1.688318 58.87676 51.19559 1.550784 59.16939 51.17005 1.690849 59.30056 59.22039 1.553315 59.59333 59.19626 1.692471 59.67996 67.22441 1.224514 58.15447 26.93659 1.365108 58.47385 35.03679 1.369195 58.97488 43.10019 1.372549 59.43941 51.14651 0.8122561 58.45966 26.90626 1.150111 58.71404 35.01378 1.154195 59.21517 43.07822 0.9022918 58.91766 34.99436 0.335468 58.65029 26.8876 -1.158723 58.45121 26.9097 -0.6313915 59.16924 34.97185 -0.316967 59.2319 34.96541 0.008178174 59.74087 43.0309 0.3314752 60.15356 51.08488 0.6355987 60.46817 59.12462 0.9139023 60.68771 67.14694 1.162362 60.81517 75.14852 1.376946 60.85356 83.12617 1.553628 60.80591 91.07657 1.688577 60.66818 98.57508 1.777702 60.45735 106.0432 1.817001 60.17713 113.4782 1.80246 59.8312 120.8773 1.731399 59.4409 126.9887 1.600726 59.00899 133.0674 1.418793 58.54448 139.1117 1.192989 58.04955 145.12 0.9288411 57.48669 151.7465 0.9146485 57.04598 158.3273 0.8986077 56.51468 164.8781 0.6002507 55.72462 171.3632 0.2780594 54.88196 177.7984 -0.9329498 59.05664 34.98313 -1.568235 58.14249 26.94148 -1.215419 58.89918 34.99874 -1.472566 58.702 35.01815 -1.211328 59.40039 43.06376 -1.468478 59.20311 43.08231 -1.207971 59.86508 51.11181 -1.465121 59.6677 51.12941 -1.205434 60.2893 59.14116 -1.462592 60.09183 59.15776 -1.203808 60.66912 67.15012 -1.460966 60.47156 67.16564 -1.203161 61.00063 75.13689 -1.460307 60.80298 75.15122 -1.203569 61.27989 83.09977 -1.460722 61.08216 83.11285 -1.205116 61.50298 91.03702 -1.462269 61.30516 91.04869 -1.207698 61.65885 98.52518 -1.464848 61.46096 98.53537 -1.211434 61.75753 105.9873 -1.468593 61.55957 105.9959 -1.21641 61.79567 113.4221 -1.473565 61.59765 113.4289 -1.222684 61.76995 120.8279 -1.479834 61.57189 120.8328 -1.228979 61.69456 126.9505 -1.486141 61.49645 126.9536 -1.23641 61.56363 133.048 -1.493559 61.3655 133.0492 -1.245033 61.37376 139.1191 -1.50219 61.17561 139.1182 -1.254926 61.12154 145.1618 -1.512074 60.92341 145.1587 -1.267465 60.76441 151.8342 -1.524617 60.56634 151.8283 -1.538784 60.12688 158.4148 -1.764359 59.89429 158.4029 -1.780566 59.35809 165.034 -1.96836 59.09589 165.0188 -1.798594 58.73036 171.5755 -1.986376 58.46842 171.5561 -1.818629 58.0031 178.0708 -2.006406 57.74151 178.047 -1.840793 57.17164 184.5178 -2.028549 56.91051 184.4894 -1.865135 56.23137 190.914 -2.052883 55.97079 190.8809 -1.885157 57.74015 26.98259 -1.698162 58.47015 35.0409 -1.694071 58.97116 43.104 -1.690719 59.43565 51.15003 -1.689108 59.9346 59.94478 -1.602259 60.2933 65.49648 -2.088582 57.27072 27.03036 -1.885964 58.20877 35.06646 -1.881878 58.70966 43.12839 -1.878525 59.17402 51.1732 -1.827584 59.48287 54.68484 -1.903412 59.23091 52.28177 -1.977304 58.96208 50.02487 -2.025663 58.42369 43.155 -2.029745 57.92293 35.09433 -2.123281 57.61775 35.124 -2.165074 56.7652 27.0816 -2.160329 57.29831 35.15501 -2.117146 56.28935 27.12969 -2.145869 57.03677 35.18033 -2.093616 56.78165 35.20498 -2.108756 57.09387 39.69108 -2.037937 56.7829 38.58328 -1.933799 56.4865 37.64331 -1.887918 56.30306 35.2511 -1.753129 56.08187 35.74721 -1.692378 55.43896 27.21516 -1.681688 55.43972 27.40966 -1.956485 55.83859 27.17508 -1.648006 55.41438 27.59882 -1.535543 55.69688 33.54157 -1.593574 55.36886 27.77967 -1.520441 55.30942 27.95025 -1.296024 55.33996 31.07803 -1.323406 55.17019 28.25621 -1.060681 55.02913 28.5102 -2.147836 57.41636 40.98773 -2.156751 57.74736 42.49422 -2.139541 58.06119 44.10866 -2.119196 58.11837 43.18334 -2.100313 58.3754 45.9338 -2.044517 58.67678 47.91018 -1.754566 59.71759 57.23801 -1.581373 60.55617 71.07312 -1.687189 60.85519 82.28305 -1.687867 61.0726 91.06239 -1.867423 60.91763 93.5166 -1.878262 60.96601 98.56084 -1.690454 61.2283 98.54735 -1.694189 61.32684 106.006 -2.027729 60.79265 104.8489 -1.881998 61.06446 106.0174 -1.699165 61.36484 113.4369 -2.025796 60.77753 106.0298 -2.130451 60.50576 116.3531 -2.030772 60.81536 113.4559 -2.037042 60.78938 120.8523 -1.893252 61.07647 120.8451 -1.899546 61.00095 126.9615 -1.711737 61.26354 126.9573 -1.719157 61.13257 133.0507 -2.130585 60.48286 120.86 -2.175 60.0707 127.9287 -2.136879 60.40723 126.9712 -2.144301 60.27615 133.0563 -2.050757 60.58277 133.0543 -2.059384 60.39286 139.115 -1.915597 60.68004 139.1161 -1.925473 60.42789 145.1511 -1.737668 60.69049 145.1551 -1.750201 60.3335 151.8216 -2.181357 59.95522 133.0585 -2.18845 59.80294 138.1563 -2.152916 60.08625 139.1139 -2.18997 59.76532 139.1128 -2.162796 59.83414 145.1422 -2.199846 59.51324 145.1375 -2.205482 59.35874 148.3008 -2.175311 59.4774 151.7974 -2.212355 59.15659 151.7884 -2.226408 58.72233 158.3546 -2.242668 58.18262 164.9665 -2.205638 58.50304 164.9848 -2.189453 59.03899 158.3611 -2.081786 59.7839 151.8059 -2.069261 60.14074 145.1468 -2.260654 57.55609 171.4894 -2.223634 57.87619 171.5126 -2.251552 57.87788 168.31 -2.302743 56.00096 184.3917 -2.265761 56.32007 184.4258 -2.281229 56.80958 178.1593 -2.243647 57.15008 177.9937 -2.280651 56.83042 177.9652 -2.327031 55.06312 190.7668 -2.290058 55.38158 190.8066 -2.315761 55.50163 187.895 -2.400645 52.10356 206.9947 -2.32206 52.61189 207.0842 -2.112569 53.08277 207.1677 -1.786443 53.4841 207.2396 -1.3659 53.78855 207.2948 -0.8796105 53.97536 207.3298 -0.3607097 54.03179 207.3419 0.1554427 53.95401 207.3306 0.6336703 53.7473 207.2964 1.041374 53.42576 207.2418 1.350786 53.01131 207.1704 1.540807 52.53218 207.0872 1.598488 52.02103 206.9978 1.519907 51.51269 206.9083 1.31042 51.04182 206.8247 0.9842887 50.64049 206.7529 0.5637393 50.33604 206.6977 0.0774483 50.14924 206.6628 -2.152941 51.11328 206.8221 -2.103586 52.10853 201.9033 -1.921447 52.29191 199.3512 -1.783168 51.69608 201.8389 -2.309453 52.5834 201.9781 -2.342967 51.5924 206.9053 -2.361794 52.83655 202.0182 -2.353609 54.0123 197.0883 -2.339072 53.75221 197.051 -2.288241 55.73968 184.364 -2.312516 54.80238 190.7343 -2.266158 56.5687 177.9419 -2.228203 57.92028 164.9517 -2.246174 57.29402 171.4704 -2.197905 58.89392 151.7812 -2.212082 58.45397 158.3619 -2.185395 59.25051 145.1338 -2.179523 59.61548 137.2652 -2.172411 59.0719 146.4659 -2.168142 58.41642 155.7767 -2.175932 57.66438 164.9373 -2.175639 57.64186 165.0425 -2.193902 57.03837 171.452 -2.201054 56.71913 174.2731 -2.213878 56.31338 177.9193 -2.234086 55.58546 183.494 -2.235944 55.4848 184.337 -2.246938 54.8491 188.393 -2.260199 54.54803 190.7028 -2.242317 54.42741 190.8357 -2.224455 53.97315 193.1778 -2.286745 53.49848 197.0147 -2.188425 53.49727 195.313 -2.161344 53.26986 196.2217 -2.127673 53.05262 197.0239 -2.0394 52.65001 198.3455 0.2318739 53.12179 190.5333 0.2560601 54.0557 184.1922 0.5341392 53.24066 190.5492 0.5583291 54.17483 184.2058 0.580339 55.00131 177.8098 0.8145261 53.40495 190.5706 0.8387256 54.33948 184.2242 0.8607459 55.16624 177.8252 0.8806701 55.88979 171.3758 1.066128 53.61001 190.597 1.090346 54.54497 184.2468 1.11237 55.37208 177.8442 1.132301 56.09591 171.3913 1.150246 56.72101 164.8903 1.282017 53.8511 190.6278 1.306234 54.78656 184.2732 1.328282 55.6141 177.8663 1.348228 56.33826 171.4093 1.366176 56.96361 164.9045 1.166298 57.25261 158.3344 1.45527 54.12354 190.6623 1.479501 55.05957 184.3028 1.501567 55.88759 177.8911 1.521522 56.61212 171.4296 1.539477 57.23775 164.9203 1.382243 57.49552 158.3431 1.180493 57.69328 151.7525 1.578449 54.42194 190.7 1.602699 55.35861 184.335 1.624776 56.18713 177.9181 1.644742 56.91206 171.4516 1.662717 57.53801 164.9376 1.555552 57.77 158.353 1.396437 57.93618 151.7595 1.408929 58.29252 145.1238 1.643134 54.73413 190.7391 1.667404 55.67146 184.3685 1.689495 56.50049 177.9461 1.709478 57.22585 171.4745 1.72746 57.85212 164.9555 1.678801 58.07062 158.3639 1.569749 58.21066 151.7673 1.582252 58.56708 145.1279 1.592112 58.81905 139.1128 1.651326 55.05157 190.7787 1.675617 55.98954 184.4024 1.697722 56.81913 177.9745 1.717719 57.54492 171.4976 1.735705 58.17151 164.9736 1.751818 58.70485 158.3868 1.743556 58.38509 158.3752 1.757753 58.82577 151.7846 1.693001 58.51128 151.7758 1.770268 59.18237 145.137 1.705501 58.86779 145.1324 1.780134 59.43441 139.115 1.715369 59.11979 139.1139 1.78875 59.62433 133.0633 1.723983 59.30972 133.0655 1.796164 59.75546 126.9836 1.606971 55.36731 190.8179 1.631281 56.30594 184.4359 1.653393 57.13605 178.0027 1.673407 57.86227 171.5205 1.691401 58.48918 164.9916 1.707524 59.02288 158.3981 1.766018 59.14555 151.7935 1.778535 59.50223 145.1417 1.788404 59.7543 139.1161 1.79702 59.94421 133.0611 1.80444 60.07532 126.9783 1.810734 60.15099 120.8693 1.514015 55.6744 190.8559 1.538338 56.61367 184.4684 1.560471 57.44429 178.0299 1.5805 58.17092 171.5426 1.598505 58.79813 165.0089 1.614638 59.33221 158.409 1.721728 59.4636 151.8022 1.73426 59.82038 145.1462 1.744129 60.07248 139.1172 1.752753 60.26239 133.0589 1.760168 60.39346 126.9731 1.766463 60.46907 120.8613 1.772731 60.49512 113.4672 1.376407 55.9659 190.8918 1.400754 56.90576 184.4991 1.422898 57.73688 178.0556 1.442938 58.46389 171.5635 1.460952 59.0914 165.0252 1.477103 59.62583 158.4192 1.628847 59.77295 151.8106 1.641375 60.12981 145.1506 1.651252 60.38193 139.1181 1.659869 60.57182 133.0567 1.667298 60.70287 126.968 1.67359 60.77843 120.8535 1.67986 60.8044 113.4565 1.68483 60.76653 106.0299 1.198114 56.23485 190.9247 1.222465 57.17527 184.5272 1.244624 58.00684 178.0791 1.26467 58.73419 171.5827 1.282698 59.36199 165.0402 1.298856 59.89674 158.4283 1.491311 60.06656 151.8186 1.503842 60.42351 145.1547 1.51372 60.67566 139.119 1.522342 60.86555 133.0546 1.529766 60.99656 126.9631 1.536063 61.07207 120.8461 1.542334 61.09796 113.4464 1.547307 61.06002 106.0172 1.551047 60.96155 98.5601 0.9830575 56.47432 190.9539 1.007426 57.41523 184.5521 1.029588 58.24719 178.1 1.049653 58.97486 171.5997 1.067684 59.60289 165.0534 1.083849 60.13795 158.4362 1.313063 60.33747 151.8258 1.3256 60.6945 145.1584 1.335483 60.94668 139.1198 1.344106 61.13656 133.0526 1.351535 61.26754 126.9586 1.357831 61.343 120.8393 1.364099 61.36881 113.437 1.369075 61.33079 106.0055 1.372813 61.23223 98.5463 1.375395 61.07649 91.06084 0.7351947 56.67733 190.9783 0.7595697 57.61865 184.5731 0.7817569 58.45096 178.1175 0.8018193 59.1789 171.6139 0.8198609 59.80714 165.0645 0.8360438 60.34248 158.4424 1.098062 60.57867 151.8322 1.110597 60.93575 145.1617 1.120486 61.18796 139.1204 1.129115 61.37784 133.0508 1.136541 61.50879 126.9545 1.142841 61.58421 120.8332 1.149108 61.60996 113.4286 1.154084 61.57186 105.9951 1.157823 61.47323 98.53401 1.160402 61.31741 91.04685 1.161957 61.09438 83.11053 0.4584822 56.83698 190.9973 0.4828658 57.77862 184.5893 0.5050559 58.61117 178.131 0.5251308 59.33934 171.6249 0.5431752 59.96771 165.0731 0.5593619 60.50331 158.4468 0.8502498 60.78316 151.8375 0.8627868 61.14029 145.1644 0.8726764 61.39251 139.1209 0.8813024 61.58238 133.0492 0.8887382 61.71332 126.9511 0.8950334 61.78871 120.828 0.9013023 61.8144 113.4215 0.9062762 61.77624 105.9862 0.9100156 61.67755 98.52362 0.912601 61.52165 91.03502 0.9141455 61.29853 83.09734 0.9145556 61.01924 75.13405 0.1568589 56.94628 191.0099 0.1812577 57.88814 184.6 0.2034478 58.72087 178.14 0.2235264 59.44915 171.6321 0.2415738 60.07765 165.0787 0.2577681 60.61346 158.4491 0.5735688 60.94393 151.8416 0.5861116 61.3011 145.1664 0.5960069 61.55335 139.1212 0.604631 61.74322 133.048 0.612062 61.87413 126.9483 0.6183629 61.94949 120.8239 0.624629 61.97514 113.416 0.6296058 61.93693 105.9793 0.6333499 61.83818 98.51547 0.6359315 61.68223 91.02575 0.6374741 61.45905 83.08701 0.6378846 61.1797 75.12274 0.6372275 60.8481 67.13471 -0.1630864 56.99826 191.0154 -0.1386886 57.94021 184.6046 -0.1164956 58.77302 178.1438 -0.09641599 59.50137 171.6352 -0.07836675 60.1299 165.0811 -0.0621705 60.66588 158.4489 0.2719769 61.054 151.8442 0.2845177 61.41119 145.1677 0.2944073 61.66345 139.1214 0.3030352 61.85331 133.047 0.3104691 61.98422 126.9464 0.3167681 62.05956 120.821 0.3230385 62.08518 113.4121 0.3280186 62.04695 105.9746 0.3317513 61.94815 98.50992 0.3343381 61.79217 91.01946 0.3358807 61.56895 83.07997 0.3362889 61.28955 75.11508 0.3356337 60.9579 67.12645 0.3340065 60.57793 59.11581 -0.4841323 56.99069 191.0133 -0.4597354 57.93261 184.6029 -0.4375424 58.7654 178.1423 -0.4174638 59.49371 171.6339 -0.3994136 60.12225 165.08 -0.7985339 56.92824 191.0045 -0.7741408 57.87001 184.5953 -0.7519574 58.70268 178.1359 -0.7318816 59.43091 171.6287 -0.7138295 60.05938 165.0758 -0.3832145 60.65835 158.4462 -0.04796648 61.10631 151.8452 -0.03542375 61.46352 145.1681 -0.02552652 61.71579 139.1213 -0.01689958 61.90565 133.0464 -0.009468555 62.03654 126.9454 -0.003164768 62.11188 120.8196 0.00310415 62.13749 113.4103 0.008078992 62.09923 105.9724 0.01181739 62.00043 98.50733 0.01439851 61.84443 91.01654 0.01594442 61.62119 83.07675 0.01635354 61.34177 75.11154 0.01569885 61.0101 67.12268 0.01407283 60.63011 59.11179 0.01153868 60.20573 51.08063 -1.100072 56.81601 190.9895 -1.075681 57.75753 184.5824 -1.053507 58.59 178.1251 -1.033439 59.31806 171.6198 -1.015391 59.94641 165.0688 -0.6976295 60.59556 158.4412 -0.3690143 61.09863 151.8446 -0.3564677 61.45584 145.1676 -0.3465772 61.7081 139.121 -0.3379445 61.89796 133.0463 -0.3305173 62.02886 126.9453 -0.3242164 62.1042 120.8197 -0.3179488 62.12981 113.4106 -0.3129683 62.09157 105.9727 -0.3092284 61.99277 98.50782 -0.3066478 61.83677 91.01714 -0.3051038 61.61354 83.07744 -0.3046961 61.33412 75.11231 -0.3053489 61.00246 67.12354 -0.3069763 60.62248 59.11271 -0.3095119 60.1981 51.08164 -0.3128708 59.73326 43.03197 -1.382508 56.65904 190.969 -1.358131 57.60023 184.5648 -1.335956 58.43243 178.1103 -1.315891 59.16028 171.6077 -1.297848 59.78847 165.0593 -0.9991851 60.48265 158.4342 -0.6834397 61.03567 151.8425 -0.6708913 61.39287 145.1664 -0.6609988 61.64511 139.1205 -0.6523728 61.83498 133.0465 -0.644939 61.96589 126.9462 -0.6386371 62.04123 120.8212 -0.632371 62.06687 113.4127 -0.6273904 62.02865 105.9755 -0.6236501 61.92987 98.51114 -0.6210699 61.7739 91.02094 -0.6195264 61.55069 83.08173 -0.6191192 61.27131 75.11706 -0.6197715 60.93967 67.12866 -0.6213992 60.55972 59.11822 -0.6239333 60.13537 51.08748 -0.6272922 59.67057 43.03813 -1.639606 56.46248 190.9436 -1.615242 57.40325 184.5431 -1.593071 58.23509 178.092 -1.573027 58.96267 171.5928 -1.55499 59.59065 165.0476 -1.281644 60.32471 158.4253 -0.9850011 60.92255 151.8389 -0.9724574 61.27972 145.1645 -0.962565 61.53196 139.1198 -0.9539352 61.72183 133.0471 -0.946506 61.85275 126.948 -0.9402061 61.92811 120.824 -0.9339399 61.95378 113.4166 -0.9289584 61.91559 105.9804 -0.9252172 61.81686 98.51701 -0.922637 61.66093 91.02768 -0.9210906 61.43777 83.08929 -0.9206848 61.15845 75.12538 -0.9213355 60.82685 67.13765 -0.9229658 60.44697 59.12784 -0.9255018 60.02267 51.09768 -0.9288554 59.55791 43.04888 -2.196599 55.68583 190.8449 -2.172278 56.62496 184.4585 -2.150153 57.45548 178.0212 -2.130136 58.182 171.535 -2.112127 58.80916 165.0023 -1.952157 59.63202 158.3898 -2.09593 59.34522 158.3758 -1.938006 60.07098 151.8141 0.368462 57.80935 139.1083 0.679359 58.11914 133.073 0.967196 58.41604 127.0052 1.22515 58.69863 120.9056 1.447367 58.96801 113.5201 1.625665 59.20504 106.0975 1.752669 59.40756 98.63961 1.820025 59.56661 91.14887 1.829849 59.66354 83.20373 1.78599 59.70235 75.22791 -1.727785 60.94267 139.1172 0.3770642 57.99931 133.0736 0.6867614 58.25044 127.0078 0.9734883 58.49202 120.9107 1.231408 58.72516 113.5284 1.452339 58.93071 106.1094 1.629405 59.1072 98.65502 1.755255 59.2525 91.16726 1.821574 59.34429 83.2246 1.830263 59.38494 75.25064 1.785347 59.37139 67.24827 -1.90697 60.86994 133.0524 -2.043341 60.7138 126.9662 0.3844685 58.13063 127.0096 0.6930547 58.32646 120.9148 0.9797535 58.5186 113.5356 1.236389 58.68795 106.1199 1.456076 58.83296 98.66912 1.631991 58.95224 91.18486 1.756806 59.0303 83.24518 1.821991 59.06582 75.27354 1.829624 59.05411 67.27281 1.783721 58.99212 59.24586 0.3907628 58.20667 120.9177 0.6993184 58.35309 113.5413 0.9847293 58.48145 106.1288 1.240124 58.59027 98.6816 1.458669 58.67811 91.20095 1.633544 58.73016 83.26488 1.757224 58.75196 75.29609 1.82135 58.73513 67.29756 1.828003 58.675 59.2721 1.781196 58.56846 51.22258 -1.705435 61.33901 120.8386 0.3970246 58.23333 113.5454 0.7042942 58.31599 106.136 0.9884696 58.38386 98.69223 1.242714 58.4355 91.21522 1.460219 58.45613 83.2829 1.633962 58.45196 75.31771 1.756579 58.42142 67.32194 1.819732 58.35615 59.29853 1.825474 58.25147 51.25037 1.777851 58.10433 43.18022 -1.886978 61.10238 113.446 0.4019989 58.19626 106.1413 0.7080298 58.21844 98.70079 0.9910569 58.22916 91.2274 1.24427 58.21363 83.29888 1.460641 58.17806 75.33747 1.633321 58.12155 67.34529 1.754967 58.04258 59.32456 1.817206 57.93278 51.27836 1.82213 57.78749 43.20947 0.4057383 58.09877 98.707 0.7106147 58.06381 91.23718 0.99261 58.00738 83.31252 1.244687 57.93566 75.35501 1.459998 57.84776 67.36666 1.631711 57.74285 59.34953 1.752445 57.61935 51.30595 1.813863 57.46895 43.23893 0.4080619 56.73656 59.43405 0.7078352 56.43329 51.41119 0.9849324 56.13505 43.3632 0.4055478 56.31394 51.42197 0.704499 55.97015 43.37877 1.741094 54.75031 7.649217 1.72977 53.92186 0.1951405 1.819886 55.26326 7.592083 1.80856 54.43479 0.1380079 1.762408 55.77903 7.534849 1.751081 54.95056 0.0807811 1.572582 56.26246 7.4814 1.561257 55.43399 0.02733224 1.263342 56.68061 7.435398 1.252019 55.85213 -0.01866924 0.8557625 57.00497 7.399965 0.8444394 56.1765 -0.054102 0.3776162 57.21345 7.377517 0.3662955 56.38499 -0.07655036 -0.1385065 57.29186 7.369595 -0.1498311 56.46339 -0.08447986 -0.6574354 57.23482 7.376723 -0.6687632 56.40634 -0.07735192 -1.143812 57.04623 7.398423 -1.155133 56.21777 -0.05564415 -1.564477 56.73895 7.433201 -1.575798 55.91049 -0.02086603 -1.890778 56.33392 7.478721 -1.902097 55.50546 0.02465379 -2.100465 55.85874 7.531858 -2.111786 55.03027 0.07779085 -2.179254 55.34578 7.588977 -2.190576 54.51732 0.134917 -2.12178 54.83001 7.646226 -2.133104 54.00156 0.1921502 -1.931952 54.34659 7.699652 -1.943277 53.51813 0.2455842 -1.622714 53.92845 7.745646 -1.634033 53.09999 0.2915861 -1.215131 53.60407 7.781095 -1.226456 52.77562 0.3270189 -0.7369915 53.3956 7.803534 -0.7483103 52.56713 0.3494752 -0.2208627 53.3172 7.811464 -0.2321883 52.48873 0.3574038 0.298065 53.37424 7.804336 0.2867419 52.54578 0.3502762 0.7844395 53.56282 7.782644 0.773114 52.73436 0.3285681 1.205106 53.8701 7.747843 1.193782 53.04164 0.2937748 1.531405 54.27513 7.702338 1.520079 53.44667 0.2482703 -1.738348 52.92592 27.64553 -1.745825 52.86283 27.51468 -1.684433 55.41976 27.07189 -1.719943 53.01482 27.76066 -1.662368 53.23637 27.94754 -1.50493 53.75453 28.20696 -1.306634 54.34569 28.38519 -1.663086 55.38569 26.93272 -1.781513 48.6587 27.59138 -1.948358 40.60645 28.48658 -1.799087 40.5634 28.12715 -1.965939 32.51114 29.02233 -1.728078 32.4719 28.71376 -1.894919 24.41965 29.60896 -1.584685 24.38691 29.37229 -1.751533 16.33465 30.26749 -1.390063 16.31064 30.11884 -1.556908 8.258389 31.01402 -1.003544 16.29702 30.06835 -1.170169 8.244759 30.96354 -0.6137804 16.29463 30.11945 -0.7806182 8.242371 31.01463 -0.4187088 8.251446 31.16384 -0.5855482 0.1991844 32.05904 -0.2745985 0.2191123 32.29619 -0.4414412 -7.833145 33.19139 -0.2026407 -7.803745 33.50033 -0.369489 -15.85599 34.39553 -0.2191198 -15.8191 34.7552 -0.3859787 -23.87137 35.65041 -0.3342955 -23.82954 36.03629 -0.5011315 -31.88181 36.9315 -0.5516462 -31.83785 37.31732 -0.7185123 -39.89013 38.21253 -0.8677638 -39.84707 38.57196 -0.7009137 -31.7948 37.67676 -1.105631 -39.80784 38.88053 -0.9387848 -31.75557 37.98533 -1.415858 -39.77508 39.11721 -1.249012 -31.72283 38.22201 -1.777332 -39.75107 39.26588 -1.610481 -31.69881 38.37067 -2.155874 -39.27758 39.26525 -1.443637 -23.64655 37.47545 -1.276787 -15.5943 36.58026 -0.9153149 -15.61832 36.43161 -0.7484727 -7.566086 35.53639 -0.4382303 -7.598824 35.29972 -0.2714019 0.4534264 34.40454 -0.03353714 0.4141922 34.09595 0.1333053 8.466462 33.20075 0.2825813 8.42342 32.84133 0.4494259 16.47569 31.94614 0.4999401 16.43172 31.56032 0.6667891 24.48398 30.66512 0.6151046 24.44216 30.27922 0.7819465 32.49441 29.38402 0.6315805 32.45754 29.02435 0.7984277 40.5098 28.12916 0.5596323 40.4804 27.82022 0.7264809 48.53265 26.92501 0.4155222 48.51273 26.68784 0.6596897 54.82942 26.05823 0.396105 54.72214 25.92237 0.05360895 48.50364 26.53862 0.1015716 54.65345 25.83594 -0.337039 48.50605 26.48754 -0.2102312 54.63382 25.80629 -0.5198723 54.66696 25.83624 -0.7226772 48.51966 26.53802 -0.8113083 54.74845 25.923 -1.084154 48.54367 26.68668 -1.069687 54.86676 26.05896 -1.394386 48.57641 26.92337 -1.28765 55.00751 26.23575 -1.45872 55.15173 26.44254 -1.632239 48.61565 27.23193 -1.583178 55.2826 26.67317 0.8840832 54.96118 26.2354 1.061838 55.09891 26.44318 0.965274 48.56205 27.23395 1.191819 55.22497 26.67458 1.115638 48.59892 27.59362 1.275623 55.32475 26.93402 1.298281 55.35812 27.07366 1.167326 48.64075 27.97952 1.116812 48.68469 28.36533 0.9675418 48.72775 28.72477 0.7296813 48.76698 29.03334 0.4194461 48.79971 29.27002 0.05797749 48.82373 29.41868 -0.1088668 40.77148 30.31388 -0.2757137 32.71922 31.20907 0.2526007 40.74746 30.16523 0.08575528 32.69521 31.06042 0.5628336 40.71471 29.92855 0.3959891 32.66246 30.82375 0.8006917 40.67549 29.61997 0.6338487 32.62324 30.51516 0.9499669 40.63245 29.26053 0.7831192 32.58018 30.15572 1.000481 40.58849 28.87473 0.8336313 32.53624 29.76991 0.9487896 40.54667 28.48882 -0.4425593 24.66696 32.10427 -2.555264 -36.21301 38.85144 -2.55362 -39.73505 39.26527 -2.165394 -39.73743 39.31636 -2.739088 -34.79201 38.60528 -2.915529 -39.74415 39.11605 -2.908274 -33.48102 38.3403 -3.22649 -39.76406 38.87888 -3.05973 -32.30694 38.06197 -3.196726 -31.24873 37.76069 -3.334432 -30.20712 37.37117 -3.29844 -31.7412 37.67475 -3.465286 -39.79347 38.56995 -3.401952 -29.7253 37.10274 -3.448805 -31.77806 37.31508 -3.615656 -39.83034 38.21028 -3.418343 -29.61746 37.01636 -3.433504 -29.52615 36.91759 -3.440382 -29.49033 36.86058 -3.500495 -31.81991 36.92919 -3.446146 -29.46671 36.79881 -3.44844 -29.46106 36.76625 -3.450204 -29.46041 36.73308 -3.451368 -29.46514 36.70023 -3.4519 -29.47503 36.6685 -3.449974 -31.86383 36.54338 -3.283134 -23.81159 35.64817 -3.116272 -15.75932 34.75297 -3.133866 -23.85465 35.28872 -2.967 -15.80238 34.39352 -2.896006 -23.89388 34.98015 -2.729144 -15.84161 34.08495 -2.585778 -23.92662 34.74346 -2.418912 -15.87437 33.84827 -2.224318 -23.95063 34.59482 -2.057452 -15.89838 33.69962 -1.670034 -15.91201 33.64913 -1.50342 -7.859783 32.75392 -1.114313 -7.86216 32.80503 -0.9474728 0.1901054 31.90983 -0.752396 -7.853081 32.95423 -3.667334 -39.87217 37.82438 -3.61682 -39.91611 37.43857 -3.467549 -39.95915 37.07913 -3.300717 -31.90689 36.18394 -3.229696 -39.99838 36.77056 -3.062841 -31.94612 35.87535 -2.919453 -40.03113 36.53387 -2.752614 -31.97886 35.63868 -2.558001 -40.05516 36.38523 -2.391138 -32.00287 35.49002 -2.003294 -32.01652 35.43952 -1.836677 -23.96427 34.54432 -1.448021 -23.96665 34.59541 -1.281156 -15.91439 33.70022 -1.086104 -23.95757 34.74462 -0.9192343 -15.90531 33.84942 -0.7751465 -23.93765 34.98179 -0.6082804 -15.88538 34.08659 -0.5363436 -23.90823 35.29073 -0.6679821 -39.93405 37.8267 -0.5528262 -31.92362 36.54562 -0.719672 -39.9759 37.44081 -0.7031796 -31.96047 36.18594 -0.870038 -40.01276 37.08115 -0.9419825 -31.9899 35.87701 -1.108825 -40.04216 36.7722 -1.252925 -32.0098 35.63983 -1.419783 -40.06209 36.53504 -1.614854 -32.01889 35.49063 -1.7817 -40.07117 36.38582 -2.169927 -40.06879 36.33473 -2.115211 32.55419 29.38177 -2.282051 24.50194 30.27697 -2.448895 16.4497 31.17218 -2.299628 16.40663 30.81274 -2.466468 8.354363 31.70793 -2.228612 8.31514 31.39936 -2.395464 0.2628746 32.29455 -2.085229 0.2301292 32.05787 -2.252073 -7.822128 32.95306 -1.890607 -7.846138 32.80441 -2.132779 24.45889 29.91754 -2.615742 8.397427 32.06738 -2.782595 0.3451614 32.96257 -2.949435 -7.707088 33.85774 -2.800164 -7.750145 33.49832 -2.633322 0.302105 32.60313 -1.561226 40.52416 27.81857 -1.417845 32.43915 28.4771 -1.22322 24.36288 29.22364 -0.8369119 24.34927 29.17314 -0.4469286 24.34687 29.22424 -0.2518551 16.3037 30.26865 -0.1077488 8.271378 31.40101 -0.03580427 0.2485046 32.60514 -0.05227708 -7.766876 33.86001 -0.1674452 -15.77729 35.14109 -0.3848064 -23.78559 36.42211 -2.061768 16.3674 30.50417 -2.562305 -7.789383 33.18973 -1.250996 40.49142 27.58189 -1.056378 32.41515 28.32843 -0.6702966 32.40153 28.27795 -0.2800871 32.39913 28.32904 -0.08500754 24.35596 29.37346 0.0590977 16.32364 30.50581 0.1310424 8.300774 31.70994 0.114556 0.2853737 32.96481 -5.94407e-4 -7.725048 34.24589 -0.2179556 -15.73333 35.52691 -0.5340853 -23.74255 36.78155 -1.91838 8.282387 31.16268 -0.8895304 40.46741 27.43323 -0.5036655 40.45379 27.38275 -0.1132394 40.45138 27.43384 0.08183294 32.40821 28.47826 0.2259427 24.37588 29.6106 0.2978905 16.35303 30.81475 0.2814121 8.337655 32.06961 0.166244 0.3271942 33.3507 -0.05111002 -7.681107 34.6317 -0.3672235 -15.6903 35.88636 -0.771945 -23.70332 37.09012 -1.723759 0.2061233 31.90923 0.2486807 40.46047 27.58305 0.392787 32.42814 28.71541 0.4647375 24.40528 29.91955 0.448258 16.38991 31.17443 0.3330923 8.379471 32.4555 0.1157336 0.3711395 33.73652 -0.2003794 -7.638065 34.99114 -0.6050866 -15.65106 36.19492 -1.082187 -23.67059 37.3268 -1.336796 0.1924858 31.85873 0.6162734 24.52792 31.05093 0.4670064 24.57098 31.41037 0.2291479 24.61021 31.71895 -0.08109068 24.64296 31.95563 0.3001532 16.51871 32.30556 -0.1045468 8.505696 33.50933 -0.581635 0.4861565 34.64122 -1.109941 -7.542057 35.68505 0.06229513 16.55795 32.61413 -0.2479339 16.5907 32.85081 -0.6094024 16.61472 32.99947 -0.4147835 8.538441 33.746 -0.9430952 0.5101853 34.78986 -0.7762504 8.562462 33.89466 1.442183 55.38533 24.79059 1.226241 55.14363 24.81563 1.440584 55.21736 22.3799 1.224641 54.97568 22.40525 1.438926 55.04628 19.96773 1.222984 54.80464 19.9934 1.438072 54.9596 18.76111 1.222131 54.71797 18.78691 1.437202 54.87213 17.5541 1.221261 54.63051 17.58006 1.436303 54.78238 16.32596 1.220363 54.54079 16.35207 1.435384 54.69183 15.09744 1.219445 54.45025 15.12369 1.434453 54.6005 13.86854 1.218513 54.35893 13.89495 1.433984 54.55453 13.25393 1.218043 54.31297 13.28043 1.433505 54.50836 12.63927 1.217563 54.26682 12.66583 1.433023 54.462 12.02449 1.217087 54.22046 12.05112 1.432538 54.41545 11.4096 1.216597 54.17391 11.43632 1.432051 54.36869 10.79464 1.216112 54.12717 10.82143 1.43156 54.32174 10.17958 1.215622 54.08023 10.20645 1.431061 54.27459 9.564427 1.215125 54.03308 9.591375 1.430564 54.22724 8.949173 1.214627 53.98575 8.976189 1.430061 54.1797 8.333838 1.214121 53.93821 8.360923 0.9624698 53.73283 8.384074 0.6820451 53.56825 8.402742 0.3797606 53.44919 8.416381 0.06253743 53.38034 8.424495 0.06304305 53.42786 9.039587 -0.2619118 53.41399 9.041603 -0.2614111 53.46129 9.656598 -0.5812425 53.50589 9.652162 -0.5807465 53.55301 10.26708 -0.8870508 53.65186 10.25667 -0.8865619 53.69879 10.87151 -1.173624 53.84611 10.85579 -1.17314 53.89285 11.47059 -1.583562 54.22035 11.4354 -1.583078 54.2669 12.05019 -1.903351 54.68207 12.00541 -1.902873 54.72843 12.62024 -2.108575 55.20646 12.5686 -2.108103 55.25264 13.18347 -2.160359 55.50747 13.15595 -2.159891 55.55347 13.77081 -2.174348 55.8147 13.74261 -2.173412 55.90612 14.97222 -2.158954 55.64486 15.00025 -2.172497 55.99674 16.20146 -2.158033 55.73546 16.22932 -2.171589 56.08657 17.43029 -2.157133 55.82527 17.45801 -2.170725 56.17409 18.63799 -2.156265 55.91279 18.66555 -2.169868 56.26086 19.84532 -2.155411 55.99954 19.87272 -2.168205 56.43209 22.25888 -2.153747 56.17072 22.28595 -2.166605 56.6002 24.67098 -2.152148 56.33881 24.69773 -2.099894 56.08382 24.72378 -1.894186 55.6055 24.7725 -1.573924 55.19005 24.81463 -1.163501 54.86232 24.84764 -0.8764314 54.71489 24.86237 -0.5701274 54.61597 24.87209 -0.2502998 54.57134 24.87623 0.07465451 54.58523 24.87437 0.3918771 54.65415 24.86689 0.6941637 54.77332 24.85427 0.9745945 54.93805 24.83703 -2.178747 55.39356 8.204759 -2.164287 55.13241 8.233687 -2.112026 54.87764 8.261848 -1.906319 54.39973 8.314496 -1.586045 53.98465 8.360024 -1.175616 53.65721 8.39569 -0.8885452 53.5099 8.411573 -1.175111 53.70473 9.010843 -0.888044 53.55741 9.026703 -1.174613 53.75206 9.625914 -0.8875401 53.60474 9.641729 -1.174119 53.79919 10.2409 -0.5822511 53.41106 8.422074 -0.5817402 53.45856 9.037167 -0.2624169 53.36646 8.426535 1.603371 54.45259 8.30334 1.603874 54.50014 8.918775 1.604375 54.54749 9.53409 1.60487 54.59466 10.14933 1.605364 54.64161 10.76448 1.60585 54.68838 11.37953 1.606337 54.73495 11.99448 1.606816 54.78132 12.60935 1.607295 54.82749 13.22413 1.607766 54.87348 13.83879 1.608697 54.96482 15.06788 1.609617 55.05539 16.29656 1.610514 55.14516 17.52488 1.611387 55.23263 18.73205 1.612237 55.31935 19.93885 1.613899 55.49046 22.35134 1.615498 55.65846 24.76238 1.738746 55.95763 24.73157 1.803505 56.27059 24.69943 1.811767 56.58882 24.66682 1.767484 56.90535 24.63445 1.765887 56.73718 22.22189 1.673 57.04499 22.19009 1.671335 56.8737 19.77568 1.533797 57.16583 19.74522 1.532941 57.07901 18.53729 1.354695 57.34854 18.50908 1.353826 57.26092 17.30063 1.138819 57.50089 17.27546 1.137917 57.41096 16.0457 0.8901007 57.61439 16.02433 0.8891852 57.52367 14.79406 0.6125039 57.68361 14.77727 0.6115697 57.59207 13.54654 0.3099699 57.70157 13.53516 0.3095017 57.65549 12.91962 -0.01043981 57.70757 12.91444 -0.01091545 57.6613 12.29879 -0.3319639 57.6537 12.30009 -0.3324426 57.60724 11.68435 -0.6468666 57.54467 11.69162 -0.6473553 57.498 11.07583 -0.9489147 57.38555 11.08857 -0.9493994 57.3387 10.4727 -1.231872 57.18146 10.49036 -1.232369 57.13441 9.874449 -1.489511 56.9375 9.896472 -1.490009 56.89026 9.280538 -1.715597 56.65875 9.306377 -1.716096 56.61132 8.69043 -1.903898 56.35031 8.719557 -1.904402 56.3027 8.10359 -2.048181 56.01728 8.135439 -2.141709 55.71254 8.169353 1.726619 54.75148 8.270024 1.727118 54.79905 8.885549 1.727624 54.84641 9.500971 1.72812 54.89357 10.1163 1.728613 54.94055 10.73153 1.729097 54.98732 11.34669 1.729583 55.0339 11.96173 1.730065 55.08028 12.57668 1.730542 55.12648 13.19154 1.731019 55.17245 13.80631 1.731952 55.26384 15.03556 1.732862 55.35442 16.26445 1.733765 55.4442 17.49295 1.734632 55.5317 18.7003 1.735488 55.61843 19.9073 1.737152 55.78958 22.32017 1.791371 55.06417 8.235274 1.79963 55.38212 8.200003 1.75534 55.69837 8.165029 1.800133 55.42971 8.815727 1.755847 55.74596 8.780843 1.800634 55.4771 9.431346 1.756347 55.79337 9.396546 1.801131 55.52428 10.04687 1.756847 55.84056 10.01217 1.801623 55.57127 10.6623 1.757336 55.88756 10.6277 1.802112 55.61808 11.27764 1.757824 55.93437 11.24315 1.802596 55.66467 11.89289 1.758309 55.98098 11.85849 1.80308 55.71107 12.50804 1.75879 56.02739 12.47374 1.803556 55.75728 13.1231 1.759267 56.0736 13.08889 1.804027 55.80328 13.73807 1.759744 56.11962 13.70394 1.804962 55.89471 14.9677 1.760675 56.21106 14.93379 1.80588 55.98533 16.19697 1.76159 56.30171 16.16326 1.806778 56.07516 17.42587 1.762497 56.39157 17.39235 1.807651 56.1627 18.63361 1.763366 56.47912 18.60028 1.808508 56.24946 19.84099 1.764221 56.56591 19.80785 1.810169 56.4207 22.25464 1.662454 56.00596 8.131074 1.662957 56.05356 8.746988 1.663459 56.10097 9.362791 1.663956 56.14818 9.978511 1.664453 56.19519 10.59413 1.664936 56.24201 11.20967 1.665422 56.28863 11.82509 1.665904 56.33505 12.44044 1.66638 56.38127 13.05569 1.666854 56.4273 13.67084 1.667786 56.51876 14.90088 1.668706 56.60943 16.13053 1.669612 56.69931 17.3598 1.670479 56.78689 18.56793 1.524912 56.29792 8.098927 1.525417 56.34553 8.714925 1.525918 56.39294 9.330819 1.526415 56.44017 9.946631 1.526909 56.4872 10.56234 1.527396 56.53401 11.17796 1.527881 56.58065 11.79348 1.528363 56.62709 12.40892 1.528838 56.67331 13.02425 1.529317 56.71935 13.63949 1.53025 56.81084 14.8697 1.531165 56.90152 16.09954 1.532072 56.99142 17.329 1.346664 56.5673 8.069343 1.131656 56.80714 8.0431 0.8838422 57.01049 8.020937 0.6071609 57.17037 8.003627 0.8843501 57.05813 8.637133 0.6076679 57.21802 8.619875 0.8848515 57.10557 9.253239 0.6081666 57.26546 9.236042 0.88535 57.15281 9.869265 0.6086664 57.31271 9.852099 0.8858428 57.19985 10.48519 0.6091596 57.35977 10.46807 0.886332 57.24671 11.10102 0.6096472 57.40662 11.08396 0.8868196 57.29337 11.71675 0.6101366 57.45328 11.69974 0.8872957 57.33981 12.33241 0.6106153 57.49974 12.31544 0.8877714 57.38607 12.94796 0.6110935 57.546 12.93104 0.8882492 57.43214 13.56342 0.3055648 57.27985 7.991946 0.3060729 57.32749 8.608226 0.3065747 57.37494 9.224425 0.3070728 57.42219 9.840517 0.3075674 57.46925 10.45652 0.3080559 57.5161 11.07244 0.3085414 57.56277 11.68825 0.3090251 57.60924 12.30397 -0.01437181 57.33189 7.98667 -0.33542 57.32431 7.987988 -0.6498402 57.26174 7.995394 -0.9513986 57.14931 8.008311 -0.6493367 57.30939 8.611673 -0.950894 57.19696 8.624552 -0.6488381 57.35683 9.227841 -0.950392 57.2444 9.240696 -0.6483346 57.40409 9.843935 -0.949898 57.29164 9.856745 -0.647843 57.45114 10.45993 -1.233873 56.99211 8.026166 -1.233366 57.03973 8.642354 -1.232865 57.08717 9.258446 -1.491017 56.7952 8.04838 -1.490514 56.84283 8.664507 -1.716605 56.5637 8.074379 -2.129562 56.91946 24.63824 -2.03603 57.22447 24.60685 -1.892246 57.51014 24.5774 -1.704448 57.77138 24.55039 -1.893847 57.34191 22.16417 -1.706048 57.60312 22.13684 -1.895516 57.17057 19.74949 -1.707718 57.43175 19.72183 -1.89637 57.08375 18.5416 -1.708569 57.34491 18.51377 -1.897244 56.99616 17.33333 -1.709442 57.25729 17.30535 -1.898148 56.90626 16.10393 -1.710345 57.16739 16.07577 -1.899066 56.81559 14.87412 -1.711262 57.07669 14.84582 -1.899998 56.72411 13.64397 -1.712198 56.98519 13.61549 -1.90047 56.67808 13.02873 -1.712675 56.93915 13.00019 -1.900949 56.63185 12.41342 -1.713151 56.89291 12.38479 -1.901426 56.58542 11.79801 -1.713631 56.84648 11.76928 -1.901918 56.53879 11.18251 -1.714118 56.79983 11.1537 -1.902403 56.49196 10.56692 -1.714603 56.753 10.53803 -1.902897 56.44495 9.951225 -1.715095 56.70598 9.922251 -1.903392 56.39772 9.335435 -1.478857 58.00308 24.52635 -1.48046 57.83479 22.1125 -1.482122 57.6634 19.69721 -1.482982 57.57654 18.489 -1.483852 57.48891 17.28045 -1.484757 57.39898 16.05072 -1.485669 57.30828 14.82061 -1.486612 57.21677 13.59014 -1.487084 57.17072 12.97476 -1.487563 57.12447 12.3593 -1.488042 57.07802 11.74373 -1.488529 57.03137 11.12807 -1.489019 56.98454 10.51232 -1.221712 58.20017 24.50582 -0.9392408 58.35753 24.48933 -0.6376802 58.47005 24.4774 -0.3232639 58.53268 24.47057 -0.6392825 58.3017 22.06296 -0.324864 58.36429 22.05603 -0.6409503 58.13024 19.64705 -0.3265247 58.19285 19.64005 -0.6418024 58.04335 18.43856 -0.3273831 58.10596 18.43151 -0.6426777 57.9557 17.22971 -0.3282528 58.01829 17.22261 -0.6435754 57.86575 15.99967 -0.3291577 57.92834 15.99254 -0.6445024 57.775 14.76928 -0.3300774 57.83758 14.76209 -0.6454326 57.68346 13.53849 -0.3310148 57.74604 13.53128 -0.6459087 57.63738 12.92298 -0.3314848 57.69997 12.91573 -0.6463862 57.59112 12.30735 -0.002211093 58.54029 24.46936 -0.003814935 58.37191 22.05481 -0.005481719 58.20044 19.63881 -0.006334543 58.11355 18.43025 -0.007209777 58.02589 17.22136 -0.0081079 57.93593 15.99127 -0.009027421 57.84518 14.76081 -0.009963393 57.75363 13.53 0.3177251 58.4882 24.47426 0.3161245 58.31983 22.05977 0.3144556 58.14836 19.64383 0.3136024 58.06148 18.4353 0.3127305 57.97382 17.22644 0.311825 57.88386 15.99638 0.3109079 57.79311 14.76595 0.6193231 58.37863 24.48508 0.8960015 58.21861 24.5011 1.143814 58.01509 24.52162 1.35882 57.77503 24.54591 1.142213 57.84677 22.10769 1.35721 57.60675 22.13229 1.140546 57.67538 19.69231 1.355548 57.43539 19.71719 1.139693 57.58852 18.48407 1.537063 57.50542 24.5733 1.535463 57.33717 22.15998 1.6746 57.2132 24.60304 -2.174823 55.76869 13.12767 -2.160834 55.46128 12.54099 -2.109062 55.16007 11.95364 -1.903841 54.6355 11.3905 -1.58405 54.1736 10.8205 -2.1753 55.72249 12.51264 -2.161319 55.41489 11.92594 -2.109544 55.11349 11.33857 -1.904328 54.58875 10.77549 -1.584544 54.12666 10.20553 -2.175778 55.67609 11.89751 -2.161806 55.3683 11.31081 -2.110033 55.06671 10.72341 -1.904819 54.54179 10.16039 -1.585043 54.07952 9.590454 -2.176261 55.6295 11.28228 -2.162294 55.32151 10.69558 -2.110528 55.01974 10.10816 -1.905312 54.49463 9.545192 -1.585541 54.03218 8.975283 -2.176753 55.58271 10.66697 -2.162782 55.27452 10.08024 -2.111021 54.97257 9.492818 -1.905814 54.44728 8.929878 -2.177243 55.53572 10.05156 -2.163283 55.22735 9.464809 -2.111526 54.9252 8.877382 -2.177739 55.48852 9.436057 -2.163785 55.17997 8.849305 -2.178239 55.44115 8.820453 -2.141201 55.76013 8.785146 -2.140705 55.80752 9.400849 -2.140202 55.85472 10.01644 -2.13971 55.90172 10.63195 -2.139223 55.94852 11.24737 -2.13874 55.99513 11.86269 -2.138255 56.04154 12.47792 -2.137779 56.08776 13.09303 -2.137308 56.13376 13.70809 -2.136373 56.22521 14.93789 -2.135455 56.31584 16.16732 -2.134552 56.4057 17.39637 -2.133678 56.49325 18.60424 -2.132822 56.58004 19.81178 -2.131159 56.75129 22.22573 -2.101487 55.91576 22.31233 -2.103153 55.74462 19.8994 -2.104008 55.65789 18.69238 -2.104876 55.57039 17.48499 -2.105776 55.4806 16.25646 -2.106698 55.39 15.02756 -2.107631 55.29862 13.79825 -1.895789 55.4375 22.36162 -1.897453 55.26641 19.94929 -1.898305 55.17971 18.74256 -1.899177 55.09224 17.53546 -1.900076 55.00248 16.30723 -1.900988 54.91192 15.07861 -1.901924 54.82057 13.84961 -1.902396 54.7746 13.23498 -1.575518 55.02211 22.40425 -1.577181 54.85107 19.99243 -1.578032 54.76439 18.78595 -1.578902 54.67695 17.57909 -1.579803 54.58721 16.35111 -1.580718 54.49669 15.12275 -1.581649 54.40537 13.89401 -1.582122 54.35941 13.27948 -1.582594 54.31325 12.66488 -1.165097 54.69441 22.43767 -1.166757 54.52342 20.02623 -1.167611 54.43677 18.81995 -1.168479 54.34936 17.61329 -1.169379 54.25963 16.3855 -1.170298 54.16912 15.15734 -1.171225 54.07782 13.92879 -1.171697 54.03188 13.31438 -1.172171 53.98574 12.69986 -1.172655 53.93939 12.08527 -0.8780258 54.547 22.45256 -0.8796884 54.37603 20.04129 -0.8805436 54.28939 18.83508 -0.8814118 54.20197 17.62853 -0.8823084 54.11226 16.40084 -0.883225 54.02176 15.17275 -0.8841559 53.93047 13.94429 -0.8846295 53.88453 13.32993 -0.8851059 53.83839 12.71546 -0.8855858 53.79206 12.1009 -0.8860688 53.74552 11.48626 -0.5717237 54.44809 22.4624 -0.573388 54.27712 20.05124 -0.5742413 54.19048 18.84511 -0.5751081 54.10307 17.63859 -0.5760064 54.01338 16.41095 -0.5769221 53.92288 15.18293 -0.5778566 53.8316 13.95453 -0.5783303 53.78566 13.34019 -0.5788027 53.73953 12.72575 -0.5792813 53.6932 12.11122 -0.5797689 53.64665 11.4966 -0.5802541 53.59994 10.88188 -0.2518938 54.40347 22.4666 -0.2535538 54.23251 20.05547 -0.2544082 54.14588 18.84937 -0.2552794 54.05847 17.64287 -0.2561762 53.96878 16.41526 -0.2570895 53.87829 15.18726 -0.2580266 53.78701 13.95888 -0.2584974 53.74107 13.34455 -0.2589713 53.69493 12.73013 -0.2594528 53.64859 12.11561 -0.2599349 53.60207 11.501 -0.2604243 53.55534 10.88629 -0.26092 53.50841 10.2715 0.07305687 54.41736 22.46471 0.07139629 54.2464 20.05357 0.07054144 54.15976 18.84744 0.06967633 54.07235 17.64094 0.06877785 53.98266 16.41331 0.06786221 53.89216 15.1853 0.06692612 53.80088 13.95691 0.0664578 53.75494 13.34258 0.06598126 53.7088 12.72814 0.06549942 53.66247 12.11362 0.06501579 53.61594 11.499 0.06452906 53.56921 10.8843 0.06403648 53.52228 10.2695 0.06354224 53.47517 9.654575 0.3902815 54.48627 22.45713 0.3886188 54.31529 20.0459 0.3877645 54.22865 18.83973 0.3868985 54.14125 17.63318 0.3859983 54.05154 16.4055 0.3850826 53.96104 15.17745 0.3841521 53.86976 13.949 0.3836784 53.82381 13.33465 0.3832016 53.77768 12.7202 0.3827207 53.73134 12.10565 0.3822377 53.6848 11.491 0.381751 53.63808 10.87627 0.3812581 53.59115 10.26143 0.3807628 53.54402 9.646514 0.3802627 53.49671 9.031511 0.6925664 54.60543 22.44437 0.6909031 54.43444 20.03297 0.6900528 54.34779 18.82673 0.6891843 54.26037 17.6201 0.6882824 54.17065 16.39236 0.6873673 54.08015 15.16421 0.6864339 53.98886 13.9357 0.6859648 53.9429 13.32131 0.6854911 53.89677 12.70681 0.6850073 53.85042 12.09223 0.6845222 53.80389 11.47755 0.684036 53.75716 10.86278 0.683542 53.71023 10.24789 0.6830496 53.6631 9.632943 0.6825457 53.61577 9.017886 0.9729956 54.77013 22.42691 0.9713376 54.59912 20.01531 0.970485 54.51246 18.80895 0.9696138 54.42503 17.60223 0.9687128 54.3353 16.37438 0.9677976 54.24479 15.14613 0.9668667 54.15349 13.9175 0.9663925 54.10754 13.30306 0.965919 54.06138 12.68851 0.9654352 54.01504 12.07388 0.9649541 53.96849 11.45915 0.9644683 53.92175 10.84432 0.9639741 53.87482 10.22939 0.9634765 53.82768 9.61439 0.962976 53.78035 8.99928 1.801907 56.10251 22.28763 1.800242 55.93132 19.87438 1.799392 55.84457 18.6672 1.798518 55.75705 17.45965 1.797618 55.66724 16.23096 1.796702 55.57664 15.00188 1.795769 55.48524 13.77243 1.795296 55.43925 13.15756 1.794821 55.39305 12.54261 1.794336 55.34666 11.92755 1.793853 55.30007 11.31241 1.793367 55.25329 10.69716 1.792876 55.20631 10.08182 1.792378 55.15913 9.466396 1.791875 55.11175 8.850874 0.8943995 58.05027 22.08693 0.8927376 57.87885 19.6713 0.8918787 57.79198 18.46294 0.8910052 57.70434 17.25422 0.6177191 58.21027 22.07071 0.6160554 58.03883 19.6549 0.6151974 57.95196 18.44644 0.6143266 57.86431 17.23763 0.6134237 57.77434 16.00765 -0.9408474 58.18917 22.07504 -0.9425082 58.01774 19.65928 -0.9433674 57.93086 18.45086 -0.944238 57.8432 17.24207 -0.9451397 57.75326 16.01211 -0.9460621 57.66252 14.78179 -0.946993 57.57099 13.55109 -0.9474651 57.52492 12.93559 -0.9479462 57.47867 12.32001 -0.948428 57.43221 11.70434 -1.223319 58.03184 22.09172 -1.22498 57.86043 19.67617 -1.225837 57.77355 18.46786 -1.226707 57.68591 17.25917 -1.227609 57.59598 16.0293 -1.228528 57.50525 14.79908 -1.22946 57.41373 13.56848 -1.229937 57.36767 12.95305 -1.230415 57.32142 12.33752 -1.230897 57.27495 11.72189 -1.231383 57.2283 11.10617 -2.037631 57.05627 22.19399 -2.039294 56.88497 19.77964 -2.04015 56.79817 18.57195 -2.041024 56.7106 17.36386 -2.041924 56.62073 16.13462 -2.042845 56.53006 14.90501 -2.04378 56.43861 13.67502 -2.044254 56.39259 13.05988 -2.044729 56.34636 12.44464 -2.045208 56.29994 11.82934 -2.045694 56.25332 11.21391 -2.046184 56.2065 10.59841 -2.046676 56.1595 9.982808 -2.047173 56.11228 9.36711 -2.047678 56.06488 8.751315 -0.3349135 57.37194 8.604285 -0.3344156 57.4194 9.220489 -0.333913 57.46666 9.836598 -0.3334224 57.51371 10.45261 -0.3329364 57.56057 11.06853 -0.01386475 57.37955 8.60295 -0.01336801 57.42699 9.21917 -0.01286637 57.47425 9.835271 -0.01237386 57.5213 10.45129 -0.01188433 57.56817 11.06722 -0.01139551 57.61484 11.68305 1.132166 56.85478 8.659235 1.132665 56.90221 9.275287 1.133166 56.94945 9.891238 1.133657 56.99649 10.5071 1.134147 57.04333 11.12288 1.134634 57.08998 11.73855 1.135114 57.13643 12.35415 1.13559 57.18268 12.96963 1.136064 57.22874 13.58504 1.136995 57.32024 14.81555 1.34717 56.61493 8.685424 1.347669 56.66235 9.301394 1.34817 56.70959 9.917283 1.348663 56.75661 10.53307 1.349149 56.80345 11.14876 1.349638 56.85008 11.76438 1.350118 56.89653 12.37989 1.350595 56.94277 12.9953 1.351069 56.98881 13.61064 1.352004 57.08032 14.841 1.352921 57.17102 16.071 -4.689845 -17.88487 35.38221 -3.072693 48.80809 27.96736 -5.217293 -12.17162 34.74802 -4.165792 44.54427 28.44291 -5.677066 -6.518936 34.12045 -6.062062 -0.9331169 33.50024 -5.038249 40.0831 28.94007 -6.363435 4.577927 32.88817 -5.705727 35.4386 29.45728 -6.570571 10.00468 32.28535 -6.185269 30.62603 29.99288 -6.671056 15.33605 31.69298 -6.49449 25.6611 30.54516 -6.650856 20.55946 31.11241 -2.05962 -34.17629 50.90164 -1.962509 -29.03613 62.43967 -1.864471 -23.85542 73.87548 -1.765448 -18.63148 85.20204 -1.665349 -13.36006 96.40878 -1.564063 -8.035439 107.4811 -1.461405 -2.650207 118.4004 -1.357178 2.804699 129.1437 -1.251121 8.33992 139.6842 -1.142987 13.9675 149.9915 -1.032464 19.70068 160.0321 -0.919251 25.55353 169.7706 -0.8615298 28.52926 174.5153 -0.8030133 31.5402 179.1711 -0.7436538 34.588 183.7337 -0.6834245 37.67425 188.1994 -0.6222873 40.8004 192.5642 -0.5602269 43.96769 196.8252 -0.4972205 47.17716 200.9796 -2.613909 57.87853 46.4721 -2.897011 57.35878 46.45825 -3.06534 56.81593 46.44397 -2.991529 56.30838 45.35157 -3.899646 56.1216 53.27397 -4.044014 56.78071 55.50931 -3.819022 57.50624 55.52841 -3.440742 58.20071 55.5469 -2.223063 58.33975 46.48456 -2.918219 58.81726 55.56356 -2.511929 59.15734 55.57291 -2.065809 59.43831 55.58078 -2.459557 59.90352 64.90311 -1.896077 60.16141 64.91055 -2.132431 60.50298 74.43403 -2.308938 60.68727 83.95795 -2.433844 60.73303 93.58184 -2.51123 60.65263 103.2515 -3.165555 60.39809 93.57221 -3.264855 60.30765 103.2415 -3.862167 59.95928 93.55992 -3.981957 59.85591 103.2289 -4.634159 59.31021 103.2139 -4.687871 59.10357 112.8705 -5.539032 58.09971 112.8433 -5.509305 57.8225 122.4259 -6.11845 56.70452 122.3961 -5.990712 56.40111 131.8405 -6.345257 55.25832 131.8104 -6.119367 54.96976 141.0501 -6.291812 53.94073 139.2564 -6.077074 53.76111 146.0111 -4.663889 55.92683 61.39078 -4.842584 56.70194 64.81706 -4.57147 57.57616 64.84005 -4.115815 58.41263 64.86232 -3.486057 59.15566 64.88239 -2.996856 59.5651 64.89364 -2.771122 60.21065 74.42563 -5.291122 55.72483 69.67709 -5.471357 56.58278 74.3281 -5.16407 57.57358 74.35418 -4.647803 58.5213 74.3794 -3.933863 59.36357 74.40216 -3.37981 59.82727 74.4149 -3.002801 60.36968 83.9488 -5.788947 55.51653 78.10349 -5.935384 56.4295 83.84285 -5.601559 57.5058 83.87119 -5.040906 58.53494 83.89858 -4.265167 59.45006 83.92331 -3.663729 59.95336 83.93714 -6.165398 55.30295 86.63679 -6.257126 56.24415 93.46051 -5.905112 57.37904 93.49039 -5.314096 58.46388 93.51926 -4.495913 59.42898 93.54535 -6.428733 55.08522 95.24034 -6.447994 56.03052 103.1265 -6.085452 57.19928 103.1573 -5.47698 58.31612 103.187 -6.58724 54.86455 103.8745 -6.519248 55.79243 112.7823 -6.153191 56.97247 112.8133 -6.640388 54.49312 118.2372 -6.481647 55.53378 122.3653 -6.577189 54.30757 125.341 -6.459711 54.12316 132.3568 -5.812382 54.67165 150.0151 -5.818783 53.58509 152.5921 -5.482883 54.40542 157.5844 -5.519905 53.4135 158.9702 -5.101298 54.13659 164.8421 -5.183092 53.24713 165.1162 -4.892172 54.00184 168.3394 -4.810676 53.08679 171.0013 -4.671409 53.86715 171.7414 -4.439358 53.7328 175.0424 -4.417889 54.68409 171.7629 -4.199692 54.50506 175.0627 -3.993515 55.46279 171.7837 -3.79859 55.24107 175.0823 -3.403257 56.15858 171.8024 -3.240554 55.89885 175.1001 -2.9498 56.53776 171.8128 -2.812026 56.25718 175.11 -2.339838 56.55472 175.1183 -2.667638 55.97044 178.3003 -2.516802 55.67798 181.3787 -2.89214 55.36415 181.3701 -2.706843 55.08991 184.332 -3.159456 54.55646 184.3175 -2.929073 54.32276 187.1583 -3.226868 53.77637 187.1438 -2.959872 53.59225 189.859 -3.121035 53.073 189.8454 -2.827489 52.9447 192.4307 -3.000986 52.52069 191.3884 -2.741523 52.45978 193.5305 -4.404678 52.93325 176.5975 -4.196389 53.59899 178.2369 -3.971226 54.32452 178.256 -3.594434 55.01589 178.2744 -3.070106 55.63392 178.2911 -3.966813 52.78726 181.8776 -3.942806 53.46591 181.3196 -3.732757 54.14273 181.3374 -3.381307 54.78758 181.3545 -3.678891 53.33378 184.2851 -3.498526 52.64953 186.8159 -3.404899 53.20275 187.1287 -3.253347 52.58398 189.1493 -2.524409 52.81796 194.8805 -2.47507 52.40131 195.5731 -2.211936 52.69295 197.1909 -2.20169 52.34534 197.5141 -2.39868 53.22304 194.8912 -2.443434 53.84869 192.4546 -2.68376 53.40775 192.4429 -2.690351 54.08676 189.8722 -2.314935 54.5292 189.8842 -2.514384 54.81151 187.1715 -2.359704 55.38014 184.3399 -2.450191 56.85258 171.8216 -2.555002 57.14306 168.4239 -2.654091 57.42565 164.9305 -3.204627 57.07876 164.9208 -3.430221 57.58957 157.6696 -3.704433 56.6608 164.9093 -3.971387 57.13698 157.6571 -4.354473 55.89449 164.8886 -4.674633 56.30789 157.6347 -4.822048 55.03649 164.8657 -5.180726 55.37918 157.61 -2.206043 58.25271 157.6884 -2.834273 57.96506 157.6801 -2.319429 58.77268 150.126 -2.423475 59.30907 141.1674 -2.49783 59.77556 131.9325 -2.539503 60.1622 122.4904 -2.545168 60.45837 112.9084 -5.396272 57.49207 131.8695 -4.664632 58.81862 122.4528 -4.571556 58.46458 131.8958 -4.012234 59.36441 122.4678 -3.935177 58.99691 131.9104 -3.234914 59.43809 131.9228 -3.131709 58.98481 141.158 -5.20776 57.11552 141.1069 -4.415197 58.05005 141.1321 -3.804212 58.5611 141.1462 -2.988943 58.46613 150.1171 -5.778707 56.06772 141.079 -5.490361 55.70949 150.0425 -4.950834 56.69959 150.0688 -4.201485 57.58309 150.0927 -3.624359 58.06578 150.1059 -4.178908 55.68073 168.3838 -3.557974 56.41271 168.4036 -3.080744 56.81178 168.4146 -4.625452 54.86135 168.362 -3.484558 53.95994 184.3016 -4.029839 59.6541 112.8856 -3.306134 60.11 112.8983 -3.29454 59.81655 122.4805 -2.327714 52.06147 30.33956 -2.332224 52.22411 30.85993 -2.336698 52.38796 31.37674 -3.422336 49.29072 33.28482 -3.428604 49.56243 34.13095 -4.049712 47.27119 34.93637 -4.056783 47.61755 36.00608 -4.601288 45.19841 36.61584 -4.608859 45.6217 37.91257 -5.079751 43.07435 38.3202 -5.087534 43.57675 39.84708 -5.488743 40.90173 40.04572 -5.496451 41.4853 41.80537 -5.835406 38.65565 41.80996 -5.842776 39.3234 43.80733 -6.117799 36.36493 43.58804 -6.124552 37.1188 45.82471 -6.430488 32.82151 46.29462 -6.435853 33.70907 48.89503 -6.617177 29.19166 49.01007 -6.620622 30.21673 51.97461 -6.691423 25.48558 51.71927 -6.692465 26.65161 55.04604 -6.6621 21.70984 54.40654 -6.660275 23.02002 58.09097 -6.58886 19.14658 56.18535 -6.584872 20.55496 60.10531 -6.475624 16.55682 57.94262 -6.469285 18.06468 62.09408 -6.324963 13.94247 59.67369 -6.316095 15.55101 64.05178 -6.139449 11.3054 61.37385 -6.127858 13.01579 65.97293 -5.958514 9.073586 62.77497 -5.94452 10.87037 67.55475 -5.756311 6.828194 64.14817 -5.739788 8.712117 69.10364 -5.534378 4.570351 65.49067 -5.515211 6.542122 70.61631 -5.294216 2.301178 66.79967 -5.272298 4.361446 72.08951 -5.037336 0.02178573 68.07238 -5.012562 2.17115 73.51994 -4.764144 -2.267578 69.3056 -4.736405 -0.02848434 74.9038 -4.47475 -4.566906 70.49697 -4.443932 -2.237438 76.23831 -4.169494 -6.876015 71.64442 -4.135486 -4.455551 77.52114 -3.910897 -8.752957 72.54003 -3.874228 -6.258388 78.52051 -3.642301 -10.63612 73.40438 -3.6029 -8.067009 79.48314 -3.363862 -12.5254 74.23642 -3.321657 -9.881363 80.4079 -3.075794 -14.42068 75.03498 -3.030695 -11.70133 81.29349 -2.778243 -16.32192 75.79904 -2.7302 -13.52684 82.13867 -2.471387 -18.22899 76.52745 -2.420324 -15.3578 82.9422 -2.155425 -20.14181 77.21915 -2.101255 -17.19412 83.70287 -2.046719 -14.22963 90.14424 -1.991769 -11.24738 96.54077 -1.936392 -8.246422 102.89 -2.264802 -6.641865 101.9287 -2.212129 -3.699364 108.1637 -2.534157 -2.176598 107.0702 -2.484067 0.7078819 113.185 -2.799401 2.149193 111.9503 -2.751842 4.975933 117.9392 -3.060147 6.336075 116.5545 -3.015037 9.105343 122.4121 -3.315994 10.38463 120.869 -3.273248 13.09747 126.5881 -3.566546 14.29612 124.8786 -3.526007 16.95588 130.4459 -3.811342 18.0741 128.5625 -3.753578 21.99103 136.6361 -4.095751 23.22336 134.0141 -4.042031 27.02255 141.6754 -4.371804 28.1083 138.7345 -4.339498 30.499 143.4663 -4.654625 31.48924 140.2596 -4.624766 33.81388 144.7963 -4.92504 34.70853 141.3197 -4.897527 36.96712 145.6555 -5.182419 37.76582 141.9123 -5.157221 39.95812 146.0431 -5.425008 40.66043 142.0352 -5.402075 42.78609 145.9576 -5.650996 43.39159 141.6885 -5.63028 45.4501 145.4004 -5.858548 45.95845 140.8752 -5.839982 47.94918 144.3757 -6.081983 48.43827 138.6806 -6.066005 50.3418 141.9438 -6.272613 50.71486 135.9402 -6.260886 52.29188 138.5767 -6.428712 52.56421 132.3025 -2.318605 51.7394 29.28922 -2.323174 51.89994 29.81591 -3.409612 48.7532 31.5746 -3.416006 49.02103 32.43259 -4.035314 46.58602 32.77367 -4.042554 46.92741 33.85878 -4.585806 44.36114 33.99385 -4.5936 44.7783 35.30946 -5.063779 42.08064 35.2328 -5.071832 42.57574 36.78198 -5.47283 39.74747 36.48783 -5.48087 40.32254 38.27307 -5.82009 37.33487 37.77179 -5.827847 37.9929 39.79796 -6.10361 34.87378 39.06666 -6.110819 35.61668 41.33518 -6.418962 31.06577 41.03947 -6.424861 31.94051 43.67592 -6.609364 27.16363 43.02097 -6.613427 28.17406 46.02532 -6.688327 23.17827 45.00075 -6.690043 24.32791 48.3706 -6.66465 19.11667 46.9683 -6.663557 20.40883 50.69871 -6.59569 16.35862 48.27334 -6.592471 17.74792 52.24106 -6.48714 13.57145 49.56507 -6.481572 15.05922 53.76596 -6.341525 10.75718 50.84036 -6.333441 12.34467 55.2695 -6.161424 7.917824 52.09606 -6.150635 9.606225 56.74782 -5.985308 5.514305 53.13364 -5.97211 7.288368 57.96749 -5.788178 3.095707 54.15334 -5.772442 4.956215 59.16427 -5.571524 0.6632118 55.15327 -5.55315 2.610893 60.33582 -5.336884 -1.781956 56.13157 -5.315749 0.2535668 61.47982 -5.085736 -4.238628 57.08639 -5.061725 -2.114628 62.59395 -4.818501 -6.706554 58.01571 -4.791512 -4.493401 63.67565 -4.535275 -9.185681 58.91796 -4.5052 -6.882767 64.72292 -4.2364 -11.67585 59.79166 -4.203126 -9.282536 65.73396 -3.983144 -13.70032 60.47726 -3.947197 -11.23337 66.52497 -3.720029 -15.73181 61.14241 -3.681328 -13.19078 67.29014 -3.447227 -17.77018 61.78633 -3.405717 -15.15472 68.02851 -3.164914 -19.81532 62.40825 -3.120521 -17.12508 68.73918 -2.873258 -21.86718 63.00737 -2.825925 -19.10175 69.42118 -2.572456 -23.92563 63.58293 -2.522104 -21.08463 70.0736 -2.262701 -25.99059 64.13418 -2.209224 -23.07362 70.69544 -2.314002 51.57972 28.75974 -2.309373 51.42077 28.22772 -3.390091 47.95909 28.96917 -4.013101 45.5741 29.47688 -4.561784 43.12495 29.99534 -4.020586 45.90957 30.58238 -4.5699 43.53469 31.33639 -4.027989 46.24681 31.68143 -4.577908 43.94667 32.66936 -5.038783 40.61395 30.52367 -5.047257 41.1 32.10324 -5.055583 41.58882 33.67308 -5.447692 38.04423 31.06093 -5.795615 35.3863 31.61283 -6.08058 32.67415 32.17194 -5.803979 36.03184 33.67877 -6.088497 33.40279 34.48456 -5.812141 36.68127 35.73191 -6.09617 34.1359 36.78296 -6.399561 28.4761 33.02898 -6.406321 29.33386 35.71544 -6.412784 30.19698 38.38579 -6.595235 24.1722 33.89669 -6.600281 25.16302 36.95603 -6.604988 26.16005 39.99769 -6.680995 19.77423 34.77153 -6.683813 20.90175 38.20049 -6.686249 22.03634 41.61047 -6.665599 15.28976 35.6503 -6.66568 16.55748 39.44326 -6.665352 17.83301 43.2162 -6.602981 12.24324 36.2392 -6.600963 13.60665 40.27147 -6.59853 14.97832 44.28317 -6.501361 9.16346 36.82751 -6.36329 6.052643 37.41431 -6.191294 2.912964 37.99867 -6.35646 7.611561 41.91162 -6.18176 4.571606 42.72023 -6.349195 9.179619 46.38735 -6.171802 6.23975 47.41978 -6.02242 0.2543526 38.48704 -6.010471 1.997742 43.3921 -5.998101 3.7509 48.27473 -5.832895 -2.421738 38.97249 -5.624229 -5.114025 39.4544 -5.397924 -7.821194 39.93225 -5.607066 -3.198734 44.71106 -5.377971 -5.818783 45.35621 -5.589496 -1.273155 49.94451 -5.357626 -3.805889 50.7565 -5.155438 -10.54194 40.40548 -5.132594 -8.451722 45.99048 -5.109349 -6.3508 51.55132 -4.897214 -13.27597 40.87361 -4.623352 -16.02318 41.33623 -4.334161 -18.78336 41.79294 -4.594336 -13.75524 47.22279 -4.301899 -16.42555 47.81924 -4.564981 -11.47628 53.08397 -4.26933 -14.05664 53.81944 -4.088995 -21.02786 42.15814 -4.054027 -18.59683 48.29186 -4.018751 -16.15458 54.39891 -3.834172 -23.28051 42.51896 -3.569858 -25.54122 42.87515 -3.296234 -27.80982 43.2265 -3.013471 -30.08619 43.5728 -2.721751 -32.37019 43.91382 -2.421269 -34.6617 44.2493 -2.31584 -28.89361 57.53778 -2.368687 -31.78366 50.90868 -2.672289 -29.56753 50.50071 -2.967025 -27.35857 50.08092 -3.252748 -25.15686 49.64973 -3.529263 -22.9626 49.20753 -3.79643 -20.77588 48.75477 -1.880589 -5.225784 109.1896 -2.158977 -0.7367058 114.3479 -2.433526 3.612869 119.2481 -2.70381 7.823521 123.8756 -2.969433 11.89661 128.2143 -3.229919 15.83582 132.2426 -3.464146 20.9917 138.6563 -3.694949 25.93564 144.4681 -4.006636 29.50799 146.5228 -4.306599 32.9188 148.1235 -4.594295 36.1681 149.2568 -4.869441 39.25559 149.9142 -5.131465 42.18052 150.096 -5.378604 44.94193 149.8019 -5.609042 47.53874 149.0345 -5.82093 49.96987 147.7987 -6.051734 52.02106 144.7201 -1.824313 -2.184479 115.4371 -2.105368 2.246986 120.479 -2.382498 6.539246 125.2572 -2.65527 10.69368 129.7549 -2.923234 14.71403 133.9503 -3.163826 19.99128 140.5814 -3.401409 25.05482 146.6175 -3.656343 28.51653 149.4235 -3.970597 32.02363 151.2931 -4.273067 35.36931 152.7018 -4.563204 38.55343 153.6372 -4.840747 41.57544 154.0919 -5.105128 44.43444 154.0673 -5.354573 47.12926 153.5646 -5.587277 49.65877 152.5871 -5.803959 51.75243 150.7102 -1.76754 0.8784027 121.63 -1.71026 3.963852 127.766 -1.652431 7.07373 133.8403 -1.996603 8.282124 132.5702 -1.941312 11.33977 138.5146 -2.278763 12.46589 137.0887 -2.199281 16.98489 145.7601 -2.531233 17.98773 144.136 -2.45551 22.41052 152.4334 -2.781517 23.2921 150.603 -2.734644 26.10773 155.7866 -3.052826 26.9105 153.7765 -3.00806 29.68042 158.8056 -3.318128 30.40429 156.6095 -3.275398 33.12901 161.4779 -3.577073 33.7738 159.0903 -3.536337 36.45369 163.7925 -3.896476 37.15214 160.5841 -3.858339 39.76837 165.0961 -4.203981 40.36893 161.6045 -4.168384 42.9212 165.9205 -4.499066 43.42354 162.141 -4.465962 45.91139 166.2562 -4.78146 46.31511 162.1882 -4.750822 48.73786 166.0991 -5.050614 49.04232 161.7504 -5.026121 51.0898 164.9771 -5.308081 51.30793 160.3681 -1.593952 10.21249 139.8417 -1.857122 15.98156 147.2785 -2.118999 21.52899 154.1518 -2.405727 25.30533 157.682 -2.687019 28.95722 160.8843 -2.962524 32.48517 163.7459 -3.231897 35.88946 166.2552 -3.494835 39.17005 168.4013 -3.81944 42.42145 169.5133 -4.132046 45.5106 170.1406 -4.432141 48.43649 170.2749 -4.723625 50.87494 169.4216 -1.504922 14.97783 148.6887 -1.772165 20.64766 155.7553 -2.066248 24.50345 159.4594 -2.355179 28.23485 162.8425 -2.63861 31.84247 165.8911 -2.916192 35.32663 168.5929 -3.187596 38.68741 170.9366 -3.452527 41.92464 172.9121 -3.779751 45.1131 173.8311 -4.094935 48.13873 174.2605 -4.402132 50.66384 173.688 -1.415166 19.76671 157.2411 -1.356225 22.90192 162.6489 -1.296455 26.07438 167.9626 -1.235795 29.28616 173.1769 -1.602239 29.92273 171.5562 -1.543841 33.09266 176.6254 -1.903027 33.64822 174.8219 -1.846813 36.77689 179.7391 -2.198461 37.25118 177.7465 -2.144379 40.33901 182.5055 -2.48822 40.73169 180.318 -2.436236 43.77889 184.913 -2.771988 44.08953 182.5256 -2.722078 47.09614 186.9512 -3.049484 47.32423 184.3594 -3.007898 49.90085 188.0633 -3.326346 50.05712 185.2714 -1.174196 32.53934 178.2868 -1.111605 35.83599 183.2867 -1.047988 39.17816 188.1718 -0.9833083 42.56788 192.9366 -0.9174972 46.00728 197.576 -0.8593259 49.04027 201.5045 -1.244919 49.17387 199.6799 -1.619737 49.31157 197.6833 -1.983598 49.45325 195.5191 -2.336365 49.59879 193.1915 -2.677855 49.74804 190.7048 -3.703319 50.25464 181.6224 -4.062018 50.45697 177.7586 -5.567892 51.52894 155.608 -5.329965 49.34945 157.242 -5.078183 46.72122 157.9533 -4.811418 43.92814 158.1845 -4.531472 40.97139 157.9333 -4.238875 37.85215 157.1968 -3.933884 34.57112 155.9816 -3.617059 31.12866 154.2991 -3.360114 27.71349 151.6544 -3.096872 24.17359 148.6634 -2.852803 18.98991 142.4089 -2.606126 13.59069 135.5665 -2.330931 9.488816 131.2077 -2.051255 5.252651 126.5547 -6.552515 52.8373 125.9203 -6.649576 53.24522 116.2338 -6.633321 53.65097 106.4322 -6.494447 54.05217 96.59072 -6.218321 54.4466 86.77641 -5.953446 54.70272 80.32933 -5.618681 54.95446 73.93475 -5.215672 55.1983 67.68453 -4.737185 55.43679 61.51664 -4.179317 55.6694 55.44616 -4.73313 54.97611 60.7028 -4.175341 55.2905 54.7779 -4.728323 54.45471 59.74799 -4.170641 54.86178 53.99359 -4.723374 53.94195 58.77347 -4.165812 54.44026 53.19282 -4.718275 53.43751 57.77986 -4.160854 54.02571 52.37604 -4.71304 52.94111 56.76776 -4.155781 53.61783 51.54379 -4.707664 52.45239 55.73777 -4.150584 53.21641 50.69658 -4.702158 51.97108 54.69052 -4.145272 52.82115 49.83491 -4.696519 51.49685 53.6266 -4.139843 52.43183 48.95927 -4.690753 51.0294 52.54661 -4.134305 52.04817 48.07019 -4.681522 50.31441 50.83469 -4.125467 51.46144 46.66019 -4.671989 49.61273 49.0846 -4.116365 50.88608 45.21876 -4.665431 49.15002 47.8931 -4.11013 50.50674 44.23694 -4.658758 48.69295 46.68751 -4.103792 50.13212 43.24333 -4.651968 48.24098 45.46901 -4.097356 49.7618 42.23883 -4.645061 47.7938 44.23819 -4.090824 49.39553 41.22393 -4.638044 47.35118 42.99542 -4.084195 49.0331 40.19898 -4.630916 46.9129 41.74108 -4.077479 48.67428 39.16437 -4.623676 46.47871 40.47557 -4.07067 48.3189 38.12044 -4.616324 46.04838 39.19927 -4.063771 47.96673 37.06755 -3.539152 55.89576 49.4822 -3.535493 55.59694 48.95655 -3.531171 55.25891 48.33928 -3.526743 54.92664 47.70872 -3.522212 54.59994 47.06525 -3.517573 54.27861 46.40927 -3.512841 53.96243 45.74123 -3.508013 53.65121 45.06152 -3.503086 53.34474 44.37055 -3.498061 53.04281 43.66873 -3.490071 52.58115 42.55508 -3.481867 52.1288 41.41654 -3.476254 51.83061 40.64067 -3.470561 51.53622 39.85528 -3.464788 51.24532 39.06109 -3.458935 50.95769 38.25848 -3.453011 50.67315 37.44781 -3.44701 50.39154 36.62939 -3.440944 50.11268 35.80355 -3.434808 49.83636 34.97062 -2.417282 56.22377 40.72948 -2.414546 56.04204 40.41166 -2.411336 55.83653 40.03803 -2.408048 55.63462 39.65592 -2.404692 55.43615 39.26559 -2.401268 55.24103 38.8673 -2.397774 55.04913 38.46134 -2.394221 54.86032 38.04796 -2.390606 54.67447 37.62745 -2.386929 54.49144 37.20007 -2.381086 54.21168 36.52122 -2.375109 53.9379 35.82704 -2.37103 53.75749 35.35362 -2.366898 53.57945 34.87421 -2.36272 53.40362 34.3892 -2.35849 53.22986 33.89892 -2.354214 53.05807 33.40358 -2.349899 52.8881 32.90343 -2.34554 52.71984 32.39875 -2.341138 52.55317 31.88976 -2.622523 -26.75299 57.05787 -2.92029 -24.61917 56.55986 -3.208974 -22.49231 56.04436 -3.488402 -20.37251 55.51196 -3.758381 -18.2599 54.96327 -4.845106 -8.907612 52.32755 -4.871348 -11.09721 46.61294 -5.803489 1.246193 49.11677 -5.818408 -0.5928154 44.05602 -6.492294 12.09317 45.34101 -6.49704 10.62394 41.0948 -5.464622 39.17623 34.69044 -5.456243 38.60858 32.88131 -3.403164 48.48705 30.71113 -3.396655 48.2224 29.84256 -2.368879 -12.47017 89.31558 -2.317051 -9.565159 95.64518 -2.68179 -10.71565 88.43787 -2.632987 -7.887463 94.69438 -2.583783 -5.041405 100.9059 -2.985242 -8.966179 87.51252 -2.939404 -6.214397 93.68993 -2.893165 -3.445145 99.82346 -2.846506 -0.6575585 105.911 -3.279085 -7.221832 86.54088 -3.236133 -4.546051 92.63328 -3.192777 -1.853165 98.68293 -3.148995 0.8576126 104.6878 -3.104797 3.587086 110.6456 -3.563121 -5.482731 85.52436 -3.52298 -2.882515 91.526 -3.482436 -0.2655754 97.48603 -3.44147 2.368847 103.4024 -3.400086 5.021503 109.273 -3.358271 7.693184 115.0959 -3.837187 -3.748917 84.4643 -3.799779 -1.223862 90.36962 -3.761964 1.317558 96.23436 -3.723742 3.876049 102.0566 -3.685102 6.452332 107.8343 -3.646034 9.047146 113.5656 -3.606525 11.66122 119.2484 -4.101112 -2.020531 83.36217 -4.066348 0.4298058 89.16564 -4.031191 2.896118 94.92964 -3.995636 5.379112 100.6522 -3.959661 7.879463 106.3315 -3.923264 10.39787 111.9655 -3.886444 12.93504 117.5524 -3.849158 15.49247 123.0881 -4.412737 0.1062774 81.94509 -4.381149 2.46487 87.61545 -4.349171 4.839016 93.24762 -4.316805 7.229351 98.83975 -4.284022 9.636532 104.39 -4.250831 12.0612 109.8964 -4.217219 14.50402 115.3573 -4.183168 16.96643 120.7687 -4.148592 19.45223 126.1209 -4.70828 2.224503 80.46851 -4.67976 4.492016 85.9979 -4.650852 6.774635 91.49034 -4.621557 9.072953 96.94401 -4.591853 11.38761 102.3571 -4.561757 13.71921 107.728 -4.531245 16.06834 113.0547 -4.500298 18.43642 118.3337 -4.468862 20.82711 123.5554 -4.420767 24.45352 131.2562 -4.987401 4.334057 78.935 -4.961837 6.511082 84.31584 -4.935889 8.702786 89.66084 -4.909554 10.90974 94.96833 -4.882824 13.13251 100.2366 -4.855706 15.37168 105.464 -4.828183 17.62781 110.6488 -4.800248 19.90223 115.7874 -4.771828 22.19848 120.8708 -4.728308 25.68127 128.3673 -4.683935 29.19262 135.6509 -5.249982 6.434891 77.34775 -5.227289 8.522034 82.57283 -5.204186 10.62344 87.76309 -5.180719 12.73963 92.91707 -5.156848 14.87114 98.0331 -5.1326 17.0185 103.1096 -5.107964 19.18225 108.1449 -5.082931 21.36365 113.1358 -5.05743 23.56611 118.0732 -5.018323 26.90633 125.3543 -4.978379 30.27521 132.432 -4.951974 32.47839 136.9105 -5.495647 8.526692 75.71124 -5.475692 10.52459 80.77397 -5.455354 12.53629 85.80298 -5.434626 14.56231 90.79677 -5.41353 16.60315 95.75391 -5.392058 18.6593 100.6728 -5.370204 20.73129 105.5521 -5.347967 22.82031 110.3883 -5.325283 24.9296 115.1731 -5.290446 28.12822 122.2287 -5.254776 31.35556 129.0905 -5.231166 33.46595 133.4323 -5.207062 35.60222 137.7075 -5.722873 10.60848 74.02925 -5.705557 12.51774 78.92359 -5.687874 14.44036 83.78526 -5.669798 16.37685 88.61282 -5.65136 18.32765 93.40489 -5.632555 20.29325 98.16009 -5.613383 22.2741 102.877 -5.593841 24.27139 107.5524 -5.57387 26.28818 112.1784 -5.543148 29.34626 118.9993 -5.511589 32.43301 125.6358 -5.490681 34.45125 129.8351 -5.469289 36.49435 133.9704 -5.447404 38.56364 138.0383 -5.930123 12.67921 72.30551 -5.915354 14.5005 77.02592 -5.900205 16.33472 81.71466 -5.884676 18.18232 86.37039 -5.868792 20.04376 90.99182 -5.852544 21.91945 95.57761 -5.835944 23.80987 100.1265 -5.818995 25.7161 104.6354 -5.801628 27.64107 109.0969 -5.774848 30.5597 115.6746 -5.747255 33.50687 122.0774 -5.728924 35.43368 126.1286 -5.71016 37.38427 130.1187 -5.690923 39.35994 134.0443 -5.671208 41.36196 137.902 -6.11589 14.73779 70.54379 -6.103535 16.47184 75.08518 -6.09081 18.21837 79.59593 -6.077724 19.9778 84.07475 -6.064274 21.75055 88.52043 -6.050481 23.53706 92.93169 -6.036346 25.33774 97.30739 -6.021868 27.15363 101.6447 -6.006995 28.98751 105.9364 -5.983992 31.76781 112.2634 -5.960198 34.57645 118.4246 -5.944348 36.41252 122.3229 -5.928074 38.27136 126.1627 -5.911378 40.15417 129.9411 -5.894232 42.06214 133.6547 -5.876623 43.99651 137.3005 -6.306838 17.17068 68.40263 -6.297214 18.80187 72.72508 -6.287225 20.44499 77.01805 -6.276875 22.10043 81.28034 -6.26619 23.76862 85.5109 -6.255166 25.44992 89.70851 -6.243815 27.14477 93.87211 -6.232132 28.85412 97.99912 -6.220085 30.58057 102.0828 -6.201345 33.19778 108.1023 -6.181839 35.84298 113.9671 -6.168793 37.57202 117.6775 -6.155356 39.32262 121.3329 -6.141521 41.09589 124.9302 -6.127271 42.89297 128.4665 -6.11261 44.71498 131.9391 -6.097517 46.56304 135.3447 -6.462578 19.58313 66.21926 -6.455507 21.1126 70.31714 -6.448084 22.65342 74.38665 -6.440317 24.20599 78.42681 -6.432217 25.7707 82.43657 -6.423797 27.34792 86.41486 -6.415057 28.93804 90.36071 -6.406005 30.54196 94.27169 -6.396605 32.16209 98.1417 -6.381875 34.61794 103.8453 -6.366414 37.10132 109.405 -6.356001 38.72446 112.9221 -6.345231 40.36793 116.3875 -6.334089 42.03281 119.7983 -6.322576 43.72013 123.1519 -6.310671 45.43095 126.4456 -6.298388 47.1663 129.6768 -6.285703 48.92726 132.8425 -6.580533 21.97341 63.99999 -6.57583 23.40232 67.86846 -6.570799 24.84202 71.70977 -6.565434 26.2929 75.52296 -6.559749 27.7553 79.30715 -6.55375 29.22958 83.06134 -6.547458 30.71612 86.78462 -6.540863 32.21577 90.47483 -6.533936 33.73075 94.12628 -6.522954 36.02708 99.50695 -6.51126 38.35036 104.7542 -6.503318 39.86873 108.0733 -6.495037 41.40625 111.344 -6.486423 42.9639 114.5637 -6.477458 44.54266 117.7299 -6.46815 46.14349 120.8401 -6.458483 47.7674 123.8919 -6.448451 49.41533 126.8827 -6.438058 51.08826 129.8102 -6.658107 24.33974 61.75114 -6.655602 25.66933 65.38621 -6.652768 27.00916 68.99533 -6.649621 28.35956 72.57765 -6.646166 29.72087 76.13232 -6.642418 31.09345 79.65848 -6.638384 32.47764 83.15531 -6.634066 33.87423 86.6208 -6.62944 35.28527 90.04982 -6.621931 37.42398 95.10169 -6.613739 39.58894 100.0304 -6.608084 41.00374 103.1478 -6.602117 42.43652 106.22 -6.595844 43.88817 109.2446 -6.589258 45.35961 112.2194 -6.582346 46.85174 115.1422 -6.575107 48.36546 118.0107 -6.567544 49.90167 120.8226 -6.559651 51.46128 123.5757 -6.69318 27.82631 58.35017 -6.69359 29.01003 61.63097 -6.693695 30.20308 64.88768 -6.693508 31.40579 68.11957 -6.693033 32.6185 71.32592 -6.69229 33.84153 74.506 -6.691285 35.0752 77.6591 -6.690023 36.32023 80.7835 -6.688477 37.5784 83.87478 -6.685636 39.4853 88.42772 -6.682156 41.41726 92.87229 -6.679573 42.67968 95.68291 -6.676718 43.95835 98.45303 -6.673592 45.25406 101.1808 -6.67019 46.5676 103.8641 -6.666505 47.89978 106.5012 -6.662542 49.25139 109.0901 -6.658294 50.62326 111.6287 -6.653756 52.01617 114.1153 -6.623775 31.2496 54.91831 -6.626644 32.29056 57.84055 -6.629237 33.33996 60.74067 -6.631563 34.39808 63.61808 -6.633636 35.46523 66.47216 -6.635466 36.54174 69.30225 -6.637053 37.62793 72.10774 -6.63841 38.7244 74.8872 -6.639509 39.83272 77.63694 -6.640676 41.51249 81.68534 -6.641263 43.21582 85.63957 -6.641335 44.32882 88.13948 -6.641162 45.45635 90.60357 -6.640748 46.59912 93.03025 -6.640087 47.75782 95.41779 -6.639177 48.93315 97.76462 -6.638024 50.12582 100.0691 -6.636623 51.33653 102.3296 -6.63497 52.56599 104.5445 -6.440962 34.6035 51.47657 -6.445824 35.50508 54.03871 -6.450452 36.41413 56.58091 -6.454836 37.33095 59.10263 -6.458992 38.25583 61.60328 -6.462927 39.18909 64.08236 -6.466655 40.131 66.53932 -6.470168 41.08214 68.97293 -6.473461 42.04381 71.38018 -6.477952 43.50136 74.9229 -6.481908 44.98076 78.38487 -6.484182 45.94745 80.57287 -6.486238 46.927 82.72962 -6.488077 47.91999 84.85367 -6.489705 48.92706 86.94372 -6.491101 49.94879 88.9984 -6.492285 50.98583 91.01632 -6.493251 52.03877 92.99614 -6.493993 53.10823 94.9365 -6.131098 37.87858 48.04474 -6.137425 38.64456 50.24765 -6.143548 39.41703 52.43292 -6.149472 40.19626 54.6001 -6.1552 40.98257 56.74868 -6.160737 41.77622 58.87816 -6.166091 42.57752 60.98806 -6.17125 43.38696 63.07739 -6.176214 44.20559 65.14371 -6.183256 45.44646 68.18329 -6.189822 46.70719 71.15477 -6.193802 47.53106 73.03209 -6.197592 48.3661 74.88248 -6.20119 49.21284 76.70481 -6.20459 50.07181 78.49794 -6.207803 50.94352 80.26081 -6.210807 51.82852 81.99224 -6.213617 52.72733 83.69117 -6.216221 53.64045 85.35644 -5.849946 39.99642 45.78961 -5.856937 40.675 47.75636 -5.863749 41.35941 49.70711 -5.870383 42.04993 51.64141 -5.876834 42.74686 53.55878 -5.883113 43.45043 55.4588 -5.889234 44.16096 57.34099 -5.89518 44.87888 59.20446 -5.900947 45.60513 61.04714 -5.909223 46.70604 63.75685 -5.917053 47.82535 66.40642 -5.921863 48.55686 68.07986 -5.926496 49.29845 69.72917 -5.930961 50.05057 71.35337 -5.935245 50.81371 72.95151 -5.939339 51.58834 74.52259 -5.943258 52.37491 76.06566 -5.946985 53.17391 77.57973 -5.950522 53.98581 79.06384 -5.504003 42.07349 43.55156 -5.511393 42.66661 45.28388 -5.51862 43.26489 47.00189 -5.525699 43.86861 48.70517 -5.532621 44.47805 50.39328 -5.539389 45.09346 52.06577 -5.546009 45.7151 53.72226 -5.552476 46.34338 55.36192 -5.558785 46.9791 56.98303 -5.567893 47.94288 59.36605 -5.576603 48.92346 61.6966 -5.582004 49.56438 63.16805 -5.587244 50.21426 64.61812 -5.592315 50.87353 66.04596 -5.597223 51.54261 67.45079 -5.601959 52.2219 68.8317 -5.606531 52.91182 70.18788 -5.610931 53.61281 71.51849 -5.615152 54.32524 72.82269 -5.095181 44.08314 41.36221 -5.102691 44.59382 42.86515 -5.11007 45.10901 44.35552 -5.117315 45.62898 45.8329 -5.124422 46.15396 47.2969 -5.131399 46.68422 48.74708 -5.138247 47.22001 50.18307 -5.144956 47.76168 51.60416 -5.151528 48.30987 53.00894 -5.161065 49.14109 55.07316 -5.170248 49.98741 57.09215 -5.175961 50.54065 58.36643 -5.181533 51.10176 59.62201 -5.186959 51.67111 60.85818 -5.192233 52.24906 62.0742 -5.197347 52.83599 63.26937 -5.202319 53.43223 64.44297 -5.207124 54.03817 65.59429 -5.211761 54.65417 66.72257 -1.716352 23.70227 161.1161 -2.012701 27.51347 164.677 -2.303814 31.20104 167.91 -2.589365 34.76537 170.8022 -2.869011 38.20661 173.3417 -3.142447 41.52466 175.5176 -3.409381 44.71918 177.3204 -3.739238 47.84495 178.0453 -1.659737 26.79327 166.3847 -1.958295 30.56108 169.7995 -2.251589 34.20584 172.8797 -2.539249 37.72781 175.6128 -2.820957 41.12697 177.9875 -3.096426 44.40301 179.9934 -3.365362 47.5554 181.6215 -1.48447 36.30511 181.5871 -1.789628 39.9491 184.5462 -2.089329 43.47126 187.1518 -2.383268 46.8713 189.3929 -1.424104 39.56209 186.4362 -1.731429 43.16676 189.238 -2.033244 46.64985 191.6804 -1.362695 42.86559 191.1675 -1.672163 46.43193 193.8095 -1.300201 46.21769 195.776</float_array>
          <technique_common>
            <accessor source="#Sail_001-mesh-positions-array" count="2802" stride="3">
              <param name="X" type="float"/>
              <param name="Y" type="float"/>
              <param name="Z" type="float"/>
            </accessor>
          </technique_common>
        </source>
        <source id="Sail_001-mesh-normals">
          <float_array id="Sail_001-mesh-normals-array" count="16800">0.1529397 -0.9710624 -0.1834321 -0.0450105 -0.9781576 -0.2029329 -0.1167227 -0.9723846 -0.2020989 -0.1503623 -0.9688734 -0.1966615 -0.3272209 -0.9252441 -0.191963 -0.6719489 -0.730374 -0.1226314 -0.704987 -0.7048238 -0.07884657 -0.4623051 -0.8679177 -0.1816389 -0.6244926 -0.7658625 -0.1531786 0.105989 -0.981839 -0.1573482 -0.001700401 -0.9864309 -0.1641684 0.05198198 -0.9821127 -0.1809771 0.2137235 -0.9608516 -0.1763135 0.2138944 -0.960817 -0.1762949 0.3687176 -0.9144125 -0.1670243 0.3688709 -0.9143548 -0.1670021 0.5086151 -0.8471173 -0.1539575 0.5087979 -0.8470137 -0.1539235 0.6347351 -0.7604211 -0.1373727 0.6349195 -0.760275 -0.1373292 0.7475159 -0.6538265 -0.117179 0.747694 -0.6536325 -0.1171248 0.8456938 -0.5254948 -0.09304428 0.845808 -0.5253193 -0.09299737 0.9253821 -0.3734842 -0.06463432 0.925439 -0.3733494 -0.06459939 0.9795182 -0.1987698 -0.03216463 0.9795362 -0.1986846 -0.03214311 0.9996676 -0.02578252 -1.7834e-4 0.9996684 -0.02575153 -1.70571e-4 0.99036 0.1353446 0.02947825 0.990374 0.1352469 0.02945375 0.9575799 0.2825841 0.05645418 0.9576209 0.2824517 0.05642074 0.9053015 0.4169813 0.0809679 0.9053796 0.4168199 0.08092659 0.8350232 0.5404166 0.1033735 0.8351653 0.5402076 0.1033189 0.7460337 0.6542761 0.1239216 0.7461977 0.6540981 0.1238737 0.635913 0.7584736 0.1425917 0.6360775 0.7583427 0.1425547 0.501847 0.8502423 0.158864 0.5020604 0.8501231 0.1588273 0.3422542 0.9237935 0.1716612 0.3423708 0.9237532 0.1716464 0.1608699 0.9705289 0.1794288 0.1609472 0.9705173 0.179422 -0.02439773 0.9831972 0.180909 -0.02443063 0.9831961 0.1809108 -0.1967188 0.9644125 0.1766648 -0.1968159 0.9643921 0.176667 -0.3515052 0.9209942 0.1679693 -0.351656 0.9209369 0.1679685 -0.4887705 0.8583836 0.1558235 -0.4889878 0.8582612 0.1558161 -0.6104302 0.7794642 0.1407502 -0.6106022 0.7793315 0.140739 -0.7183896 0.6847128 0.1228201 -0.718572 0.6845247 0.1228017 -0.8134884 0.5726106 0.1017535 -0.8135915 0.5724669 0.1017381 -0.8942483 0.4408755 0.07712781 -0.8943383 0.4406966 0.07710736 -0.9565564 0.2874696 0.04859048 -0.956597 0.2873373 0.04857486 -0.993318 0.114223 0.0165053 -0.9934419 0.1131582 0.01638418 -0.07208931 -0.9867133 -0.145602 0.05356323 -0.9898656 -0.1315186 -0.03940248 -0.9909653 -0.1282004 -0.07216715 -0.9911463 -0.1114487 0.2135009 -0.9709219 -0.1082962 0.2135664 -0.9724958 -0.09295791 0.3684257 -0.9254821 -0.08800804 0.3685473 -0.926637 -0.07427531 0.3683378 -0.9267206 -0.07427138 0.3685269 -0.9275907 -0.06134641 0.368337 -0.9276665 -0.06134182 0.3684554 -0.9283428 -0.04919624 0.5082827 -0.8600002 -0.04525989 0.5084163 -0.8603898 -0.03524732 0.6344295 -0.7723448 -0.0313484 0.6345508 -0.7725272 -0.02338933 0.7472608 -0.6642351 -0.01982349 0.74736 -0.6642832 -0.01344746 0.8454639 -0.5339292 -0.0105099 0.845531 -0.5338953 -0.005765318 0.9252151 -0.3794243 -0.003762602 0.9252495 -0.3793585 -5.66036e-4 0.9794356 -0.2017568 1.12383e-4 0.979445 -0.2017046 0.001677691 0.999665 -0.02586787 8.00859e-4 0.9996651 -0.02586609 8.41905e-4 0.9904456 0.1378977 -0.0013206 0.9904518 0.137837 -0.002522289 0.9577458 0.2875608 -0.005645096 0.9577671 0.2874367 -0.007884681 0.9055628 0.4240502 -0.0117312 0.9056028 0.4238682 -0.01481169 0.83538 0.5493369 -0.01921367 0.8354352 0.5491135 -0.02285516 0.7464419 0.6648758 -0.02765172 0.7465061 0.6646246 -0.03166854 0.6364023 0.7704854 -0.03666621 0.6364673 0.7702188 -0.04089534 0.5023913 0.8634278 -0.04577785 0.502448 0.8631575 -0.05005204 0.3428019 0.9378372 -0.05429798 0.3428409 0.9375735 -0.0584467 0.1613402 0.9849932 -0.06130182 0.1613638 0.9845767 -0.06760591 -0.1327249 0.9892483 -0.06141591 0.03593474 -0.9936934 -0.1062181 -0.1094016 -0.9894011 -0.09548187 0.2134514 -0.9725202 -0.09296649 0.2135215 -0.9737805 -0.07848703 0.2133785 -0.9738121 -0.07848268 0.2135227 -0.9747834 -0.0648505 0.213366 -0.974818 -0.06484526 0.2134367 -0.9755703 -0.05203235 0.3683459 -0.9283858 -0.04920446 0.3684573 -0.928853 -0.03835785 0.5082718 -0.8604745 -0.0352602 0.5083927 -0.860722 -0.02635431 0.6344019 -0.7726491 -0.02340376 0.6345177 -0.7727439 -0.01593881 0.7472628 -0.6643923 -0.01345777 0.7473571 -0.6643804 -0.007496118 0.8454698 -0.5339919 -0.005772709 0.8455349 -0.5339189 -0.001191377 0.9252036 -0.3794708 -5.71803e-4 0.9252385 -0.3793775 0.00253731 0.9794374 -0.2017412 0.001676261 0.9794465 -0.2016794 0.003147065 0.9996654 -0.02585494 8.42236e-4 0.9996653 -0.02585285 8.8293e-4 0.9904454 0.1378828 -0.002521276 0.990451 0.1378163 -0.00367552 0.9577499 0.2874944 -0.007883846 0.9577699 0.2873612 -0.01002115 0.9055646 0.4239498 -0.01481091 0.9056007 0.4237636 -0.01765638 0.8353859 0.5491886 -0.02285462 0.8354355 0.5489638 -0.02619928 0.7464531 0.6646841 -0.03166818 0.7465106 0.6644343 -0.03533864 0.636416 0.7702612 -0.04089492 0.6364739 0.7700004 -0.04472488 0.5023575 0.8632103 -0.05005091 0.5024079 0.8629499 -0.05388647 0.3427597 0.9376032 -0.05844509 0.3428826 0.9363017 -0.07596582 -0.03886562 -0.9953346 -0.08830857 -0.09979867 -0.9917288 -0.0807107 -0.03819352 -0.9963158 -0.0767858 -0.06771427 -0.9954631 -0.06684321 -0.04407614 -0.9968641 -0.06571972 -0.02180093 -0.9982407 -0.05513983 -0.04550516 -0.9975196 -0.05370426 0.0150305 -0.9988738 -0.04500532 -0.02212369 -0.9988749 -0.04194879 0.03827744 -0.998641 -0.03537034 -0.001370847 -0.9995039 -0.03146791 0.05646598 -0.9980589 -0.02627003 0.01748251 -0.9996132 -0.0216279 0.06778997 -0.9975426 -0.0177049 0.0312345 -0.9994345 -0.01244574 0.07090508 -0.9974362 -0.009669721 0.03526276 -0.9993716 -0.003590106 0.06874996 -0.9976322 -0.001896977 0.06431847 -0.9979167 0.005037426 0.1599422 -0.987087 0.008821308 0.08929073 -0.9959194 0.01310378 0.1639367 -0.9862436 0.02117228 0.1865293 -0.9822375 0.0204088 0.1331753 -0.9907031 0.02777612 0.2133004 -0.9766024 0.02739697 0.213352 -0.9763779 0.03416401 0.3683028 -0.929137 0.03251981 0.3683742 -0.9288824 0.03844422 0.5082892 -0.8604503 0.03559875 0.508365 -0.8601831 0.04062253 0.6344497 -0.7721053 0.03642708 0.6345182 -0.7718449 0.04052406 0.7472946 -0.6635823 0.03477668 0.7473478 -0.6633485 0.03794753 0.8454865 -0.533131 0.03039652 0.8455212 -0.5329419 0.03266328 0.9252219 -0.3787259 0.02304744 0.9252105 -0.3788047 0.02219051 0.9950715 -0.09872454 0.009293675 0.2145716 -0.9762004 0.0314933 0.1544061 -0.9874034 0.03454613 0.2133422 -0.97638 0.03416371 0.2133897 -0.976131 0.0404129 0.3683592 -0.9288883 0.0384438 0.3684251 -0.9286209 0.04388821 0.5083103 -0.8602155 0.04062145 0.5083795 -0.8599457 0.04520839 0.6344572 -0.7718951 0.04052352 0.6345192 -0.7716401 0.04423564 0.7472832 -0.6634213 0.03794783 0.7473313 -0.663198 0.04079633 0.8454717 -0.5330203 0.03266447 0.8452532 -0.5339055 0.02218019 0.1836144 -0.982157 0.04066115 0.1912762 -0.9806862 0.04084122 0.133912 -0.9898861 0.04683053 0.1781384 -0.9827822 0.04904967 0.1099206 -0.9925624 0.05232042 0.1239457 -0.9906468 0.0570653 0.2133488 -0.9753614 0.05614691 0.2133826 -0.9750986 0.06041848 0.3683258 -0.9279224 0.05741173 0.3683431 -0.9278311 0.05876147 0.5679506 -0.8210172 0.05799138 0.1136065 -0.9919005 0.05680638 0.06312847 -0.9960905 0.06179434 0.2133092 -0.975115 0.06041646 0.2132992 -0.9751891 0.05924272 0.4678894 -0.8814799 0.06381839 0.0681591 -0.9957426 0.06205636 0.05874389 -0.9961345 0.06530928 0.2066242 -0.9762908 0.06451815 0.05665701 -0.9962621 0.06520628 0.3479319 -0.9349914 0.06880724 0.5083543 -0.8592929 0.05649375 0.6449643 -0.7624352 0.05209058 0.7063388 -0.7060139 0.05128401 0.6344807 -0.7712678 0.05079674 0.7273225 -0.6847491 0.04605132 0.7375093 -0.6738024 0.04550135 0.8168891 -0.5753656 0.04057705 0.7472407 -0.6634719 0.03789901 0.7472963 -0.6632376 0.04079669 0.9369589 -0.3481236 0.03029972 0.9874634 0.1576479 -0.007945299 0.9996654 -0.02562457 0.003528594 0.9793978 -0.2018004 0.007515072 0.9794411 -0.2013728 0.0120092 0.9252454 -0.3786684 0.02304637 0.9252265 -0.3788076 0.02146548 0.8455388 -0.5330482 0.03039568 0.8455002 -0.5332471 0.02787256 0.7473658 -0.663502 0.03477674 0.747307 -0.6637424 0.03127759 0.6345319 -0.7720376 0.03642821 0.6344567 -0.772298 0.03194296 0.5084181 -0.8603741 0.03560167 0.5083351 -0.860632 0.03013527 0.3684077 -0.9290952 0.03252297 0.3683305 -0.9293283 0.02610564 0.2133587 -0.9765896 0.02739906 0.2133055 -0.9767746 0.02030491 0.9904388 0.1377225 -0.007969796 0.9145152 0.4041426 -0.01818495 0.9577683 0.2867304 -0.02157932 0.9055057 0.423691 -0.02335166 0.9055544 0.4233853 -0.02676236 0.9055778 0.4233352 -0.02676147 0.9055547 0.4235029 -0.02482044 0.905578 0.4234531 -0.02481979 0.9055521 0.4236295 -0.02265799 0.905588 0.423553 -0.02265739 0.9055588 0.4237362 -0.02026897 0.9055959 0.4236568 -0.02026873 0.9055635 0.4238431 -0.01765614 0.7813122 0.6231884 -0.03446066 0.8353769 0.5484892 -0.03612577 0.8353534 0.5486288 -0.03451049 0.8353937 0.5485675 -0.03450965 0.8353584 0.548772 -0.03202432 0.8354283 0.5486657 -0.03202331 0.8353886 0.5488808 -0.02925497 0.8354247 0.5488259 -0.02925473 0.8353802 0.5490478 -0.02619916 0.5964633 0.8015431 -0.0419566 0.7465692 0.6632786 -0.05192202 0.7464403 0.664148 -0.04164636 0.74647 0.6641145 -0.04164612 0.7464242 0.6643463 -0.03866457 0.7464794 0.6642843 -0.03866434 0.746428 0.6645272 -0.03533852 0.6363934 0.7696987 -0.05066984 0.3725708 0.9262761 -0.05659949 0.5024802 0.8622484 -0.06357109 0.1239911 0.9906573 -0.05678302 -0.3807206 0.9229135 -0.05729484 -0.1962773 0.9785805 -0.06209176 -0.02388811 0.9971712 -0.07126784 -0.02387022 0.9977905 -0.06200361 0.1613509 0.9849913 -0.06130218 0.1613334 0.9852548 -0.05696099 0.342816 0.937832 -0.05429828 0.3427722 0.9381042 -0.04967546 0.50244 0.8633993 -0.04577863 0.5023767 0.8636732 -0.04106342 0.6364977 0.7704066 -0.03666746 0.6364253 0.7706727 -0.03203815 0.7465149 0.6647939 -0.02765274 0.7464439 0.6650412 -0.02327841 0.8354257 0.5492673 -0.01921463 0.8353649 0.5494837 -0.0152713 0.9055939 0.4239834 -0.01173233 0.9055514 0.4241513 -0.00850588 0.9577664 0.2874919 -0.005646765 0.9577436 0.2876043 -0.003310739 0.9904453 0.1378996 -0.00132054 0.9904386 0.1379544 -3.56547e-5 0.9996657 -0.02584505 8.01726e-4 0.9996656 -0.02584666 7.56219e-4 0.9794473 -0.2017004 1.15092e-4 0.9794382 -0.2017389 -0.00149548 0.9252496 -0.3793404 -0.003756701 0.9252141 -0.3793798 -0.007066786 0.8455367 -0.5338141 -0.01050007 0.8454657 -0.5338026 -0.01557475 0.7473699 -0.6641128 -0.01981067 0.7472661 -0.6639919 -0.0266121 0.6345486 -0.7722474 -0.03133577 0.6344145 -0.7719429 -0.04027998 0.5084758 -0.8598868 -0.04524242 0.5083331 -0.8593083 -0.05645078 0.5085123 -0.8592022 -0.05645358 0.508308 -0.8584563 -0.0683791 0.5085148 -0.8583338 -0.06838059 0.5083651 -0.8573183 -0.08105736 0.368573 -0.9254248 -0.08799415 0.3684493 -0.9239752 -0.1025427 0.2136287 -0.9708949 -0.1082862 0.2135649 -0.9689649 -0.1244868 -0.3511628 0.934374 -0.06024885 -0.6035363 0.7961845 -0.04282838 -0.4885361 0.8704537 -0.06035596 -0.6100778 0.7909127 -0.04756373 -0.6101009 0.7908172 -0.0488367 -0.6101856 0.7907524 -0.04882836 -0.6101289 0.7909994 -0.04541707 -0.610207 0.7909396 -0.04540961 -0.6101444 0.791197 -0.04160916 -0.6102013 0.7911534 -0.04160392 -0.6101321 0.7914161 -0.0374087 -0.6102248 0.791345 -0.03740054 -0.6101489 0.7916072 -0.03280758 -0.6102194 0.7915532 -0.03280174 -0.6101366 0.7918083 -0.02780032 -0.6102167 0.7917468 -0.02779406 -0.6101267 0.7919878 -0.0223788 -0.6102129 0.7919216 -0.02237248 -0.6101188 0.792134 -0.01669895 -0.6101895 0.7920796 -0.01669394 -0.6100919 0.7922574 -0.01078253 -0.6101757 0.7921928 -0.01077711 -0.6100728 0.7923328 -0.004472851 -0.6101837 0.7922474 -0.004466354 -0.6100767 0.7923393 0.00223428 -0.6101841 0.7922565 0.002239823 -0.6100777 0.792289 0.00912857 -0.6101953 0.7921983 0.009135186 -0.6100856 0.7921684 0.01626652 -0.6102178 0.7920666 0.01627308 -0.6101022 0.7919621 0.02390265 -0.6102257 0.7918667 0.02390784 -0.6101043 0.7916728 0.03204429 -0.6102594 0.7915531 0.03204953 -0.6101251 0.791233 0.04120278 -0.6102833 0.7911109 0.04120564 -0.6101387 0.790623 0.05143958 -0.7182821 0.6943092 0.04478073 -0.7181853 0.6937269 0.05434 -0.8134012 0.579967 0.04490858 -0.8132946 0.5794004 0.05335897 -0.8134358 0.5792027 0.05335158 -0.8133274 0.5784654 0.06225979 -0.8134638 0.5782747 0.06224966 -0.8133531 0.5773398 0.07166308 -0.8135 0.5771346 0.07164877 -0.8133873 0.5759746 0.08157479 -0.8135274 0.575779 0.08155769 -0.8134109 0.5743687 0.09199523 -0.8135914 0.5741175 0.09196853 -0.786776 0.6163358 -0.03337699 -0.7181978 0.6943015 -0.04623055 -0.7181397 0.6945817 -0.0427975 -0.7182011 0.6945188 -0.04279005 -0.7181504 0.6947482 -0.03981107 -0.7182056 0.6946915 -0.03980457 -0.7181494 0.6949318 -0.03648656 -0.664529 0.7460697 -0.04220455 -0.6564337 0.7534053 -0.03840911 -0.9179973 0.3963179 -0.01459991 -0.813394 0.5797975 -0.04717093 -0.8132508 0.5808185 -0.03567695 -0.8132842 0.5807721 -0.03567177 -0.8132445 0.5809742 -0.0332002 -0.8133128 0.5808793 -0.03318995 -0.8133876 0.5803967 -0.03924667 -0.7030044 0.7092686 -0.05218225 -0.7745407 0.6305646 -0.04974907 -0.8284596 0.5591379 -0.03192871 -0.894128 0.446889 -0.0287289 -0.8941109 0.4470117 -0.02731722 -0.9564316 0.2914244 -0.01762002 -0.9564832 0.2906411 -0.02583932 -0.9933948 0.1145344 -0.006979107 -0.9950124 -0.09949457 0.007154524 -0.9984822 -0.05505347 0.001548647 -0.9798361 -0.1992393 0.01500141 -0.979808 -0.19966 0.01058876 -0.9611194 -0.2756726 0.01594203 -0.9270545 -0.3746095 0.01541697 -0.919104 -0.3938145 0.01257115 -0.8735647 -0.4862746 0.02053469 -0.8813863 -0.4714896 0.02925169 -0.7541875 -0.6551834 0.04399895 -0.8941096 0.4468676 -0.02961897 -0.9888058 0.1491298 -0.00484699 -0.9424389 -0.3335809 0.02308243 -0.9193722 -0.3922151 0.0303626 -0.8354259 -0.5482442 0.03862339 -0.7482777 -0.6618869 0.04456591 -0.7330576 -0.6786003 0.04613137 -0.7268877 -0.685192 0.04632794 -0.6948355 -0.7175752 0.0478487 -0.6236649 -0.7799362 0.05236232 -0.6296225 -0.7751088 0.05274266 -0.5141097 -0.8558628 0.0564801 -0.9869968 -0.1604188 0.01015126 -0.9984872 -0.05488908 0.003249645 -0.9991803 -0.0403735 0.002957284 -0.9933928 0.1145781 -0.006526172 -0.9963058 0.08566349 -0.006030917 -0.9838657 0.178594 -0.01059502 -0.9564487 0.2913686 -0.01761418 -0.9564715 0.2910951 -0.02063566 -0.9510266 0.3084493 -0.02018779 -0.9831131 0.1827075 -0.01032423 -0.9158335 0.4007815 -0.0249626 -0.7588547 0.6501466 -0.03806698 -0.6981533 0.7148062 -0.04042476 -0.5747596 0.8174095 -0.03864371 -0.5931137 0.8043271 -0.03569293 -0.5401902 0.840821 -0.03485232 -0.6540219 0.7560168 -0.02634042 -0.6576546 0.7528557 -0.02643287 -0.6734125 0.7390391 -0.01835322 -0.7182079 0.6955501 -0.01968544 -0.7181233 0.69576 -0.01472663 -0.7688642 0.6392148 -0.01588857 -0.7155103 0.6985536 -0.008238077 -0.813302 0.5817099 -0.01238203 -0.8132334 0.5818813 -0.008094549 -0.7182011 0.6957702 -0.009551584 -0.7181086 0.6959193 -0.004045128 -0.8643301 0.5028808 -0.006680905 -0.8684921 0.4956541 -0.006979107 -0.8132971 0.5817925 -0.008088648 -0.8132246 0.5819393 -0.003520607 -0.7181932 0.695832 -0.004039406 -0.7180967 0.695941 0.001813352 -0.8938637 0.4482808 0.007204115 -0.7540456 0.6567513 0.009645283 -0.9574756 0.2885068 -0.002111375 -0.951119 0.3088244 2.78507e-4 -0.8941114 0.4478439 8.15182e-4 -0.8940643 0.447915 0.004610478 -0.8133124 0.5817925 0.006346583 -0.8132355 0.5818209 0.01151555 -0.7182052 0.6956889 0.01407873 -0.7181005 0.6956303 0.02074342 -0.956443 0.2919155 0.001454949 -0.9931687 0.1166863 5.63357e-4 -0.993523 0.1136308 3.82975e-4 -0.9932271 0.1161816 0.001291215 -0.9564566 0.2918299 0.005119562 -0.9564352 0.2918412 0.007783055 -0.8941268 0.4476322 0.0127533 -0.8940736 0.4475884 0.01723766 -0.8133432 0.581331 0.02295768 -0.8132492 0.5811628 0.02959281 -0.7182762 0.6948334 0.03585845 -0.7181469 0.6944481 0.04479986 -0.993398 0.1147111 0.001351177 -0.9933963 0.1147155 0.002044498 -0.9931358 0.1169454 0.002253651 -0.9933974 0.1146869 0.002931535 -0.9933968 0.114686 0.003167986 -0.9934012 0.1146478 0.003168463 -0.9934 0.1146381 0.003829181 -0.9928606 0.1191947 0.004522264 -0.9934033 0.1145776 0.004683673 -0.9934018 0.1145561 0.005450129 -0.9934098 0.1144093 0.006895959 -0.9932515 0.1157729 0.006940543 -0.9932567 0.1158012 0.005594611 -0.9564538 0.2913644 0.01740032 -0.9564793 0.2914723 0.01382535 -0.9564452 0.2915843 0.01382577 -0.9564693 0.2916393 0.01062864 -0.9564448 0.2917197 0.01062762 -0.9564669 0.2917368 0.007785499 -0.9934132 0.1142562 0.008720099 -0.9928217 0.1192855 0.008717656 -0.9934091 0.1143587 0.007783234 -0.9934252 0.1139193 0.0113511 -0.993276 0.1152025 0.01145094 -0.9934179 0.1141684 0.009292483 -0.9934182 0.1141301 0.009721696 -0.9934121 0.1141829 0.009724974 -0.993429 0.1136568 0.01345628 -0.9928574 0.1185235 0.0136519 -0.9934254 0.1137936 0.01252788 -0.9934433 0.1129291 0.01781994 -0.9886069 0.1480259 0.02728897 -0.9565942 0.2871738 0.04958695 -0.9159613 0.3943408 0.0742318 -0.8943231 0.4403086 0.07946419 -0.8135733 0.5720922 0.1039674 -0.780901 0.6139256 0.1152774 -0.7185567 0.6842192 0.1245811 -0.6105557 0.7784367 0.1458011 -0.5926318 0.7913385 0.1502364 -0.4889513 0.8573736 0.1607393 -0.36399 0.9141848 0.1782627 -0.3515944 0.9189918 0.1784253 -0.1967963 0.9622678 0.1879144 -0.1105472 0.9742628 0.1964465 -0.0244776 0.9805583 0.1946949 0.150329 0.9686993 0.1975421 0.1607872 0.9672408 0.1964509 0.342173 0.9211921 0.1852639 0.401026 0.8974123 0.1839278 0.5018975 0.8483948 0.1683007 0.6358926 0.7566474 0.1520703 0.6245142 0.7659236 0.1527846 0.7461648 0.6537743 0.1257668 0.8054004 0.5814855 0.1149121 0.8351672 0.5402306 0.1031818 0.9054113 0.4172267 0.07843625 0.9313842 0.3571071 0.07069641 0.9576565 0.283061 0.05263626 0.9938732 0.108262 0.02225488 0.9903705 0.1351772 0.02988994 0.9996757 -0.02503025 -0.004692733 0.988605 -0.1487246 -0.0232625 0.9795271 -0.1980528 -0.03607863 0.9254063 -0.3725324 -0.06958931 0.9159691 -0.3946893 -0.07225483 0.8456962 -0.5236168 -0.1030701 0.7808826 -0.6135327 -0.1174728 0.7475473 -0.6515754 -0.1289286 0.6347411 -0.7577288 -0.1514959 0.5925838 -0.7904632 -0.1549599 0.5086148 -0.8439315 -0.1705595 0.3639558 -0.9135336 -0.1816385 0.3687745 -0.9117608 -0.1808247 0.2138407 -0.9574877 -0.1936217 0.1105524 -0.9750401 -0.1925482 -0.4009755 -0.8968605 -0.1867079 -0.8052286 -0.5795642 -0.1253481 -0.8643169 -0.4934768 -0.09714287 -0.4655335 -0.8662014 -0.1815868 -0.7262897 -0.6765358 -0.1216658 -0.8168475 -0.5632799 -0.1244029 -0.9189395 -0.3846709 -0.08705466 -0.9312974 -0.3558318 -0.07790279 -0.9796723 -0.1952738 -0.04593878 -0.9938682 -0.1080077 -0.02366781 -0.9984441 -0.05351287 -0.01567685 -0.9984546 -0.05381548 -0.01386612 -0.9985046 -0.05276513 -0.01429414 -0.9984517 -0.05369722 -0.01452183 -0.9984645 -0.05420333 -0.01143586 -0.998692 -0.04990023 -0.01114755 -0.9984632 -0.05406552 -0.01217359 -0.9984573 -0.0539416 -0.01316469 -0.9984587 -0.05391681 -0.01316159 -0.9984744 -0.054506 -0.008827507 -0.9985318 -0.05318158 -0.01029878 -0.9984694 -0.05430388 -0.01049226 -0.9984781 -0.05462014 -0.007631421 -0.9987097 -0.0502153 -0.007577419 -0.9984753 -0.05456125 -0.008380651 -0.9984713 -0.05450254 -0.009190618 -0.9984729 -0.05447381 -0.009188592 -0.9984824 -0.05477124 -0.005759358 -0.9985535 -0.05346155 -0.005725443 -0.9985451 -0.05349075 -0.006821751 -0.9984812 -0.05466336 -0.006869614 -0.9984843 -0.05485761 -0.004458189 -0.9987019 -0.05072766 -0.004600703 -0.9984847 -0.05478835 -0.005143463 -0.9994266 -0.03373378 -0.00291568 -0.9993529 -0.03588515 -0.002462387 -0.999585 -0.02874726 -0.001885831 -0.9992564 -0.03847485 -0.002530276 -0.9928989 -0.1187971 -0.006251156 -0.9896665 -0.1430704 -0.00953722 -0.9899756 -0.1409208 -0.009466767 -0.9836721 -0.1794158 -0.0141142 -0.9862195 -0.1648169 -0.01436948 -0.9798045 -0.1990982 -0.01852136 -0.9797756 -0.1989074 -0.02180993 -0.9996147 -0.02758586 -0.003114759 -0.9988695 -0.04697805 -0.007269203 -0.9798031 -0.1987727 -0.0218026 -0.9797716 -0.1985165 -0.02527517 -0.9998539 -0.01651132 -0.004403471 -0.8853756 -0.4616718 -0.05448949 -0.9797984 -0.1983851 -0.02526599 -0.9797641 -0.1980531 -0.02893573 -0.9999803 0.005591392 -0.002894818 -0.9919086 0.1262977 0.01289564 -0.9797811 -0.19797 -0.02892851 -0.9797435 -0.1975522 -0.03279989 -0.9999076 0.01357734 -5.82295e-4 -0.9932605 -0.1140643 -0.0205695 -0.9797616 -0.1974636 -0.03279066 -0.9797201 -0.1969506 -0.03686296 -0.9836933 -0.1775356 -0.02878743 -0.9842085 -0.1750275 -0.02644109 -0.9611588 -0.2715751 -0.04919999 -0.9471219 -0.316213 -0.05449426 -0.9596166 -0.2758333 -0.05524492 -0.9184342 -0.3893206 -0.07005751 -0.9192192 -0.3874993 -0.06986051 -0.8990516 -0.4306766 -0.07889097 -0.8703173 -0.4843074 -0.08940958 -0.8290914 -0.5503301 -0.09871405 -0.9934291 0.1135028 0.01468849 -0.9934345 0.1134566 0.01468318 -0.9934355 0.1133302 0.01556122 -0.9984861 -0.0548653 -0.003932237 -0.979736 -0.1961266 -0.04064172 0.2137704 -0.9637776 -0.1594838 0.2136214 -0.9638084 -0.1594974 0.2136811 -0.9665947 -0.1415452 0.2136095 -0.9666097 -0.1415515 0.2136703 -0.9689429 -0.1244781 0.3688286 -0.9171403 -0.1510598 0.3686351 -0.9172142 -0.1510837 0.3687621 -0.9198069 -0.1340514 0.3685544 -0.9198867 -0.1340754 0.3686802 -0.9220522 -0.1178761 0.3685121 -0.922117 -0.1178942 0.3686366 -0.9239026 -0.1025238 0.5087592 -0.8495782 -0.139215 0.5085303 -0.8497094 -0.1392515 0.5086936 -0.8520401 -0.1235248 0.5084732 -0.852167 -0.1235575 0.508633 -0.8541066 -0.1086013 0.5084063 -0.8542377 -0.1086325 0.5085633 -0.8558293 -0.09444481 0.5084101 -0.855918 -0.09446418 0.5085633 -0.8572028 -0.08103418 0.6348847 -0.7625601 -0.1241915 0.6346659 -0.7627349 -0.1242362 0.6348354 -0.7647517 -0.1101763 0.6346226 -0.7649224 -0.1102164 0.6347859 -0.7665947 -0.09684747 0.6345872 -0.7667548 -0.09688192 0.6347457 -0.7681199 -0.08420038 0.6345248 -0.7682986 -0.08423554 0.6346809 -0.7693914 -0.07222884 0.6344917 -0.7695448 -0.07225638 0.6346439 -0.7703992 -0.06092798 0.7476452 -0.655599 -0.105908 0.7474535 -0.6558094 -0.1059587 0.7475985 -0.657474 -0.09393858 0.7474328 -0.6576567 -0.09397888 0.7475727 -0.65903 -0.08255028 0.7473933 -0.6592285 -0.08259028 0.7475306 -0.6603408 -0.07174938 0.7473598 -0.6605304 -0.07178413 0.7474939 -0.6614136 -0.06152307 0.7473371 -0.6615879 -0.06155204 0.747468 -0.6622695 -0.05187129 0.6344494 -0.7705593 -0.06092894 0.6346443 -0.7711673 -0.05027568 0.8457826 -0.5268629 -0.08406692 0.8456352 -0.527091 -0.08411967 0.8457357 -0.5283693 -0.07454544 0.8455945 -0.5285888 -0.07459175 0.8456925 -0.529637 -0.06548887 0.8455781 -0.5298155 -0.06552314 0.8456736 -0.5306597 -0.05689036 0.845548 -0.5308561 -0.05692464 0.845642 -0.5315192 -0.04875451 0.8455327 -0.5316905 -0.04878151 0.8456249 -0.5321951 -0.04107213 0.7472774 -0.6624844 -0.05187493 0.7474395 -0.6629515 -0.04277378 0.6344352 -0.7713394 -0.05027425 0.6345796 -0.7718081 -0.04026198 0.9254236 -0.3744122 -0.05836659 0.9253422 -0.3746066 -0.05841028 0.9253903 -0.375469 -0.05172836 0.9253234 -0.3756293 -0.0517612 0.9253709 -0.3763333 -0.04540681 0.9252988 -0.3765066 -0.04543906 0.925346 -0.3770693 -0.03941434 0.9252843 -0.377218 -0.03943938 0.9253311 -0.3776561 -0.03373634 0.9252569 -0.3778355 -0.03376358 0.9253035 -0.3781636 -0.02838325 0.8455128 -0.5323731 -0.04107642 0.8456241 -0.5327055 -0.0338329 0.7472879 -0.6631223 -0.04277426 0.7474119 -0.6634791 -0.03422111 0.7472842 -0.6636219 -0.03423845 0.7473993 -0.6638426 -0.02659481 0.9795239 -0.1992273 -0.02900403 0.9795056 -0.1993153 -0.0290234 0.9795132 -0.1997388 -0.02565652 0.9794924 -0.1998379 -0.02567636 0.9795008 -0.2001827 -0.02247172 0.9794807 -0.2002791 -0.02248924 0.9794898 -0.2005525 -0.0194537 0.9794695 -0.2006498 -0.01946967 0.9794791 -0.2008614 -0.01659476 0.9794644 -0.200933 -0.01660531 0.9794743 -0.2010896 -0.01389592 0.9252413 -0.3783155 -0.0283876 0.9252983 -0.3785216 -0.02333259 0.8454957 -0.5329094 -0.03383493 0.8455834 -0.5331586 -0.02702873 0.8454794 -0.5333226 -0.02704721 0.8455615 -0.5334663 -0.02096098 0.8454743 -0.533604 -0.0209757 0.8455483 -0.533672 -0.01556223 0.9996672 -0.02579575 -8.6346e-5 0.9996675 -0.02578717 -8.44758e-5 0.9996671 -0.02579939 1.31614e-5 0.9996668 -0.0258128 1.05e-5 0.9996665 -0.02582287 1.05096e-4 0.9996665 -0.02582144 1.05352e-4 0.9996663 -0.02582913 1.91983e-4 0.9996663 -0.02583253 1.9143e-4 0.999666 -0.02583855 2.74383e-4 0.9996665 -0.02582073 2.76978e-4 0.9996664 -0.02582514 3.5439e-4 0.999666 -0.02584123 3.52296e-4 0.9996659 -0.02584385 4.25276e-4 0.979454 -0.2013481 -0.01135325 0.9794646 -0.2014171 -0.008960843 0.9794442 -0.2015154 -0.008971035 0.9794546 -0.201549 -0.006830751 0.9794451 -0.2015953 -0.006835222 0.9794546 -0.201604 -0.004932403 0.979442 -0.2016656 -0.004937708 0.9794514 -0.2016555 -0.003154993 0.9794409 -0.2017067 -0.003158867 0.97945 -0.2016814 -0.001491665 0.9903837 0.1357423 0.02672255 0.9903742 0.1358095 0.02673715 0.9903985 0.1361774 0.02380067 0.9903872 0.1362574 0.02381652 0.9904092 0.1365561 0.02102494 0.9903945 0.1366594 0.02104347 0.9904145 0.1368973 0.01839482 0.9904053 0.1369616 0.01840525 0.9904234 0.137145 0.01589834 0.9904118 0.137228 0.01591044 0.9904282 0.1373641 0.01354068 0.9904149 0.1374569 0.01355278 0.9904316 0.1375386 0.01132631 0.9996658 -0.02585005 4.25163e-4 0.9996657 -0.02585196 4.94884e-4 0.9996659 -0.02584534 4.9556e-4 0.9996657 -0.02584618 5.56035e-4 0.9996657 -0.02584671 5.55984e-4 0.9996657 -0.02584689 6.11869e-4 0.9996659 -0.02584129 6.12344e-4 0.9996659 -0.02584093 6.62402e-4 0.9996655 -0.02585464 6.61385e-4 0.9996655 -0.02585387 7.09706e-4 0.9996657 -0.02584701 7.1015e-4 0.9996657 -0.02584582 7.56255e-4 0.9576486 0.2833673 0.05111026 0.9575964 0.2835367 0.05114746 0.9576683 0.2842638 0.04544723 0.9576207 0.2844194 0.04547828 0.9576864 0.285012 0.04006105 0.9576424 0.2851561 0.04008716 0.9577031 0.2856276 0.0349496 0.9576637 0.2857576 0.03497087 0.9577197 0.2861234 0.03010565 0.9576757 0.2862687 0.03012704 0.9577276 0.2865419 0.0255286 0.9576851 0.2866821 0.02554702 0.9577401 0.2868507 0.0212289 0.9904214 0.1376116 0.01132762 0.9904348 0.1376709 0.009244382 0.9904305 0.1377027 0.009247601 0.9904422 0.137731 0.007380247 0.9904331 0.1377959 0.007386445 0.9904431 0.1378028 0.005729734 0.9904383 0.1378375 0.005732655 0.9904474 0.1378278 0.004175007 0.9904377 0.1378973 0.004180192 0.990446 0.1378746 0.002725899 0.9904395 0.1379207 0.002728939 0.9904471 0.1378867 0.001325309 0.9904406 0.1379335 0.001327514 0.9904479 0.1378872 -3.82327e-5 0.9054265 0.4181317 0.07327157 0.9053229 0.4183477 0.07331949 0.9054539 0.4194205 0.06511247 0.905366 0.4196045 0.06514972 0.9054871 0.4204813 0.05734735 0.9053946 0.4206755 0.057383 0.9055064 0.4213783 0.04998356 0.90542 0.4215605 0.05001384 0.9055242 0.4221095 0.04300647 0.9054437 0.4222794 0.04303193 0.9055407 0.4226943 0.03640937 0.9054597 0.4228656 0.03643238 0.905565 0.4231302 0.03021341 0.9577042 0.28697 0.02123069 0.9577484 0.2870934 0.01718461 0.9577026 0.287245 0.01720035 0.957742 0.2873082 0.01357626 0.9577159 0.2873947 0.01358467 0.95775 0.2874151 0.0103653 0.9577072 0.2875575 0.01037764 0.9577388 0.2875455 0.007357537 0.9577279 0.2875814 0.007360279 0.9577569 0.2875434 0.004538655 0.957728 0.2876396 0.004545092 0.9577552 0.2875791 0.001821398 0.957732 0.2876561 0.001825153 0.9577587 0.2875722 -8.2523e-4 0.9577343 0.2876531 -8.21987e-4 0.957759 0.2875529 -0.003312408 0.8352044 0.5419274 0.0935319 0.8350766 0.5421168 0.0935747 0.8352687 0.5435295 0.08307701 0.8351073 0.54377 0.08312666 0.8352849 0.54493 0.07314658 0.8351595 0.5451174 0.0731818 0.8353245 0.5460526 0.06371414 0.8351649 0.5462921 0.06375497 0.8353186 0.5470289 0.054793 0.8352177 0.5471806 0.05481636 0.8353615 0.5477442 0.04634106 0.8352139 0.5479666 0.04637181 0.8353732 0.5483394 0.03841179 0.9054706 0.4233322 0.03021574 0.9055545 0.4235284 0.02438884 0.9054846 0.4236768 0.02440464 0.9055597 0.4237847 0.01918673 0.9054955 0.4239214 0.0192005 0.9055609 0.4239662 0.01456284 0.9055127 0.4240689 0.01457208 0.9055734 0.4240663 0.01022356 0.9055039 0.4242144 0.01023536 0.90556 0.4241733 0.006168723 0.9055241 0.4242499 0.006174147 0.905577 0.424176 0.002251267 0.9055238 0.4242894 0.002257108 0.9055758 0.4241817 -0.001560211 0.905541 0.424256 -0.001557052 0.9055896 0.4241237 -0.005145847 0.9055367 0.4242368 -0.005141973 0.9055819 0.4240861 -0.008507609 0.7462641 0.6561404 0.1121149 0.7460602 0.6563633 0.1121667 0.7463046 0.6581152 0.09956866 0.7461246 0.6583129 0.09961062 0.7463513 0.6597573 0.08763504 0.7461585 0.6599701 0.08767634 0.7463684 0.6611431 0.07631444 0.746223 0.661304 0.07634288 0.7464185 0.6622366 0.06558942 0.746235 0.6624402 0.06562209 0.7464186 0.663163 0.05544584 0.7462472 0.6633535 0.05547338 0.7464543 0.6638505 0.04592007 0.8352492 0.5485282 0.03841304 0.8353733 0.5488106 0.03095865 0.8352727 0.5489628 0.03097546 0.8353847 0.5491285 0.02429914 0.8352894 0.5492727 0.02431434 0.8353876 0.5493538 0.01838004 0.8352931 0.5494973 0.01839363 0.8353844 0.5495165 0.0128293 0.8353155 0.5496209 0.01283812 0.8354 0.5495894 0.007636487 0.8353139 0.5497202 0.007646322 0.8353937 0.5496459 0.002624154 0.8353107 0.5497719 0.002631127 0.8353891 0.5496543 -0.002252995 0.8353266 0.5497493 -0.002248585 0.8354004 0.5495992 -0.006843328 0.8353309 0.549705 -0.006839215 0.8353993 0.5495306 -0.01114457 0.8353511 0.5496038 -0.01114231 0.8354158 0.5494063 -0.01527285 0.6361742 0.7606847 0.1290004 0.6359323 0.760879 0.1290475 0.636209 0.762966 0.1145474 0.6360111 0.7631257 0.114583 0.6362658 0.7648567 0.100798 0.6360989 0.7649918 0.1008257 0.6363373 0.7664042 0.08774626 0.6361516 0.7665552 0.08777445 0.6363736 0.7676879 0.07539153 0.6361916 0.7678363 0.07541686 0.636399 0.7687253 0.06370085 0.6362108 0.7688791 0.06372463 0.6364542 0.7695105 0.05272251 0.7462914 0.6640335 0.04591995 0.7464517 0.6644119 0.03696978 0.7462881 0.6645945 0.03699117 0.7464314 0.6648312 0.02897721 0.7463294 0.6649451 0.02898997 0.7464553 0.6650761 0.02186727 0.746354 0.6651896 0.02187877 0.7464712 0.6652441 0.01519858 0.7463491 0.6653808 0.0152111 0.7464575 0.6653726 0.008966565 0.7463798 0.6654598 0.008973717 0.7464824 0.6653987 0.002945423 0.7463737 0.6655205 0.002952873 0.7464748 0.6654073 -0.002910971 0.7463809 0.6655127 -0.002905428 0.7464759 0.6653593 -0.008421421 0.746415 0.6654276 -0.008418381 0.7465034 0.665243 -0.01358747 0.7464272 0.6653285 -0.01358437 0.7465108 0.6651149 -0.01854509 0.746448 0.6651852 -0.01854324 0.7465268 0.6649479 -0.0232802 0.5021122 0.8527765 0.1437205 0.5019316 0.8528784 0.1437472 0.5022104 0.8552808 0.127591 0.5019837 0.8554093 0.1276221 0.5022407 0.8574104 0.1122577 0.5020223 0.8575347 0.1122854 0.5022603 0.8591786 0.09770774 0.5021009 0.8592696 0.09772652 0.5023235 0.8605976 0.08392256 0.5021139 0.8607175 0.08394533 0.5023217 0.8617705 0.07088381 0.5021178 0.8618876 0.07090419 0.5023725 0.8626608 0.05863648 0.6362559 0.7696746 0.05272048 0.6364367 0.7701621 0.04241305 0.6362606 0.7703064 0.04243141 0.6364238 0.7706246 0.03320342 0.6362723 0.7707491 0.0332188 0.6364148 0.7709414 0.02501291 0.6362724 0.7710584 0.02502614 0.6364051 0.7711601 0.01733422 0.6363267 0.7712248 0.01734083 0.6364495 0.7712516 0.01014977 0.6363288 0.771351 0.01015907 0.6364452 0.7713152 0.003214299 0.6363339 0.771407 0.003220736 0.6364482 0.7713114 -0.003533422 0.6363404 0.7714003 -0.003527939 0.6364479 0.7712565 -0.009880185 0.6363798 0.7713126 -0.009877204 0.6364797 0.7711308 -0.01583337 0.6364024 0.7711947 -0.01583045 0.6364969 0.7709782 -0.02154803 0.6363748 0.7710791 -0.02154451 0.6364635 0.7708341 -0.02700197 0.6364058 0.7708818 -0.02700066 0.6364862 0.7706223 -0.03203922 0.3424789 0.9266015 0.1552997 0.3422997 0.9266644 0.155319 0.3425361 0.9293353 0.137858 0.3423959 0.9293849 0.1378722 0.3426141 0.9316169 0.1212667 0.3424482 0.9316758 0.1212825 0.3426495 0.9335179 0.105526 0.342474 0.9335805 0.1055417 0.3426595 0.9350788 0.09062123 0.3425633 0.9351132 0.09062927 0.3427357 0.9363111 0.07651001 0.3425595 0.9363744 0.07652378 0.3427909 0.9372793 0.06326133 0.5022011 0.8627607 0.0586332 0.50238 0.863361 0.04714041 0.5022251 0.8634504 0.04715347 0.5023856 0.8638573 0.03686827 0.5022733 0.8639222 0.03687763 0.5024144 0.8641822 0.0277304 0.5022838 0.8642577 0.02774053 0.5024147 0.8644145 0.01916378 0.5022593 0.8645045 0.01917493 0.5023806 0.8645747 0.01115518 0.5022863 0.8646294 0.01116144 0.5024002 0.8646284 0.00341916 0.5022934 0.8646905 0.003424644 0.5024054 0.8646224 -0.004106044 0.5023263 0.8646684 -0.004102349 0.5024315 0.8645446 -0.01118636 0.5023238 0.8646073 -0.01118189 0.5024218 0.8644388 -0.0178259 0.5023454 0.8644833 -0.01782304 0.502438 0.8642746 -0.02419978 0.502371 0.8643134 -0.02419775 0.5024577 0.8640714 -0.03028178 0.5023964 0.8641071 -0.03028017 0.5024749 0.8638461 -0.03590184 0.5023885 0.8638964 -0.03589993 0.5024594 0.8636251 -0.04106497 0.161019 0.9735116 0.1623213 0.1609098 0.9735283 0.1623293 0.1610628 0.9763716 0.144074 0.160973 0.9763854 0.1440804 0.1611114 0.9787673 0.1267186 0.1610627 0.978775 0.1267219 0.1611877 0.9807466 0.1102475 0.1611093 0.980759 0.1102526 0.1612238 0.9823685 0.09465247 0.1611365 0.9823824 0.09465795 0.1612401 0.9836764 0.07988995 0.1611428 0.9836919 0.07989573 0.1613146 0.984692 0.06602483 0.3426277 0.9373393 0.0632565 0.3427762 0.9380409 0.05082947 0.3426396 0.9380904 0.05083888 0.3427707 0.9385791 0.03971892 0.3426651 0.9386172 0.03972631 0.3427788 0.9389423 0.02983456 0.3426643 0.9389839 0.02984213 0.3427705 0.9391939 0.02057051 0.342705 0.9392178 0.02057456 0.342802 0.9393323 0.01190608 0.3427157 0.9393637 0.01191121 0.3428074 0.939399 0.003539443 0.342728 0.9394279 0.003543138 0.3428178 0.9393907 -0.004600107 0.3427492 0.9394156 -0.004597127 0.342833 0.9393163 -0.01226013 0.3427357 0.9393519 -0.0122562 0.3428133 0.9392024 -0.01944023 0.3427562 0.9392233 -0.01943808 0.3428292 0.9390286 -0.02633351 0.3428023 0.9390384 -0.02633261 0.342871 0.9388056 -0.03291469 0.3427926 0.9388344 -0.03291231 0.3428541 0.9385791 -0.03899341 0.342799 0.9385992 -0.03899192 0.3428542 0.9383303 -0.04457765 0.3428123 0.9383457 -0.04457658 0.3428614 0.9380715 -0.04967755 -0.02434569 0.9862173 0.1636547 -0.02430307 0.9862186 0.1636529 -0.02425384 0.989099 0.1452409 -0.02421182 0.9891003 0.1452392 -0.02417242 0.9915148 0.127727 -0.02413988 0.9915158 0.1277256 -0.02410918 0.9935163 0.1111038 -0.02413082 0.9935157 0.1111047 -0.02410775 0.9951497 0.09537154 -0.02403247 0.9951519 0.0953682 -0.02401506 0.9964676 0.08047121 -0.1967564 0.9673417 0.1598026 -0.1966371 0.9673662 0.159801 -0.1966848 0.9701578 0.1418066 -0.1965861 0.9701779 0.1418049 -0.1966386 0.9725152 0.1246894 -0.1965596 0.9725314 0.1246878 -0.1966127 0.9744653 0.1084471 -0.1964665 0.9744951 0.1084435 -0.1965247 0.9760716 0.09307187 -0.1964268 0.9760916 0.09306919 -0.1964866 0.9773587 0.07850432 -0.02404558 0.996467 0.0804696 -0.02395278 0.9975005 0.06647545 0.1612115 0.9847092 0.0660206 0.1612961 0.9854806 0.05302411 0.1612442 0.985489 0.05302697 0.1613184 0.9860337 0.04140049 0.1612911 0.986038 0.0414021 0.161355 0.9864076 0.03105747 0.1612998 0.9864166 0.03106063 0.1613575 0.9866647 0.02136397 0.161282 0.986677 0.0213682 0.1613342 0.9868232 0.01230353 0.1613331 0.9868233 0.01230359 0.1613815 0.9868857 0.00354737 0.1613187 0.986896 0.003550112 0.1613654 0.9868822 -0.004967629 0.161323 0.9868892 -0.004965841 0.1613659 0.9868093 -0.01298022 0.1613482 0.9868121 -0.0129795 0.1613871 0.9866784 -0.02049279 0.1613589 0.9866831 -0.02049165 0.1613948 0.9865009 -0.0277056 0.161342 0.9865096 -0.0277037 0.1613749 0.9862868 -0.03459054 0.1613511 0.9862907 -0.0345897 0.1613808 0.9860423 -0.04095011 0.1613542 0.9860467 -0.04094916 0.1613801 0.9857824 -0.04679298 0.1613467 0.9857879 -0.04679185 0.1613695 0.9855164 -0.05212694 0.1613816 0.9855144 -0.0521273 0.1614016 0.9852434 -0.05696314 -0.351607 0.923738 0.1519231 -0.3513937 0.9238188 0.1519258 -0.3515135 0.9264273 0.1347998 -0.3513603 0.9264851 0.1348007 -0.3514769 0.9286648 0.1185154 -0.3512825 0.9287382 0.1185151 -0.3514004 0.9305354 0.1030609 -0.351257 0.9305897 0.1030598 -0.3513746 0.9320493 0.08843094 -0.3512269 0.9321051 0.08842897 -0.351343 0.9332727 0.07456624 -0.1964269 0.9773704 0.07850837 -0.1964113 0.9783762 0.06482791 -0.02397638 0.9975 0.06647419 -0.02396965 0.9982874 0.05336189 -0.02395647 0.9982878 0.05336129 -0.02395248 0.9988459 0.04163116 -0.02396386 0.9988456 0.04163169 -0.02396357 0.9992259 0.03119683 -0.02392691 0.9992269 0.03119498 -0.0239284 0.9994843 0.02141445 -0.02390658 0.9994848 0.02141338 -0.02391004 0.9996388 0.01227074 -0.02390575 0.9996389 0.01227056 -0.02391016 0.9997082 0.003435015 -0.02390819 0.9997082 0.003434896 -0.02391535 0.9997007 -0.00515604 -0.02388161 0.9997016 -0.00515747 -0.02388906 0.9996269 -0.01324182 -0.02387046 0.9996274 -0.01324266 -0.02387893 0.9994979 -0.02082389 -0.02388578 0.9994978 -0.02082359 -0.02389502 0.9993194 -0.02810144 -0.02387917 0.9993199 -0.02810209 -0.02388876 0.9991001 -0.03504896 -0.02387332 0.9991004 -0.03504955 -0.02388268 0.9988544 -0.04146736 -0.02389556 0.9988541 -0.04146683 -0.02390521 0.9985918 -0.04736143 -0.02386659 0.9985926 -0.04736304 -0.02387571 0.9983226 -0.05274569 -0.02388942 0.9983221 -0.05274516 -0.0238983 0.9980522 -0.05762398 -0.023862 0.9980531 -0.05762553 -0.02387028 0.9977905 -0.06200361 -0.48891 0.860877 0.1409177 -0.4887318 0.860977 0.1409246 -0.4888903 0.86334 0.1250202 -0.4886479 0.8634764 0.1250271 -0.4888024 0.8654439 0.1099046 -0.4886084 0.8655531 0.1099082 -0.4887602 0.8671691 0.09555721 -0.4885503 0.8672872 0.09555906 -0.4886985 0.8685929 0.08197706 -0.4885054 0.8687015 0.08197706 -0.4886517 0.8697381 0.0691021 -0.3512209 0.9333178 0.07457655 -0.3512668 0.9342498 0.06155449 -0.1963589 0.9783864 0.06483125 -0.1964218 0.9791386 0.05201864 -0.196314 0.9791604 0.05201476 -0.1963745 0.97969 0.04055303 -0.1963173 0.9797016 0.04055052 -0.1963726 0.9800593 0.03035682 -0.1962978 0.9800744 0.03035336 -0.1963534 0.9803127 0.02079766 -0.196271 0.9803292 0.02079367 -0.1963242 0.9804673 0.01185876 -0.1963029 0.9804716 0.01185768 -0.1963554 0.9805275 0.00322771 -0.1962453 0.9805496 0.003223001 -0.1962987 0.9805305 -0.005171358 -0.1962627 0.9805377 -0.005172908 -0.1963153 0.9804537 -0.01307296 -0.1962807 0.9804607 -0.01307451 -0.1963315 0.9803237 -0.02048081 -0.1962584 0.9803382 -0.02048426 -0.1963075 0.980154 -0.02759498 -0.1962798 0.9801595 -0.02759629 -0.1963275 0.9799354 -0.03438371 -0.1962847 0.9799438 -0.03438574 -0.1963298 0.9796947 -0.04065597 -0.1962851 0.9797036 -0.04065817 -0.1963263 0.9794393 -0.04641735 -0.1963117 0.9794422 -0.04641807 -0.1963497 0.9791712 -0.05167728 -0.1963003 0.979181 -0.05167979 -0.1963349 0.9789109 -0.05644476 -0.1962876 0.9789203 -0.05644726 -0.196319 0.978658 -0.06072479 -0.1962667 0.9786683 -0.06072759 -0.6105786 0.7816628 0.1272677 -0.6103211 0.7818611 0.1272851 -0.6104884 0.7839368 0.1129014 -0.6102772 0.7840998 0.1129126 -0.6104407 0.7858213 0.09923166 -0.6102696 0.7859535 0.09923839 -0.6104273 0.7873612 0.08626133 -0.6102246 0.7875176 0.08626669 -0.6103793 0.7886466 0.07398504 -0.6101806 0.7888001 0.07398784 -0.6103343 0.789687 0.06234163 -0.4885176 0.8698124 0.06911593 -0.4886006 0.8706423 0.0570209 -0.3511826 0.9342811 0.0615611 -0.3512939 0.9349626 0.04937201 -0.3511377 0.9350215 0.04936742 -0.3512446 0.9354934 0.03846287 -0.3511188 0.9355408 0.03845787 -0.3512157 0.9358527 0.02876228 -0.3510877 0.9359009 0.02875673 -0.3511804 0.9361013 0.01966476 -0.3510997 0.9361317 0.019661 -0.3511884 0.9362382 0.01116031 -0.3511004 0.9362713 0.01115584 -0.351187 0.9363007 0.002947509 -0.3511048 0.9363315 0.002943813 -0.3511923 0.9362897 -0.005043148 -0.3510943 0.9363265 -0.005047798 -0.3511787 0.9362242 -0.01256114 -0.3510894 0.9362576 -0.01256567 -0.3511698 0.9361063 -0.01961141 -0.3511264 0.9361225 -0.01961368 -0.3512045 0.9359272 -0.02637869 -0.3511351 0.9359531 -0.02638238 -0.3512099 0.9357208 -0.03283703 -0.351125 0.9357525 -0.0328418 -0.3511943 0.9354981 -0.03880649 -0.3511472 0.9355156 -0.03880923 -0.3512105 0.9352486 -0.04428517 -0.3511028 0.9352888 -0.04429173 -0.3511607 0.9350168 -0.04929393 -0.3511283 0.9350289 -0.04929596 -0.3511809 0.9347591 -0.05382919 -0.3511472 0.9347715 -0.05383139 -0.3511947 0.9345105 -0.05789971 -0.3511344 0.9345329 -0.0579037 -0.7185249 0.686581 0.1110346 -0.7183432 0.6867679 0.1110531 -0.7184947 0.6885252 0.09848129 -0.7182909 0.6887355 0.0984981 -0.7184385 0.6901859 0.08654314 -0.7182368 0.6903941 0.08655607 -0.7183812 0.6915713 0.07521665 -0.7182166 0.6917414 0.07522439 -0.7183573 0.6926787 0.06449103 -0.7181996 0.6928418 0.06449586 -0.7183371 0.6935716 0.05431646 -0.6101863 0.7897998 0.06236022 -0.6102855 0.7905108 0.05142271 -0.4884374 0.8707329 0.05703645 -0.4885776 0.8713219 0.04571783 -0.4884086 0.8714168 0.04571384 -0.4885388 0.8718162 0.03558838 -0.4884182 0.8718838 0.03558397 -0.4885361 0.8721386 0.02658295 -0.4884061 0.8722116 0.02657747 -0.4885191 0.8723646 0.01813673 -0.4883998 0.8724316 0.01813101 -0.4885072 0.8724998 0.01024121 -0.4883989 0.8725605 0.01023548 -0.4885025 0.8725586 0.002615809 -0.4883952 0.8726186 0.002610743 -0.4885002 0.8725506 -0.004803001 -0.4884034 0.8726046 -0.004808008 -0.4885044 0.8724818 -0.01178258 -0.4884216 0.8725282 -0.01178729 -0.4885175 0.8723616 -0.01832693 -0.488426 0.8724128 -0.01833254 -0.4885182 0.8722066 -0.02460974 -0.4884244 0.8722589 -0.02461558 -0.4885129 0.8720197 -0.03060716 -0.488457 0.8720509 -0.03061085 -0.4885387 0.8717932 -0.03614574 -0.4884308 0.8718534 -0.03615325 -0.4885057 0.8715858 -0.04123544 -0.4884533 0.871615 -0.04123926 -0.4885215 0.8713448 -0.0458821 -0.4884325 0.8713942 -0.04588884 -0.4884943 0.8711279 -0.05009436 -0.4884206 0.8711689 -0.05010014 -0.4884763 0.8709123 -0.05387598 -0.4884439 0.8709304 -0.05387866 -0.8943092 0.4419896 0.06968748 -0.8942138 0.4421792 0.06970858 -0.8942834 0.4432174 0.06177085 -0.894188 0.4434072 0.06178838 -0.8942559 0.4442568 0.05424237 -0.8941562 0.4444556 0.05425721 -0.8942233 0.4451361 0.0471006 -0.8941323 0.4453178 0.04711115 -0.8941986 0.4458495 0.04033797 -0.8941211 0.4460043 0.04034453 -0.8941868 0.4464073 0.03391867 -0.8132866 0.5801261 0.04493135 -0.8133644 0.5805771 0.0369957 -0.9565769 0.2881597 0.04387146 -0.9565321 0.2883058 0.04388815 -0.9565566 0.2889459 0.03885602 -0.9565075 0.2891061 0.03887134 -0.9565324 0.2896274 0.03408533 -0.9564939 0.2897533 0.0340951 -0.9565188 0.290169 0.02955555 -0.9564878 0.2902711 0.02956181 -0.9565131 0.290593 0.02526783 -0.9564723 0.2907266 0.02527391 -0.9564979 0.2909679 0.02120006 -0.8941123 0.446555 0.03393888 -0.8941614 0.4468743 0.02790611 -0.8132531 0.5807316 0.03701561 -0.8133541 0.5810158 0.02959346 0.9794546 -0.2011848 -0.01389896 -0.9564607 0.2910891 0.02121609 0.9794681 -0.2012795 -0.01135206 0.9252339 -0.378679 -0.02333492 -0.9564802 0.291279 0.01739013 -0.8940913 0.4470134 0.02792316 0.925279 -0.3788315 -0.01858824 0.9252337 -0.3789414 -0.01860004 -0.7181297 0.6949849 0.0358566 -0.8941539 0.4472049 0.022282 -0.8940762 0.4473604 0.02228206 0.2133497 -0.975589 -0.05203789 0.2134167 -0.9761172 -0.0406025 0.3683305 -0.9289028 -0.0383675 0.3684318 -0.9292112 -0.02871596 0.5082823 -0.8607869 -0.02636337 0.5083975 -0.8609342 -0.0180099 0.6343908 -0.7728479 -0.01595008 0.6345005 -0.7728703 -0.008973121 0.7472453 -0.6645059 -0.007506728 0.7473364 -0.6644436 -0.001749157 0.8454617 -0.5340346 -0.001197874 0.8455274 -0.533922 0.003260314 0.9252129 -0.3794399 0.002534687 0.9252465 -0.3793272 0.005455672 0.9794389 -0.2017166 0.003145933 0.9794476 -0.2016476 0.004525542 0.9996653 -0.02585256 8.82937e-4 0.9996654 -0.02585035 9.20676e-4 0.9904467 0.1378468 -0.003675103 0.9904519 0.1377756 -0.00477606 0.9577547 0.2874116 -0.01002079 0.9577728 0.2872758 -0.01199501 0.9252763 -0.3790221 -0.01435315 0.9252241 -0.3791491 -0.01436603 -0.7182511 0.6952261 0.02786093 -0.7181236 0.6953578 0.02785682 -0.7182326 0.6954936 0.02074915 -0.8941351 0.4474654 0.01723974 0.2133296 -0.9761359 -0.04060822 0.213391 -0.9764928 -0.03043341 0.3682916 -0.9292665 -0.02872604 0.3683893 -0.9294635 -0.01967173 0.5082784 -0.8610044 -0.01801896 0.5083879 -0.8610677 -0.01020961 0.6344027 -0.7729506 -0.008980989 0.6345086 -0.7729126 -0.002241015 0.7472444 -0.6645469 -0.001755654 0.7473362 -0.664435 0.003845691 0.8454585 -0.534031 0.003255188 0.8455217 -0.5338892 0.007444083 0.9252153 -0.3794034 0.005453109 0.9252473 -0.379276 0.008190989 0.9794384 -0.2016928 0.004524469 0.979447 -0.201617 0.005848109 0.9996654 -0.02585083 9.2067e-4 0.9996654 -0.02584844 9.57504e-4 0.9904475 0.1378076 -0.004775881 0.9904521 0.1377354 -0.005792438 0.9577525 0.2873435 -0.01199495 0.9577687 0.2872082 -0.01380795 0.9252626 -0.3791794 -0.01058918 0.9252229 -0.3792762 -0.01059788 -0.8132416 0.5814734 0.02295446 -0.8133264 0.5815577 0.01705557 -0.8940689 0.447748 0.01275014 -0.89412 0.4477458 0.008547723 -0.9564366 0.2918951 0.005117416 -0.9564572 0.2918607 0.002626836 -0.8132373 0.5816823 0.01705145 0.2133203 -0.976508 -0.03043788 0.21338 -0.9767459 -0.02089089 0.3682847 -0.9295048 -0.01967877 0.368377 -0.9296088 -0.0112183 0.5082441 -0.8611524 -0.01021969 0.5083504 -0.8611462 -0.002672255 0.6344029 -0.7729994 -0.002247452 0.6345095 -0.7729031 0.00430876 0.7472461 -0.6645364 0.003840208 0.747334 -0.6643862 0.009104549 0.8454627 -0.5339825 0.007440507 0.8455227 -0.5338186 0.01136565 0.9252175 -0.3793487 0.008189022 0.9252485 -0.3792074 0.01081722 0.9794404 -0.2016494 0.005847692 0.9794486 -0.2015683 0.007110893 0.9996656 -0.02584242 9.57534e-4 0.9996656 -0.02583998 9.91485e-4 0.9904471 0.1377716 -0.005792498 0.9904512 0.1376999 -0.006727397 0.9577584 0.2872424 -0.01380813 0.9577729 0.2871099 -0.01546466 0.9252599 -0.3792681 -0.007057905 -0.7181063 0.6957911 0.01407349 -0.8940607 0.4478644 0.008543312 -0.8133185 0.5817047 0.0115205 0.2133321 -0.9767563 -0.02089381 0.2133901 -0.9768937 -0.01197355 0.3682923 -0.9296423 -0.01122367 0.3683822 -0.9296695 -0.003044188 0.5082414 -0.8612105 -0.002678155 0.5083488 -0.8611387 0.004660844 0.6344089 -0.7729857 0.004303395 0.6345111 -0.7728429 0.01046717 0.7472591 -0.6644706 0.009100675 0.7473423 -0.664291 0.01403331 0.8454793 -0.5338872 0.0113635 0.845537 -0.5337025 0.01513099 0.9252236 -0.3792681 0.01081621 0.9252533 -0.3791157 0.01332336 0.979441 -0.2016053 0.007110655 0.9794488 -0.2015231 0.008276462 0.9996653 -0.02585196 9.91502e-4 0.9996653 -0.02584958 0.001022398 0.9904447 0.1377462 -0.006727755 0.9904483 0.137676 -0.007581591 0.9577543 0.2871716 -0.01546531 0.9577672 0.2870441 -0.01696616 -0.718205 0.6957874 0.007842361 -0.7181169 0.6958784 0.007836818 -0.7182123 0.6958216 0.001820147 -0.9564326 0.2919415 0.002623438 -0.8941091 0.4478253 0.004614591 0.21334 -0.9769046 -0.01197648 0.2133971 -0.9769598 -0.003352284 0.3682684 -0.9297145 -0.00304985 0.368359 -0.9296706 0.004904806 0.5082452 -0.8611999 0.004655838 0.5083481 -0.8610742 0.01155561 0.6344059 -0.7729293 0.01046228 0.6345029 -0.7727499 0.01623833 0.7472805 -0.6643607 0.01403069 0.7473607 -0.6641536 0.01876538 0.8454911 -0.533775 0.0151295 0.8455464 -0.5335737 0.01872295 0.9252234 -0.379189 0.01332271 0.9252508 -0.3790336 0.0156365 0.9794375 -0.2015784 0.008276462 0.9794446 -0.2014966 0.009348452 0.9996654 -0.02584826 0.001022398 0.9996654 -0.025846 0.001049458 0.9904469 0.1376861 -0.00758171 0.99045 0.1376189 -0.008353888 0.9577494 0.2871031 -0.01696711 0.9577608 0.2869824 -0.01831465 -0.8132221 0.581919 0.006340026 -0.8132967 0.5818477 0.00134772 -0.8940576 0.4479511 8.10394e-4 -0.8941054 0.4478473 -0.002880752 -0.8132176 0.5819581 0.001342236 0.2132834 -0.9769847 -0.003357589 0.2133421 -0.9769645 0.005034267 0.3682919 -0.9296974 0.004901766 0.3683795 -0.929593 0.01238071 0.5082788 -0.861115 0.01155257 0.5083765 -0.8609463 0.01801884 0.6344389 -0.7728024 0.01623582 0.6345325 -0.7725895 0.02177798 0.7472901 -0.664233 0.01876324 0.7473668 -0.6640037 0.02327799 0.8454883 -0.5336658 0.01872175 0.845539 -0.5334585 0.02204072 0.9252303 -0.3790836 0.01563638 0.9252555 -0.3789284 0.01776361 0.9794405 -0.201517 0.009348571 0.979447 -0.2014372 0.01032495 0.9996654 -0.02584522 0.001049458 0.9996654 -0.02584296 0.001075327 0.9904466 0.137643 -0.008354365 0.9904494 0.1375793 -0.009048283 0.957744 0.287038 -0.01831579 -0.8940584 0.4479413 -0.002885758 -0.8132927 0.5818442 -0.003515064 0.2133044 -0.9769728 0.005032598 0.2133616 -0.976888 0.01291912 0.3682972 -0.9296258 0.0123772 0.3683807 -0.9294729 0.01938503 0.5082755 -0.8610061 0.01801496 0.5083694 -0.8607985 0.02421975 0.6344354 -0.7726691 0.02177506 0.6345248 -0.7724286 0.02706217 0.747303 -0.6640756 0.02327662 0.7473736 -0.6638368 0.02744811 0.845497 -0.5335251 0.0220403 0.8455436 -0.5333167 0.02508926 0.9252303 -0.3789899 0.01776385 0.9252533 -0.3788378 0.01970452 0.9794425 -0.2014589 0.01032519 0.9794486 -0.2013822 0.01121151 0.9996654 -0.02584302 0.001075327 0.9996654 -0.02584081 0.001098811 0.990444 0.1376188 -0.009049117 -0.7181161 0.6958577 -0.009558022 0.2133062 -0.9769 0.0129168 0.213361 -0.9767623 0.02030718 0.3683012 -0.9295045 0.01938194 0.3683816 -0.929308 0.02610737 0.5082855 -0.860848 0.02421712 0.5083754 -0.8606081 0.03013634 0.6344462 -0.7724933 0.02706027 0.6345285 -0.7722391 0.03194427 0.7473073 -0.6639115 0.02744716 0.7473718 -0.6636694 0.03127807 0.8454929 -0.5333971 0.02508926 0.8455352 -0.5331916 0.02787226 0.9252251 -0.3789067 0.01970517 0.925246 -0.3787599 0.02146476 0.9794391 -0.2014282 0.01121228 0.9794446 -0.2013555 0.01200884 0.999665 -0.02585995 0.001099228 -0.7182039 0.695677 -0.0147199 0.2133105 -0.9758937 0.04615217 0.2133454 -0.9758861 0.04615324 0.2133012 -0.9761505 0.04040998 0.368343 -0.9286536 0.04388618 0.368403 -0.9283815 0.04885905 0.508307 -0.8599885 0.04520726 0.5083697 -0.8597229 0.04936283 0.6344372 -0.7717077 0.04423522 0.6344931 -0.771463 0.04757249 0.213351 -0.9756228 0.05139487 0.2133393 -0.9756254 0.05139452 0.2133762 -0.9753553 0.05614769 0.3682947 -0.9284245 0.04885667 0.3683488 -0.9281549 0.05336272 0.5082852 -0.859773 0.04936182 0.508342 -0.8595167 0.05309885 0.6344261 -0.7715182 0.04757243 0.3683305 -0.9281622 0.0533623 0.6364212 0.770044 -0.04472464 0.3683797 -0.9279009 0.05741268 0.508302 -0.8595404 0.05309849 0.6364729 0.7697938 -0.04816341 0.6363551 0.7698912 -0.04816329 0.5023683 0.862973 -0.05388605 -0.8940786 0.4470759 -0.02732414 -0.9797514 -0.1967986 -0.03684431 -0.9797115 -0.1962458 -0.04065716 0.9885457 -0.1501557 0.01518654 0.9885456 -0.1501563 0.01518666 0.9939208 0.1092482 -0.01365232 0.9939202 0.1092526 -0.01365309 0.9315618 0.3611998 -0.04156064 0.9315652 0.3611912 -0.0415591 0.8057219 0.5885338 -0.06663531 0.8057161 0.5885415 -0.06663686 0.6249614 0.7757733 -0.08717197 0.6249659 0.7757698 -0.08717119 0.4016147 0.9101369 -0.101766 0.4016225 0.9101337 -0.101765 0.1509252 0.9824704 -0.109424 0.1509256 0.9824703 -0.1094239 -0.1100921 0.9878572 -0.1096261 -0.1101057 0.9878556 -0.1096269 -0.3635764 0.9259239 -0.1023584 -0.3635631 0.9259291 -0.102358 -0.592303 0.8008828 -0.08811259 -0.592303 0.8008828 -0.08811259 -0.7806451 0.6212791 -0.06786495 -0.7806472 0.6212764 -0.06786483 -0.9158046 0.3993166 -0.04299044 -0.9158041 0.3993178 -0.04299044 -0.988547 0.1501474 -0.01518642 -0.9885468 0.1501488 -0.01518648 -0.9939216 -0.1092406 0.01365089 -0.9939218 -0.1092392 0.01365083 -0.9315576 -0.3612107 0.04156029 -0.9315632 -0.3611963 0.04155981 -0.805721 -0.588535 0.06663572 -0.8057114 -0.5885481 0.06663602 -0.6249734 -0.775764 0.08716917 -0.6249682 -0.7757682 0.08716917 -0.401606 -0.9101411 0.1017641 -0.4016286 -0.910131 0.1017647 -0.1509179 -0.9824715 0.1094242 -0.1509126 -0.9824723 0.1094239 0.1100923 -0.9878572 0.1096258 0.1100916 -0.9878573 0.1096259 0.3635637 -0.925929 0.102358 0.3635808 -0.9259225 0.1023559 0.5923089 -0.8008787 0.08811086 0.5922972 -0.8008872 0.08811283 0.7806456 -0.6212785 0.06786453 0.780648 -0.6212754 0.06786394 0.9158027 -0.399321 0.04298996 0.9158051 -0.3993158 0.04298895 -0.001509845 -0.1104533 -0.9938802 -0.001510858 -0.1104444 -0.9938812 -0.001511156 -0.1104591 -0.9938796 -0.001509964 -0.1104696 -0.9938784 -0.001509487 -0.1104458 -0.993881 -0.001508235 -0.1104568 -0.9938798 -0.001508235 -0.1104575 -0.9938797 -0.001509666 -0.110445 -0.9938811 -0.001510083 -0.1104652 -0.9938789 -0.001509428 -0.1104712 -0.9938782 -0.001510322 -0.1105139 -0.9938734 -0.001510739 -0.1105098 -0.9938739 -0.001509666 -0.1104565 -0.9938798 -0.001510381 -0.1104772 -0.9938775 -0.001510858 -0.1104725 -0.993878 -0.00151056 -0.1104584 -0.9938796 -0.001507759 -0.1104837 -0.9938769 -0.001507282 -0.1104618 -0.9938792 -0.001512229 -0.1104175 -0.9938842 -0.001513659 -0.1104863 -0.9938765 -0.001510441 -0.1105154 -0.9938732 -0.00150913 -0.1104524 -0.9938803 -0.9986665 0.02665787 0.04421114 -0.9981325 0.02707445 0.05475807 -0.9982615 0.01405555 -0.05724048 -0.990697 0.03467744 0.1315942 -0.9826846 0.041637 0.1805476 -0.9685957 0.0455237 0.2444381 -0.9522913 0.05436182 0.30031 -0.9093725 0.06172084 0.4113783 -0.9028463 0.06125551 0.4255776 -0.8195403 0.0853734 0.5666261 -0.7871692 0.07965904 0.6115709 -0.6623465 0.1026235 0.7421358 -0.9885259 -0.002420186 -0.1510323 -0.9934974 0.006359815 -0.1136768 -0.9914312 0.006035566 -0.1304901 -0.924259 -0.02321314 -0.3810598 -0.9242589 -0.02321135 -0.38106 -0.7940972 -0.05087745 -0.6056576 -0.7940973 -0.05087995 -0.6056573 -0.6098249 -0.07507789 -0.788972 -0.609825 -0.07507735 -0.7889721 -0.3839813 -0.09416013 -0.9185272 -0.3839814 -0.09415769 -0.9185274 -0.1325041 -0.106804 -0.9854114 -0.132389 -0.1068136 -0.9854258 0.1284989 -0.1122028 -0.9853419 0.1285265 -0.1122043 -0.9853381 0.3812184 -0.1099454 -0.917924 0.3812182 -0.1099478 -0.9179239 0.6074225 -0.1001943 -0.7880349 0.6074225 -0.1001941 -0.788035 0.7922614 -0.0836116 -0.6044262 0.7922614 -0.08361232 -0.6044261 0.9231033 -0.06133204 -0.3796297 0.9231032 -0.06133377 -0.3796295 0.9910368 -0.034873 -0.128957 0.9910369 -0.03487032 -0.1289573 0.9914307 -0.006033837 0.1304942 0.9914306 -0.006037592 0.1304946 0.9242748 0.02320623 0.3810219 0.924263 0.02321112 0.3810504 0.7940912 0.05087959 0.6056653 0.7940875 0.05088055 0.6056701 0.6098361 0.07507568 0.7889636 0.6098383 0.07507526 0.7889618 0.3840267 0.09415632 0.9185086 0.3840094 0.09415841 0.9185156 0.1319826 0.1068252 0.9854791 0.1319497 0.1068281 0.9854832 0.132101 0.106819 0.9854638 0.3839981 0.09415721 0.9185205 0.3839983 0.09416121 0.91852 0.6098139 0.07508051 0.7889803 0.6098138 0.07507777 0.7889807 0.7941065 0.05087792 0.6056454 0.7941065 0.05087786 0.6056454 0.9242494 0.02321588 0.3810827 0.9242495 0.02321559 0.3810827 0.9914307 -0.006035149 0.1304944 0.9914306 -0.006035506 0.1304945 0.9910373 -0.03487133 -0.1289533 0.9910373 -0.03487044 -0.1289535 0.9231024 -0.06133174 -0.3796321 0.9231024 -0.06133186 -0.3796321 0.792261 -0.08361178 -0.6044266 0.792261 -0.08361345 -0.6044265 0.6074373 -0.1001952 -0.7880234 0.6073988 -0.1020043 -0.7878211 0.4891098 -0.1052098 -0.8658537 0.381184 -0.1119384 -0.9176975 0.3034986 -0.1105044 -0.9464023 0.1281376 -0.1135735 -0.9852319 0.1010588 -0.1119939 -0.9885568 -0.1071484 -0.1076674 -0.9883962 -0.1327865 -0.1080938 -0.9852327 -0.3089536 -0.09780699 -0.9460346 -0.3840478 -0.09613651 -0.9182946 -0.4941337 -0.08476614 -0.8652437 -0.6098796 -0.07690775 -0.7887535 -0.6551244 -0.06956452 -0.7523116 -0.7871646 -0.05263739 -0.6144926 -0.7941253 -0.05204945 -0.6055212 -0.8870796 -0.03206694 -0.4605014 -0.9242972 -0.02511715 -0.3808463 -0.956946 -0.01155149 -0.290036 0.6511458 -0.09671473 -0.7527652 0.7842907 -0.08514922 -0.6145224 0.7922403 -0.08480417 -0.6042876 0.8853232 -0.06870913 -0.4598716 0.9230639 -0.0632376 -0.3794127 0.9559256 -0.05109298 -0.2891294 0.9877724 -0.03831613 -0.1511215 0.9909971 -0.03668308 -0.1287597 0.9980659 -0.02700787 -0.0559917 0.9989271 -0.01576596 0.04354339 0.9913929 -0.007776916 0.1306893 0.9894347 -0.005622029 0.1448698 0.9569885 0.01335942 0.2898181 0.9242213 0.02128994 0.3812632 0.8833205 0.03457349 0.4674929 0.7940642 0.04949063 0.6058158 0.779477 0.0529409 0.6241897 0.6469876 0.07126003 0.7591634 0.6097961 0.07330226 0.7891613 0.4873253 0.08763945 0.8688116 0.383961 0.09211426 0.9187431 0.3048503 0.09997642 0.9471384 0.2340874 0.1026312 0.9667834 0.2337132 0.1026467 0.9668722 0.3840047 0.09415686 0.9185178 0.3839862 0.09415906 0.9185252 0.6098242 0.07507681 0.7889726 0.6098261 0.07507652 0.7889713 0.7941114 0.05087649 0.6056389 0.7941081 0.05087733 0.6056433 0.9242589 0.02321296 0.3810601 0.9242618 0.02321171 0.381053 0.9914302 -0.006035089 0.1304978 0.9914312 -0.006036341 0.1304901 0.9910355 -0.03487265 -0.1289672 0.9910372 -0.03487056 -0.1289543 0.9231042 -0.06133115 -0.3796276 0.1048999 0.1077361 0.9886298 0.1634998 0.1054664 0.9808897 0.23401 0.1026338 0.9668018 0.3839864 0.09415918 0.9185252 -0.1328934 0.1156002 0.9843657 -0.1289669 0.1121865 0.9852825 0.1319601 0.1068073 0.985484 -0.3945594 0.1070473 0.9126137 -0.3812825 0.1082774 0.9180957 -0.5122371 0.1061528 0.8522586 -0.6074728 0.0983327 0.7882305 -0.6412101 0.09771734 0.7611182 -0.7527034 0.08830207 0.6524112 -0.8478207 0.08373188 0.5236306 -0.8357339 0.07775038 0.5436025 -0.7922878 0.08216089 0.6045904 -0.9396287 0.05635893 0.3375229 -0.9409855 0.0565949 0.3336815 -0.9011121 0.06373041 0.4288767 -0.9230952 0.06133341 0.3796493 -0.9689245 0.04723024 0.2428056 -0.9814781 0.03974783 0.1874058 -0.9897934 0.03126692 0.1390375 -0.9911339 0.02939182 0.1295744 -0.9941889 0.02871006 0.1037509 -0.9968162 0.0271756 0.07496005 -0.9982306 0.02573174 0.05360561 -0.9992028 0.0239517 0.03193873 -0.9997121 0.02182638 0.009970903 -0.991428 0.0060364 -0.1305146 -0.9914308 0.006035327 -0.1304939 -0.9914565 0.006056785 -0.1302971 -0.9913842 0.005996763 -0.1308493 -0.9242678 -0.02320849 -0.3810385 -0.9242622 -0.02320939 -0.3810522 -0.7940917 -0.0508778 -0.6056649 -0.794106 -0.05087655 -0.6056462 -0.6098619 -0.07507258 -0.788944 -0.6098418 -0.07507348 -0.7889595 -0.3839812 -0.09415847 -0.9185274 -0.383989 -0.09415835 -0.9185242 -0.1321907 -0.106817 -0.9854521 -0.1321908 -0.1068218 -0.9854515 0.1287165 -0.112205 -0.9853132 0.1287165 -0.1122072 -0.985313 0.3811953 -0.1099477 -0.9179334 0.3811972 -0.1099476 -0.9179326 0.6074239 -0.1001939 -0.788034 -0.9910399 0.03486943 0.1289342 -0.9910356 0.03487139 0.128967 -0.9914305 0.006034314 -0.1304953 -0.9914281 0.006033122 -0.1305142 -0.9242607 -0.02321201 -0.3810557 -0.924276 -0.02320951 -0.3810187 -0.7941107 -0.05087828 -0.6056398 -0.7940956 -0.05087959 -0.6056594 -0.6098338 -0.07507693 -0.7889654 -0.609821 -0.07507747 -0.7889751 -0.3839911 -0.09415876 -0.9185232 -0.3839913 -0.09415876 -0.9185231 -0.1320713 -0.1068217 -0.9854676 -0.1320713 -0.1068257 -0.9854671 0.1288243 -0.1122055 -0.9852991 0.1288243 -0.1122074 -0.9852989 0.3812122 -0.1099476 -0.9179263 0.3811748 -0.1099505 -0.9179416 0.607443 -0.1001955 -0.7880189 0.6074478 -0.1001949 -0.7880154 0.7922527 -0.08361548 -0.604437 0.7922649 -0.08361303 -0.6044214 0.9231086 -0.0613318 -0.3796167 0.9914258 -0.006031572 0.1305312 0.991033 -0.03487509 -0.1289858 0.991033 -0.03487479 -0.1289858 0.9231086 -0.06133133 -0.3796168 0.9910358 -0.03487187 -0.1289657 0.9231185 -0.06132739 -0.3795934 0.9231185 -0.06132769 -0.3795934 0.7922527 -0.08361333 -0.6044374 0.9231004 -0.06133407 -0.3796364 0.7922511 -0.08361488 -0.6044393 0.7922511 -0.08361369 -0.6044393 0.607443 -0.1001942 -0.7880192 0.7922774 -0.08360958 -0.6044055 0.6074634 -0.1001914 -0.7880037 0.6074633 -0.1001917 -0.7880038 0.3812123 -0.1099485 -0.9179263 0.6074318 -0.1001954 -0.7880276 0.3811869 -0.1099497 -0.9179366 0.381187 -0.1099505 -0.9179365 0.1289347 -0.1122115 -0.985284 0.3812123 -0.1099477 -0.9179263 0.1289738 -0.1122091 -0.9852791 0.1289348 -0.1122069 -0.9852844 -0.131981 -0.1068292 -0.9854788 -0.9914264 0.006032526 -0.1305272 -0.991438 0.006040871 -0.1304383 -0.9914335 0.006037473 -0.1304725 -0.924262 -0.02321231 -0.3810524 -0.924262 -0.02321195 -0.3810524 -0.7941036 -0.05087769 -0.6056493 -0.7941036 -0.05087709 -0.6056493 -0.60983 -0.07507562 -0.7889683 -0.6098301 -0.07507592 -0.7889682 -0.383992 -0.09415829 -0.918523 -0.3839922 -0.09416013 -0.9185227 -0.132262 -0.1068159 -0.9854426 -0.9242608 -0.02321106 -0.3810554 -0.9242609 -0.02321332 -0.3810552 -0.924258 -0.0232138 -0.381062 -0.9242579 -0.02321296 -0.3810621 -0.9914303 0.00603491 -0.1304974 -0.9914137 0.006021618 -0.1306244 -0.9914408 0.006043672 -0.1304169 -0.9242559 -0.02321344 -0.3810671 -0.9242559 -0.02321505 -0.381067 -0.794106 -0.05087906 -0.6056459 -0.9242625 -0.02321189 -0.3810513 -0.9242625 -0.02321106 -0.3810514 -0.9242565 -0.02321201 -0.3810656 -0.9242566 -0.02321338 -0.3810655 -0.9914624 0.006061375 -0.1302519 -0.9242622 -0.02321404 -0.3810517 -0.9242759 -0.02320915 -0.3810187 -0.9242679 -0.02321046 -0.3810383 -0.9242594 -0.02321308 -0.3810587 -0.7941015 -0.05087924 -0.6056518 -0.7941014 -0.05087709 -0.6056521 -0.6098053 -0.07507771 -0.7889872 -0.6098054 -0.07507878 -0.7889871 -0.3839918 -0.09415841 -0.9185229 -0.3839918 -0.09415996 -0.9185228 -0.1325784 -0.1068045 -0.9854014 -0.1325042 -0.1068107 -0.9854106 0.1284315 -0.1122038 -0.9853505 0.1284987 -0.1122075 -0.9853414 0.3811842 -0.1099498 -0.9179377 0.3811843 -0.109948 -0.9179379 0.6074317 -0.1001938 -0.7880278 0.6074318 -0.1001932 -0.7880279 0.7922754 -0.08360987 -0.604408 0.7922754 -0.08360874 -0.6044082 0.9231072 -0.06132936 -0.3796206 0.9231072 -0.06133061 -0.3796204 0.9910402 -0.03486829 -0.1289322 0.9910402 -0.03486907 -0.1289321 0.9914321 -0.006037116 0.1304835 0.9914321 -0.006035566 0.1304833 0.924263 0.02321285 0.3810501 -0.7941023 -0.05087953 -0.6056509 -0.7941022 -0.05087846 -0.605651 -0.7941012 -0.05087852 -0.6056522 -0.7941013 -0.05087792 -0.6056522 -0.7941105 -0.05087649 -0.6056402 -0.7941104 -0.05087596 -0.6056404 -0.7941174 -0.05087536 -0.6056313 -0.7941174 -0.0508781 -0.605631 -0.7940956 -0.05088031 -0.6056594 -0.7940918 -0.05088061 -0.6056645 -0.7941017 -0.05087924 -0.6056516 -0.609848 -0.07507544 -0.7889544 -0.6098481 -0.0750758 -0.7889543 -0.3840266 -0.09415823 -0.9185085 -0.3840266 -0.09415787 -0.9185085 -0.1326142 -0.1068034 -0.9853967 -0.1325784 -0.1068063 -0.9854011 0.1283158 -0.1122008 -0.985366 0.1284314 -0.1122071 -0.9853501 0.3812018 -0.1099491 -0.9179305 0.3812019 -0.1099485 -0.9179305 0.6074284 -0.1001945 -0.7880303 0.6074284 -0.1001942 -0.7880305 0.792267 -0.08361142 -0.6044188 0.792267 -0.0836116 -0.6044189 0.9231072 -0.06133097 -0.3796201 0.9231073 -0.0613293 -0.3796204 0.9910377 -0.03486913 -0.1289522 0.9910375 -0.03487139 -0.1289519 0.9914321 -0.006037116 0.1304837 0.991432 -0.006037056 0.1304837 0.9242525 0.0232141 0.3810756 0.9242525 0.0232172 0.3810752 0.7940875 0.05088335 0.6056698 -0.6098272 -0.07507723 -0.7889704 -0.6098272 -0.07507532 -0.7889705 -0.6098389 -0.07507479 -0.7889616 -0.6098389 -0.0750752 -0.7889615 -0.6098419 -0.07507795 -0.788959 -0.6098151 -0.07507914 -0.7889795 -0.6098151 -0.07507658 -0.7889798 -0.609821 -0.07507777 -0.7889751 -0.6098619 -0.07507592 -0.7889437 -0.6098427 -0.07507568 -0.7889586 -0.3839973 -0.09415912 -0.9185206 -0.3839973 -0.09415864 -0.9185207 -0.1326889 -0.1067997 -0.985387 -0.1326141 -0.1068059 -0.9853963 0.1282473 -0.1122017 -0.9853747 0.1283157 -0.1122055 -0.9853655 0.3812342 -0.1099476 -0.9179172 0.3812343 -0.1099466 -0.9179173 0.6074217 -0.1001938 -0.7880355 0.6074216 -0.1001954 -0.7880353 0.7922704 -0.08361148 -0.6044143 0.7922704 -0.08361071 -0.6044145 0.9231002 -0.06133252 -0.379637 0.9231002 -0.06133359 -0.3796368 0.9910359 -0.03487324 -0.1289644 0.9910359 -0.0348711 -0.1289646 0.9914299 -0.006033837 0.1305001 0.99143 -0.006034374 0.1305001 0.924265 0.02321171 0.3810452 0.924265 0.02320891 0.3810455 0.7941015 0.05087631 0.6056519 0.7941016 0.05087989 0.6056516 0.6098383 0.07507729 0.7889618 -0.3839883 -0.09415763 -0.9185246 -0.3839883 -0.0941596 -0.9185243 -0.3839756 -0.09415978 -0.9185296 -0.3839755 -0.09415847 -0.9185298 -0.3839891 -0.09416019 -0.9185239 -0.3839914 -0.09416192 -0.9185228 -0.3839813 -0.09416204 -0.918527 -0.3840076 -0.094159 -0.9185163 -0.1327598 -0.1067985 -0.9853776 -0.1326889 -0.1068044 -0.9853864 0.1281661 -0.1122022 -0.9853852 0.1282472 -0.1122066 -0.9853742 0.3812 -0.10995 -0.9179311 0.3812001 -0.1099503 -0.9179311 0.6074207 -0.1001965 -0.788036 0.6074208 -0.1001939 -0.7880362 0.7922685 -0.08361059 -0.604417 0.7922683 -0.0836119 -0.604417 0.9231041 -0.0613321 -0.3796277 0.9231041 -0.06133103 -0.3796278 0.9910384 -0.03486984 -0.1289455 0.9910384 -0.0348702 -0.1289455 0.9914321 -0.006036818 0.1304835 0.9914321 -0.006036579 0.1304834 0.924261 0.02321153 0.3810547 0.9242612 0.02321332 0.3810545 0.7940874 0.05088245 0.6056701 0.7940874 0.05087977 0.6056703 0.6098138 0.07507765 0.7889807 0.6098138 0.0750814 0.7889803 0.3840097 0.09416073 0.9185153 -0.1323888 -0.1068108 -0.9854261 -0.1323636 -0.1068128 -0.9854293 -0.1323636 -0.1068094 -0.9854297 -0.132262 -0.1068179 -0.9854423 -0.1321277 -0.106821 -0.9854601 -0.1321277 -0.1068222 -0.9854599 0.1286498 -0.1122035 -0.985322 0.1286498 -0.1122081 -0.9853216 0.1285266 -0.1122015 -0.9853383 0.1287713 -0.1122044 -0.9853061 0.1287711 -0.112208 -0.9853057 0.3811972 -0.1099494 -0.9179325 0.3811748 -0.1099488 -0.9179417 0.3811954 -0.1099472 -0.9179334 0.381226 -0.109948 -0.9179206 0.6074588 -0.1001925 -0.7880071 0.6074588 -0.1001918 -0.7880071 0.7922611 -0.08361172 -0.6044265 0.7922612 -0.08361208 -0.6044264 0.9231017 -0.06133198 -0.3796334 0.9231017 -0.06133294 -0.3796333 0.9910378 -0.03487086 -0.1289506 0.9910377 -0.03487062 -0.1289506 0.9914323 -0.006037056 0.1304824 0.9914323 -0.006036937 0.1304824 0.9242572 0.02321267 0.381064 0.9242572 0.02321314 0.3810639 0.7941169 0.05087536 0.6056318 0.7941169 0.05087524 0.6056319 0.6098555 0.07507359 0.7889488 0.6098554 0.07507073 0.7889492 0.3840205 0.09415459 0.9185114 0.3840205 0.09415942 0.9185109 0.6074478 -0.1001918 -0.7880157 0.6074238 -0.1001948 -0.7880339 0.7922649 -0.0836116 -0.6044216 0.9231042 -0.06133216 -0.3796274 0.7922656 -0.0836125 -0.6044205 0.9910355 -0.03487277 -0.1289672 0.9231051 -0.0613318 -0.3796253 0.9910373 -0.03487056 -0.1289544 0.9914303 -0.006034731 0.1304978 0.9910363 -0.03487181 -0.1289613 0.9914301 -0.006034255 0.1304988 0.9914312 -0.006035685 0.1304901 0.9242658 0.023211 0.3810434 0.9242618 0.02321261 0.3810529 0.7941085 0.05087804 0.6056429 0.7941081 0.0508781 0.6056432 0.6098231 0.07507807 0.7889735 0.6098261 0.07507753 0.7889712 0.3839684 0.09416127 0.9185325 0.9242589 0.02321279 0.3810601 0.9914305 -0.006035029 0.1304959 0.9914301 -0.006034791 0.1304988 0.9242557 0.0232141 0.3810678 0.9242556 0.02321296 0.3810679 0.7941113 0.05087578 0.6056393 0.7941113 0.05087667 0.6056392 0.6098303 0.07507681 0.788968 0.6098302 0.07507503 0.7889682 0.3840106 0.09415578 0.9185153 0.3840108 0.09415972 0.918515 0.1318926 0.1068298 0.9854906 0.9242658 0.02320986 0.3810435 0.7941116 0.05087625 0.6056389 0.9242629 0.02321106 0.3810503 0.7941004 0.05087769 0.6056535 0.7941084 0.05087572 0.6056431 0.6098387 0.07507395 0.7889617 0.609823 0.07507658 0.7889737 0.3840006 0.09415751 0.9185195 0.3839685 0.09416133 0.9185324 0.131918 0.1068276 0.9854875 0.6098244 0.07507836 0.7889724 0.7940937 0.05088061 0.6056619 0.7941004 0.05087846 0.6056534 0.609822 0.07507699 0.7889744 0.609822 0.07507818 0.7889742 0.3839936 0.09416007 0.9185221 0.3839935 0.09415781 0.9185224 0.132155 0.1068173 0.9854568 0.6098386 0.07507425 0.7889618 0.384005 0.09415894 0.9185174 0.6098338 0.07507681 0.7889653 0.3840041 0.09415906 0.9185178 0.3840022 0.09415692 0.9185188 0.3840008 0.09415709 0.9185194 0.1322224 0.1068148 0.9854481 0.1319646 0.1068259 0.9854814 0.3840023 0.09415906 0.9185186 -0.02059257 -0.9936664 0.1104676 -0.0205866 -0.9936615 0.1105122 -0.02058666 -0.9936661 0.1104706 -0.02059298 -0.9936713 0.1104236 -0.02059292 -0.9936672 0.1104605 -0.02058845 -0.9936636 0.1104937 -0.02058839 -0.9936614 0.1105135 -0.02060031 -0.993671 0.1104249 -0.02060025 -0.9936694 0.1104391 -0.02058392 -0.9936562 0.1105611 -0.02058404 -0.9936655 0.1104772 -0.020594 -0.9936736 0.1104028 -0.02059412 -0.9936793 0.1103509 -0.02059257 -0.9936674 0.1104589 -0.02059447 -0.9936689 0.110445 -0.02059441 -0.9936666 0.1104649 -0.02059596 -0.9936679 0.1104534 -0.02059584 -0.9936592 0.1105316 -0.02059972 -0.9936624 0.1105025 -0.02059984 -0.9936711 0.1104238 -0.02058261 -0.9936572 0.1105526 -0.02058327 -0.9937062 0.1101111 0.8169302 -0.5750867 0.0435931 0.7598021 -0.6489132 0.04015636 0.7435223 -0.6675783 0.03890782 0.7170869 -0.696051 0.03604876 0.7472503 -0.6631593 0.04285681 0.747302 -0.6629115 0.04569464 0.7473004 -0.6629133 0.04569447 0.7473145 -0.6628417 0.04649692 0.7472933 -0.6628657 0.04649442 0.7473037 -0.6628122 0.047086 0.7473028 -0.6628132 0.0470857 0.74731 -0.6627763 0.04749041 0.7473044 -0.6627827 0.04748868 0.7473115 -0.662746 0.04788804 0.7472923 -0.6627681 0.04788202 0.7472994 -0.6627308 0.04828661 0.7473034 -0.6627262 0.04828786 0.7473103 -0.6626892 0.04868447 0.747305 -0.6626955 0.0486828 0.7473105 -0.6626659 0.04899895 0.7473024 -0.6626756 0.04899322 0.7473057 -0.6626576 0.04918432 0.7472929 -0.6626728 0.04917544 0.7472967 -0.6626523 0.04939258 0.7472991 -0.6626494 0.04939424 0.7473023 -0.6626324 0.04957503 0.7473046 -0.6626297 0.04957658 0.7473081 -0.6626101 0.0497834 0.7473073 -0.6626111 0.04978281 0.7473109 -0.6625915 0.04998815 0.7472991 -0.6626054 0.04997998 0.7473027 -0.6625868 0.05017471 0.7473141 -0.6625732 0.0501827 0.7473178 -0.6625534 0.05038851 0.7472863 -0.6625906 0.05036675 0.7472901 -0.6625701 0.0505805 0.7472986 -0.6625601 0.05058634 0.7474559 -0.6613667 0.06248092 0.6346433 -0.7690491 0.07610231 0.5918678 -0.8043447 0.05217391 0.5085561 -0.8561553 0.0914812 0.3632973 -0.9291785 0.06813532 0.3682219 -0.9275027 0.06443196 0.2134573 -0.9727395 0.09062963 0.2133519 -0.9740864 0.07507878 0.04299449 -0.9961099 0.07692027 0.04299354 -0.9961349 0.07659488 -0.1387395 -0.987403 0.07607114 -0.1387386 -0.9874262 0.07576948 -0.3085573 -0.9484069 0.07291668 -0.308555 -0.9484293 0.07263523 -0.458481 -0.8860991 0.06799703 -0.4584777 -0.8861216 0.06772506 -0.6257247 -0.7777622 0.05961912 -0.6257213 -0.7777826 0.05938971 -0.7933468 -0.6069847 0.04658794 -0.7933438 -0.6070042 0.04638606 -0.9193268 -0.3923268 0.03029668 -0.9193255 -0.3923393 0.03017497 -0.9798271 -0.1992279 0.01571631 -0.9798268 -0.199235 0.01564955 -0.9984893 -0.0547316 0.004853606 -0.9984893 -0.05473428 0.00482887 -0.998489 -0.05473977 0.004830479 -0.9984889 -0.05474525 0.004779756 -0.998488 -0.05476295 0.004784941 -0.9984878 -0.0547676 0.004741072 -0.9984896 -0.05473798 0.00473237 -0.9984895 -0.05474334 0.004681468 -0.9984884 -0.05476224 0.004687011 -0.9984884 -0.05476677 0.004644274 -0.998489 -0.0547558 0.004641056 -0.9984889 -0.05476289 0.004573404 -0.9984892 -0.05475908 0.004572749 -0.998489 -0.0547688 0.004479348 -0.9984892 -0.05476599 0.004478871 -0.9984891 -0.05477577 0.004383504 -0.995014 -0.09897398 0.01230794 -0.9797933 -0.1997604 0.01003926 -0.9424248 -0.3337101 0.02175009 -0.9190837 -0.3938 0.01437306 -0.8346047 -0.5499358 0.03171128 -0.7993044 -0.6004303 0.02441239 -0.7929061 -0.6089148 0.02286452 -0.7533961 -0.6569288 0.02896249 -0.6952199 -0.7180711 0.03229695 -0.6258309 -0.7795274 0.02593982 -0.6250411 -0.7801686 0.02569836 -0.5170267 -0.8548799 0.04317319 -0.4580838 -0.8880649 0.03872978 -0.3924873 -0.9182204 0.0531513 -0.3083642 -0.950006 0.04899173 -0.2509574 -0.965869 0.06416624 -0.1386984 -0.9885448 0.05951428 -0.09936845 -0.9925177 0.07095384 0.04298543 -0.9969512 0.06511884 0.05612564 -0.9960305 0.06908774 0.2133058 -0.9749397 0.06319165 0.209414 -0.9758579 0.06202507 0.3682421 -0.9279002 0.05829948 0.3525876 -0.9342409 0.05362719 0.4732206 -0.8792553 0.05451929 0.5080764 -0.8600227 0.04711037 0.5740184 -0.817273 0.05067145 0.6342606 -0.7719305 0.04285806 0.6529049 -0.7560915 0.04517662 -0.8352169 -0.5492433 0.02728629 -0.9984886 -0.05472385 0.005068659 -0.9935764 -0.1122819 -0.01409453 -0.9798022 -0.1975811 0.03081041 -0.9315553 -0.3610843 0.04269617 -0.9190024 -0.3876559 0.07181632 -0.805567 -0.5864812 0.08427101 -0.7929634 -0.6006243 0.102272 -0.6248043 -0.7732719 0.1080288 -0.625729 -0.7726621 0.1070355 -0.4586175 -0.8823165 0.1057723 -0.4584813 -0.8860357 0.068816 -0.4584822 -0.8860353 0.06881546 -0.458479 -0.8860569 0.06855756 -0.4584814 -0.8860558 0.06855607 -0.458478 -0.8860797 0.06827002 -0.4584867 -0.8860755 0.06826442 -0.4584834 -0.8860979 0.06799548 -0.4014673 -0.9130724 0.07157468 -0.3086633 -0.9458088 0.1008599 -0.30855 -0.9483636 0.0735079 -0.3085649 -0.9483594 0.07349926 -0.3085627 -0.948381 0.07322907 -0.3085511 -0.9483843 0.07323569 -0.3085485 -0.9484093 0.07292175 -0.150821 -0.9865903 0.06239175 -0.1387217 -0.9878721 0.06974977 -0.1387453 -0.9873789 0.07637172 -0.138684 -0.987385 0.07640469 -0.1386831 -0.9874085 0.07610142 0.04302847 -0.9956492 0.08265173 0.1098167 -0.9926186 0.05146384 0.780046 -0.6249666 0.03073889 0.8456436 -0.5308558 0.05548822 0.8454981 -0.5324444 0.04044628 0.8454983 -0.5324442 0.04044634 0.8454958 -0.5324594 0.04029673 0.8454856 -0.5324763 0.04028809 0.845483 -0.5324928 0.04012465 0.8455044 -0.5324574 0.04014277 0.8455018 -0.5324742 0.03997623 0.8454868 -0.5324988 0.03996354 0.8454844 -0.5325137 0.03981506 0.8454969 -0.532493 0.03982567 0.8454941 -0.5325109 0.03964662 0.8455051 -0.5324929 0.03965592 0.8455025 -0.5325085 0.03949993 0.845497 -0.5325174 0.03949528 0.8454944 -0.5325334 0.03933531 0.8454968 -0.5325296 0.03933727 0.8454944 -0.5325443 0.03919029 0.8454986 -0.5325373 0.03919386 0.8454945 -0.5325625 0.03893911 0.8454926 -0.5325657 0.0389384 0.8454874 -0.5325967 0.03862196 0.845499 -0.5325781 0.03862625 0.8454939 -0.5326094 0.03830528 0.8454989 -0.5326013 0.03830713 0.8454939 -0.5326322 0.03798872 0.8454825 -0.5326506 0.03798437 0.8454774 -0.532681 0.03766816 0.8455026 -0.5326404 0.03767776 0.8454949 -0.5326862 0.03719842 0.8454963 -0.5326841 0.03719866 0.8454861 -0.5327444 0.0365597 0.8454897 -0.5327386 0.03656017 0.8454546 -0.5329363 0.03443026 0.9252397 -0.378483 0.02611583 0.9369505 -0.3482748 0.0287801 0.9793953 -0.2017665 0.008664131 0.9950708 -0.0987879 0.008667588 0.9996205 -0.02666312 -0.006930768 0.9904359 0.1365218 -0.01996499 0.9904464 0.1375177 -0.01024162 0.9577444 0.2868795 -0.02063167 0.9577477 0.2868413 -0.02101093 0.9055459 0.4231402 -0.03064495 0.9055508 0.4230999 -0.03105324 0.8353615 0.5482439 -0.03999847 0.8353664 0.5482106 -0.04034894 0.7464278 0.6636852 -0.04865753 0.7464343 0.6636469 -0.04907751 0.636388 0.7692809 -0.05672144 0.6363953 0.7692393 -0.05720293 0.5023605 0.862289 -0.06396538 0.5023678 0.8622437 -0.06451714 0.3427642 0.9368141 -0.06994271 0.3427683 0.9367794 -0.07038491 0.1613854 0.9841289 -0.07379144 0.1613866 0.9841062 -0.07409024 -0.02390003 0.9969039 -0.07490897 -0.02390068 0.9968822 -0.07519799 -0.1962878 0.9777785 -0.07362258 -0.1962903 0.9777541 -0.07393944 -0.3511352 0.9336687 -0.07047569 -0.3511385 0.9336471 -0.07074469 -0.4884568 0.8701034 -0.06580293 -0.488461 0.8700807 -0.0660727 -0.610133 0.7900345 -0.05985975 -0.6101369 0.790014 -0.06008964 -0.7181453 0.6939001 -0.05263173 -0.7181491 0.6938797 -0.05284714 -0.8132619 0.5802305 -0.0440191 -0.8132647 0.5802143 -0.04418164 -0.8940803 0.4466304 -0.03379005 -0.8941492 0.4460059 -0.03969848 -0.9557998 0.2939653 0.005578339 -0.988461 0.1484964 -0.02989548 -0.9933959 0.1144533 -0.008063137 0.9152281 -0.4028277 0.009352862 0.9251314 -0.3789924 0.02228653 0.9252277 -0.3783423 0.02847474 0.9252362 -0.3783208 0.0284847 0.9252346 -0.3783339 0.02836102 0.9252288 -0.3783485 0.02835422 0.9252277 -0.3783581 0.02826434 0.9252213 -0.3783743 0.02825683 0.9252198 -0.3783869 0.02813702 0.925229 -0.3783636 0.02814781 0.9252277 -0.3783746 0.02804255 0.9252277 -0.3783746 0.02804255 0.9252262 -0.3783873 0.02792233 0.9252277 -0.3783834 0.02792406 0.9252263 -0.3783951 0.02781194 0.9252291 -0.3783879 0.02781528 0.9252277 -0.3784 0.02769911 0.925235 -0.3783812 0.02770787 0.9252337 -0.3783923 0.02760034 0.9252193 -0.3784289 0.0275833 0.9252173 -0.3784454 0.02742403 0.9252306 -0.3784126 0.02743071 0.9252277 -0.378436 0.02720403 0.9252344 -0.3784191 0.02720743 0.9252316 -0.3784421 0.02698224 0.925225 -0.3784583 0.0269789 0.9252223 -0.378481 0.02675569 0.9252349 -0.3784496 0.0267623 0.9252322 -0.3784716 0.02654367 0.9252266 -0.3784855 0.02654075 0.9252225 -0.3785187 0.02620941 0.9252257 -0.3785107 0.02620995 0.9252202 -0.3785549 0.02576392 0.9252356 -0.3785172 0.02576673 0.9794698 -0.2002496 0.02321642 0.9883469 -0.1521828 -0.003287196 0.9990573 -0.02178472 0.03754943 0.9902315 0.139314 0.005756855 0.9904437 0.137443 -0.01143109 0.9904454 0.1374298 -0.01143664 0.9904453 0.1374354 -0.01138556 0.9904453 0.1374355 -0.0113855 0.9904451 0.1374408 -0.01133763 0.9904457 0.1374366 -0.01133942 0.9904455 0.1374427 -0.01128435 0.990445 0.1374456 -0.01128309 0.9904449 0.13745 -0.01124227 0.9904438 0.1374586 -0.01123869 0.9904436 0.1374639 -0.01118928 0.9904446 0.1374558 -0.01119273 0.9904446 0.1374607 -0.01114767 0.9904433 0.1374699 -0.01114374 0.9904431 0.1374752 -0.0110948 0.9904431 0.1374755 -0.01109462 0.9904429 0.137481 -0.0110436 0.9904463 0.1374555 -0.01105439 0.9904459 0.1374642 -0.01097387 0.9904441 0.1374778 -0.01097136 0.9904437 0.1374881 -0.0108745 0.9904436 0.137489 -0.01087439 0.9904432 0.1374994 -0.01077568 0.9904471 0.137471 -0.01078093 0.9904467 0.1374816 -0.01068043 0.9904454 0.1374912 -0.01067858 0.990445 0.1375011 -0.01058399 0.9904446 0.1375048 -0.01058334 0.990444 0.13752 -0.01043778 0.9904462 0.1375038 -0.01043879 0.9904455 0.1375241 -0.01024127 0.9932027 0.1135319 0.0256713 0.9546982 0.2936315 0.04829186 0.9577488 0.286689 -0.02294492 0.9577445 0.2867041 -0.02293825 0.9577438 0.2867134 -0.02285242 0.9577441 0.2867121 -0.02285301 0.9577434 0.2867224 -0.02275663 0.9577443 0.2867195 -0.02275794 0.9577434 0.2867302 -0.02265709 0.957751 0.2867038 -0.02266883 0.9577503 0.286715 -0.02256321 0.9577473 0.286725 -0.0225588 0.9577466 0.2867339 -0.02247476 0.957749 0.2867257 -0.0224784 0.9577481 0.2867364 -0.02237766 0.957749 0.2867333 -0.02237898 0.9577482 0.2867436 -0.02228248 0.9577489 0.2867411 -0.02228361 0.9577482 0.2867498 -0.02220076 0.9577443 0.2867634 -0.02219474 0.957743 0.2867789 -0.02204704 0.9577442 0.286775 -0.02204781 0.9577427 0.2867948 -0.02185875 0.9577498 0.2867705 -0.02186346 0.9577482 0.2867903 -0.02167314 0.9577497 0.2867851 -0.02167415 0.9577481 0.2868054 -0.02147793 0.9577482 0.286805 -0.02147799 0.9577466 0.2868241 -0.02129179 0.9577503 0.2868118 -0.02129423 0.9577478 0.2868407 -0.02101093 0.9300765 0.3670068 0.01623684 0.9018118 0.4297868 0.04493278 0.9055503 0.4229205 -0.03342199 0.9055573 0.4229046 -0.03342944 0.9055558 0.4229185 -0.0332967 0.9055515 0.422928 -0.03329217 0.90555 0.4229417 -0.03316068 0.9055556 0.4229291 -0.03316664 0.9055541 0.4229431 -0.03303164 0.9055516 0.4229484 -0.03302907 0.9055498 0.4229639 -0.03287917 0.9055528 0.4229573 -0.03288227 0.9055514 0.42297 -0.03275889 0.9055534 0.4229655 -0.03276103 0.9055516 0.4229804 -0.03261548 0.9055573 0.4229677 -0.03262156 0.9055557 0.4229823 -0.03247869 0.9055517 0.4229912 -0.03247451 0.9055503 0.423004 -0.03234857 0.905559 0.4229846 -0.03235787 0.9055563 0.423007 -0.03213763 0.9055662 0.4229855 -0.03214216 0.9055629 0.4230129 -0.03187096 0.905556 0.4230282 -0.03186774 0.9055528 0.4230552 -0.0315991 0.9055534 0.4230539 -0.0315994 0.90555 0.4230819 -0.03131932 0.9055542 0.4230728 -0.03132128 0.905551 0.4230994 -0.03105336 0.8318779 0.5540121 0.03239977 0.8039858 0.5946481 6.12724e-4 0.7432385 0.6686704 0.02182734 0.6239273 0.7810014 -0.02741587 0.6358296 0.7710082 -0.03559565 0.5015289 0.8646083 -0.0303536 0.5023522 0.8620584 -0.06706482 0.5023504 0.8620594 -0.06706386 0.5023468 0.862083 -0.06678837 0.5023499 0.8620811 -0.06679004 0.5023463 0.8621041 -0.06651872 0.5023605 0.8620952 -0.06652653 0.5023568 0.8621187 -0.06624877 0.5023761 0.8621067 -0.06625938 0.5023727 0.8621286 -0.06599992 0.5023324 0.8621538 -0.06597781 0.5023292 0.8621745 -0.06573009 0.5023312 0.8621733 -0.06573116 0.5023272 0.862199 -0.06542509 0.5023685 0.862173 -0.06544786 0.5023651 0.862195 -0.06518518 0.5023696 0.8621922 -0.06518757 0.5023661 0.862214 -0.0649259 0.5023559 0.8622203 -0.06492024 0.5023506 0.8622541 -0.06451272 0.4015803 0.9119193 -0.08447748 0.3426532 0.937472 -0.06111532 0.3427841 0.9365973 -0.07269555 0.342768 0.9366039 -0.07268708 0.3427653 0.9366269 -0.07240122 0.3427723 0.9366241 -0.0724048 0.3427695 0.9366475 -0.07211488 0.3427812 0.9366428 -0.07212096 0.3427785 0.9366663 -0.07182729 0.3427824 0.9366647 -0.07182931 0.3427795 0.9366893 -0.07152104 0.3427861 0.9366867 -0.07152456 0.3427836 0.9367083 -0.07125228 0.3427942 0.936704 -0.07125782 0.3427914 0.9367285 -0.07094961 0.3428127 0.9367199 -0.0709607 0.3428099 0.9367431 -0.07066643 0.3427565 0.9367647 -0.07063853 0.3427541 0.9367853 -0.07037752 0.1613599 0.9830271 -0.08729708 0.1509308 0.9840453 -0.09420615 -0.02381849 0.997917 -0.05995243 -0.1100292 0.9901138 -0.08699482 -0.1959235 0.9797935 -0.04023462 -0.3504793 0.935862 -0.03642535 -0.3511397 0.9335593 -0.0718882 -0.3511332 0.9335615 -0.07189208 -0.3511296 0.9335848 -0.07160526 -0.3511487 0.9335786 -0.07159411 -0.3511454 0.9336001 -0.07132911 -0.3511575 0.9335961 -0.07132202 -0.3511539 0.9336197 -0.07103049 -0.351131 0.9336272 -0.0710439 -0.3511274 0.9336508 -0.07075124 -0.3628378 0.9308664 -0.04285377 -0.4860101 0.873935 0.00562781 -0.488425 0.8700399 -0.06686836 -0.4884625 0.8700209 -0.06684416 -0.4884585 0.8700425 -0.0665903 -0.488448 0.8700479 -0.06659716 -0.488444 0.8700699 -0.06633967 -0.4884564 0.8700634 -0.06633162 -0.4884525 0.870085 -0.06607818 -0.5906068 0.8068169 -0.01516556 -0.6079711 0.7939592 5.1448e-6 -0.6101481 0.7899698 -0.06055676 -0.6101179 0.7899913 -0.0605787 -0.6101137 0.7900133 -0.06033545 -0.6101335 0.7899991 -0.06032109 -0.6101295 0.7900193 -0.06009507 -0.7148208 0.6989787 0.02144867 -0.7794075 0.626367 -0.01372212 -0.8110539 0.5848575 0.01154392 -0.9148741 0.4037391 2.29145e-4 -0.9933944 0.1145231 -0.007207989 -0.9888068 0.1491187 -0.004957258 -0.9564834 0.2906001 -0.0262863 -0.9182242 0.3951086 -0.02745109 -0.8941758 0.4459249 -0.0400086 -0.8134135 0.5792664 -0.05299824 -0.8132702 0.5805146 -0.0399295 -0.8132602 0.5805284 -0.03993278 -0.8132717 0.5804643 -0.04062563 -0.8132656 0.5804727 -0.04062759 -0.8132743 0.5804241 -0.04114407 -0.8132629 0.5804397 -0.04115045 -0.8132685 0.5804077 -0.04148775 -0.8132509 0.5804316 -0.04149764 -0.8132568 0.5803987 -0.04184246 -0.8132649 0.5803876 -0.04183787 -0.8132707 0.5803547 -0.04218143 -0.8132485 0.5803849 -0.04219377 -0.8132542 0.5803514 -0.04254144 -0.8132563 0.5803487 -0.04254031 -0.8132606 0.5803238 -0.04279667 -0.813266 0.5803166 -0.04279112 -0.813269 0.5802993 -0.04296964 -0.8132547 0.5803182 -0.04298418 -0.8132574 0.580302 -0.04315024 -0.8132741 0.5802798 -0.04313331 -0.8132771 0.5802624 -0.04331094 -0.8132604 0.5802847 -0.04332798 -0.8132632 0.580268 -0.04349744 -0.8132655 0.5802649 -0.04349511 -0.8132682 0.580249 -0.04365634 -0.8132598 0.5802602 -0.04366493 -0.8132628 0.5802426 -0.04384297 -0.8132749 0.5802266 -0.04383063 -0.8132778 0.5802094 -0.04400289 -0.7870589 0.6148004 -0.05058389 -0.718345 0.692496 -0.06655699 -0.7181487 0.6942377 -0.0479232 -0.7181384 0.6942481 -0.04792594 -0.7181532 0.6941746 -0.0487616 -0.7181371 0.6941909 -0.04876589 -0.7181482 0.6941353 -0.04939013 -0.718154 0.6941296 -0.04938745 -0.7181614 0.6940918 -0.0498076 -0.7181525 0.6941007 -0.04981172 -0.7181596 0.694064 -0.05021917 -0.7181333 0.6940903 -0.05023115 -0.7181407 0.6940525 -0.05064707 -0.7181451 0.6940481 -0.05064505 -0.7181525 0.6940096 -0.05106514 -0.7181688 0.6939933 -0.05105775 -0.7181743 0.6939648 -0.05136853 -0.718151 0.6939873 -0.05138808 -0.7181547 0.6939678 -0.05159884 -0.718168 0.693955 -0.05158776 -0.7181714 0.6939371 -0.05178022 -0.7181377 0.6939699 -0.05180853 -0.7181414 0.6939505 -0.05201625 -0.7181552 0.6939371 -0.05200469 -0.7181589 0.6939175 -0.05221462 -0.7181627 0.6939138 -0.05221152 -0.7181664 0.6938944 -0.05241936 -0.718151 0.6939091 -0.05243211 -0.7181546 0.6938911 -0.05262398 -0.6103251 0.7892147 -0.06814235 -0.60393 0.7942067 -0.06711429 -0.4886515 0.8689904 -0.07794457 -0.3808806 0.9219539 -0.07022172 -0.3512156 0.9333064 -0.07474493 -0.1963618 0.9776569 -0.07502716 -0.196314 0.9781749 -0.06807732 -0.1962515 0.9781869 -0.06808662 -0.1962608 0.9781012 -0.06927978 -0.1962958 0.9780946 -0.06927454 -0.1963029 0.9780287 -0.07017934 -0.196305 0.9780283 -0.07017868 -0.1963096 0.9779846 -0.07077199 -0.1962836 0.9779893 -0.07077938 -0.1962883 0.9779453 -0.07137203 -0.196299 0.9779433 -0.07136899 -0.1963038 0.9778976 -0.07197993 -0.1962995 0.9778984 -0.07198113 -0.1963042 0.9778531 -0.07258063 -0.196291 0.9778555 -0.07258433 -0.1962946 0.9778206 -0.0730431 -0.1963241 0.9778159 -0.07302701 -0.1963264 0.9777933 -0.07332223 -0.1962929 0.9777986 -0.07334053 -0.1962951 0.9777774 -0.07361859 -0.1327532 0.988944 -0.06607824 -0.02389681 0.9970159 -0.07340532 -0.02388888 0.9972935 -0.06953334 -0.02392882 0.997293 -0.06952792 -0.02393144 0.9972071 -0.07074928 -0.02385318 0.9972082 -0.07075983 -0.0238552 0.9971427 -0.07167547 -0.02388232 0.9971425 -0.07166826 -0.0238837 0.9970977 -0.0722891 -0.02388364 0.9970977 -0.0722891 -0.02388495 0.9970537 -0.07289332 -0.02387654 0.9970538 -0.07289552 -0.02387791 0.9970079 -0.07351946 -0.02389127 0.9970079 -0.07351595 -0.02389264 0.9969618 -0.07413679 -0.02389258 0.9969619 -0.07413679 -0.02389353 0.9969281 -0.07458895 -0.02389603 0.9969281 -0.0745877 -0.02389675 0.9969039 -0.0749107 0.124012 0.9903187 -0.06236749 0.1613369 0.9846007 -0.06731939 0.1613426 0.9845003 -0.06875896 0.1613416 0.9845005 -0.06875878 0.1613464 0.9844136 -0.06997954 0.1613384 0.984415 -0.06997853 0.1613419 0.98435 -0.07087928 0.161336 0.984351 -0.07087773 0.1613385 0.984306 -0.07149559 0.161332 0.9843072 -0.07149392 0.1613343 0.984263 -0.07209539 0.1613449 0.984261 -0.07209807 0.1613473 0.9842156 -0.07271087 0.1613638 0.9842125 -0.0727151 0.1613662 0.9841668 -0.07332599 0.1613495 0.9841698 -0.0733217 0.1613513 0.9841358 -0.07377374 0.3427907 0.937128 -0.06546479 0.3726193 0.9259981 -0.06068205 0.5024597 0.8618523 -0.06888175 0.5967641 0.8002136 -0.05942052 0.6365311 0.7684543 -0.06562095 0.7465891 0.6622796 -0.0631709 0.7464408 0.6638054 -0.0467804 0.7464312 0.6638163 -0.04677927 0.7464442 0.6637423 -0.04761475 0.7464218 0.6637676 -0.04761207 0.7464316 0.6637113 -0.04823982 0.7464229 0.6637214 -0.04823702 0.7464294 0.6636834 -0.04865801 0.7815926 0.6213851 -0.0547139 0.8354791 0.5462954 -0.05946499 0.8353674 0.548322 -0.03878629 0.8353436 0.5483583 -0.03878307 0.8353536 0.5482934 -0.03947955 0.8353551 0.5482913 -0.03947979 0.8353626 0.5482422 -0.03999888 0.905627 0.4214912 -0.04674375 0.9147428 0.4018717 -0.04176884 0.9577306 0.2849308 -0.03957933 0.9874898 0.1565487 -0.01887583 -0.9984876 -0.05476117 0.004869103 -0.9984876 -0.05475944 0.004884779 -0.979825 -0.1992384 0.01572191 -0.9798254 -0.1992298 0.01580196 -0.9193171 -0.3923478 0.03031986 -0.9193184 -0.3923351 0.03044307 -0.7933399 -0.6069929 0.04659843 -0.7933426 -0.6069761 0.04677248 -0.6257213 -0.7777646 0.05962312 -0.625725 -0.7777436 0.05986058 -0.9984873 -0.05476462 0.004887521 -0.9984874 -0.0547614 0.004917621 -0.9798262 -0.1992265 0.01580023 -0.9798263 -0.1992202 0.01585847 -0.9193204 -0.3923308 0.03043842 -0.9193217 -0.3923189 0.03055292 -0.7933436 -0.6069748 0.04677081 -0.7933467 -0.6069555 0.04696947 -0.6257147 -0.7777509 0.05987244 -0.6257182 -0.7777304 0.06010162 -0.9984887 -0.05473893 0.004905879 -0.9984887 -0.05473566 0.004936218 -0.9798241 -0.1992311 0.01586425 -0.9798244 -0.1992242 0.01592749 -0.9193176 -0.3923278 0.03056263 -0.9193189 -0.392315 0.03068566 -0.7933441 -0.6069585 0.04697334 -0.7933469 -0.6069407 0.04715728 -0.6257104 -0.777736 0.06011068 -0.6257141 -0.777714 0.06035542 -0.9984896 -0.05472022 0.004928052 -0.9984896 -0.05471748 0.004953145 -0.9798235 -0.199229 0.01592999 -0.9798239 -0.1992218 0.01599621 -0.919318 -0.3923169 0.03068786 -0.9193194 -0.3923043 0.03080958 -0.7933441 -0.6069439 0.04716145 -0.7933469 -0.606926 0.04734444 -0.6257183 -0.777711 0.06035041 -0.6257219 -0.7776899 0.06058442 -0.9984888 -0.05473059 0.00496 -0.9984888 -0.05472934 0.004971385 -0.9798273 -0.1992055 0.01598757 -0.9798277 -0.1991982 0.01605492 -0.9193197 -0.3923037 0.03080886 -0.9193211 -0.3922903 0.03093588 -0.7933436 -0.60693 0.04734957 -0.7933464 -0.6069114 0.04753959 -0.6257109 -0.7776978 0.06059724 -0.9984886 -0.05473464 0.004974186 -0.9984886 -0.05473101 0.005007445 -0.9798232 -0.1992195 0.01606625 -0.9798236 -0.1992118 0.01613634 -0.9193155 -0.3923024 0.03094923 -0.9193168 -0.39229 0.03106713 -0.793341 -0.6069179 0.04754781 -0.9984894 -0.05471622 0.004999637 -0.9984895 -0.0547133 0.005025982 -0.9798241 -0.1992096 0.01613521 -0.9798244 -0.1992037 0.01618921 -0.9193202 -0.3922827 0.03105902 -0.9984899 -0.05470484 0.005021512 -0.9984899 -0.05470275 0.005040645 -0.9798247 -0.199202 0.01618832 -0.9984886 -0.05472558 0.005052745 -0.9933958 0.1144575 -0.008024513 -0.9933955 0.1144599 -0.008026063 -0.9933953 0.1144615 -0.008011698 -0.9933975 0.1144444 -0.008000731 -0.9933973 0.1144484 -0.007964372 -0.9933949 0.1144685 -0.007977247 -0.9933947 0.1144719 -0.00794655 -0.9933943 0.1144752 -0.007948696 -0.9933941 0.1144785 -0.007918655 -0.9933955 0.1144673 -0.007911562 -0.9933955 0.1144697 -0.007890045 -0.9933958 0.114466 -0.007887721 -0.9933957 0.11447 -0.007851958 -0.9933933 0.1144901 -0.007864832 -0.9933931 0.1144933 -0.007835328 -0.9933941 0.1144849 -0.007830023 -0.993394 0.114488 -0.00780183 -0.9933951 0.114479 -0.007796108 -0.9933949 0.1144831 -0.007757723 -0.9933956 0.1144767 -0.007755458 -0.9933954 0.1144829 -0.00769788 -0.9933946 0.11449 -0.007700324 -0.9933943 0.1144964 -0.007640838 -0.9933966 0.1144766 -0.007633984 -0.9933964 0.1144823 -0.007579565 -0.9933933 0.1145082 -0.007588624 -0.993393 0.1145148 -0.007526218 -0.9933936 0.1145096 -0.00752443 -0.9933933 0.1145185 -0.007439732 -0.9933935 0.1145166 -0.007439315 -0.993393 0.1145283 -0.007325589 -0.993395 0.1145115 -0.007322072 -0.979829 -0.1993081 0.01453757 -0.9798237 -0.1993342 0.01454228 -0.9798252 -0.1993065 0.01481282 -0.9798245 -0.19931 0.01481348 -0.9798257 -0.1992892 0.01501441 -0.9798262 -0.1992869 0.01501369 -0.9798269 -0.1992732 0.015145 -0.9798241 -0.1992866 0.01514899 -0.9798249 -0.1992726 0.01528269 -0.9798248 -0.1992732 0.01528286 -0.9798256 -0.1992583 0.01542389 -0.9798272 -0.1992508 0.01542168 -0.9798279 -0.1992368 0.01555377 -0.9798238 -0.1992569 0.01555973 -0.9798243 -0.1992467 0.01565581 -0.9193194 -0.3925174 0.02796351 -0.9193207 -0.3925143 0.02796256 -0.9193264 -0.3924645 0.02846926 -0.9193223 -0.3924741 0.02847224 -0.9193265 -0.3924371 0.02884447 -0.9193213 -0.3924486 0.02885103 -0.9193242 -0.3924236 0.02910041 -0.9193254 -0.3924206 0.02909868 -0.9193283 -0.3923953 0.02934986 -0.9193253 -0.392402 0.02935361 -0.9193281 -0.3923768 0.02960264 -0.9193165 -0.3924028 0.02961724 -0.9193192 -0.3923776 0.02986377 -0.9193187 -0.392379 0.02986454 -0.9193208 -0.3923595 0.03005486 -0.9193216 -0.3923578 0.03005307 -0.9193229 -0.3923447 0.03018087 -0.7933622 -0.6072412 0.04283279 -0.7933349 -0.607276 0.04284501 -0.7933464 -0.6072065 0.04360932 -0.7933368 -0.6072188 0.04361367 -0.7933453 -0.6071666 0.04418081 -0.7933418 -0.607171 0.04418361 -0.7933475 -0.6071362 0.04455894 -0.7933345 -0.6071524 0.04456955 -0.7933402 -0.6071168 0.04494982 -0.7933407 -0.6071161 0.04494941 -0.7933465 -0.6070803 0.04532909 -0.7933391 -0.6070895 0.04533499 -0.793345 -0.6070532 0.04571932 -0.7933387 -0.6070609 0.04572433 -0.7933431 -0.6070337 0.04600948 -0.7933385 -0.6070392 0.04601645 -0.7933412 -0.6070221 0.04619479 -0.7933332 -0.6070316 0.04620689 -0.793336 -0.6070132 0.04639768 -0.6257334 -0.7781218 0.05462789 -0.6257341 -0.7781213 0.05462765 -0.6257489 -0.7780405 0.055601 -0.6257201 -0.7780628 0.05561059 -0.6257311 -0.7780022 0.05633163 -0.6257235 -0.778008 0.05633628 -0.6257306 -0.7779681 0.0568059 -0.6257147 -0.7779802 0.05681574 -0.6257221 -0.7779381 0.0573073 -0.6257163 -0.7779425 0.05731087 -0.6257237 -0.7779003 0.05780172 -0.6257401 -0.7778878 0.0577917 -0.6257474 -0.777846 0.05827367 -0.6257247 -0.7778632 0.05828744 -0.62573 -0.7778324 0.05864018 -0.6257174 -0.7778415 0.05865496 -0.6257209 -0.7778207 0.05889248 -0.6257212 -0.7778205 0.05889225 -0.625725 -0.7777979 0.05914986 -0.6257302 -0.7777943 0.05914384 -0.6257336 -0.7777737 0.05937534 -0.4584924 -0.8865283 0.06206536 -0.4584615 -0.8865441 0.06207114 -0.458475 -0.8864594 0.06317031 -0.458452 -0.8864709 0.06317454 -0.4584622 -0.8864065 0.06399953 -0.4584587 -0.8864082 0.06400066 -0.4584654 -0.8863652 0.06454616 -0.4584931 -0.8863516 0.0645368 -0.4585 -0.8863068 0.06509947 -0.4584852 -0.8863141 0.06510436 -0.458492 -0.8862702 0.06565296 -0.4584554 -0.8862882 0.06566506 -0.4584621 -0.8862445 0.06620579 -0.4584732 -0.8862391 0.06620216 -0.4584783 -0.8862044 0.06662744 -0.4584996 -0.8861945 0.06661409 -0.458503 -0.8861715 0.0668953 -0.4584953 -0.8861752 0.06690019 -0.4584985 -0.8861532 0.06716841 -0.458463 -0.8861699 0.06719076 -0.4584662 -0.8861489 0.06744593 -0.4584624 -0.8861506 0.06744837 -0.4584658 -0.8861271 0.06773251 -0.308554 -0.9488927 0.0663101 -0.308548 -0.9488946 0.06631106 -0.3085579 -0.9488081 0.06749117 -0.3085823 -0.9488006 0.06748723 -0.3085898 -0.9487351 0.06836801 -0.3085805 -0.9487379 0.06837075 -0.3085855 -0.9486941 0.06895279 -0.3085812 -0.9486954 0.06895405 -0.3085861 -0.9486514 0.069534 -0.3085438 -0.9486643 0.06954658 -0.3085488 -0.948619 0.0701397 -0.3085634 -0.9486145 0.07013529 -0.3085684 -0.9485697 0.07071924 -0.3085522 -0.9485745 0.07072407 -0.3085559 -0.9485395 0.07117611 -0.3085606 -0.9485381 0.07117342 -0.3085629 -0.9485171 0.07144451 -0.3085342 -0.9485252 0.07146102 -0.3085367 -0.9485023 0.07175403 -0.3085404 -0.9485012 0.07175195 -0.308543 -0.9484763 0.0720691 -0.3085836 -0.9484648 0.07204574 -0.308586 -0.9484428 0.07232487 -0.3085411 -0.9484554 0.07235056 -0.3085436 -0.9484325 0.07264178 -0.1387342 -0.9879286 0.0689184 -0.1387441 -0.9879274 0.06891697 -0.138748 -0.987841 0.0701363 -0.1387082 -0.9878461 0.07014203 -0.1387111 -0.987781 0.07104825 -0.1386951 -0.987783 0.07105267 -0.1386971 -0.9877389 0.07165819 -0.1386924 -0.9877395 0.0716595 -0.1386944 -0.9876948 0.07226991 -0.1387236 -0.9876913 0.07226192 -0.1387255 -0.9876456 0.07288014 -0.1386916 -0.9876496 0.07288944 -0.1386935 -0.9876044 0.07349574 -0.138713 -0.9876021 0.07349038 -0.1387144 -0.9875674 0.07395195 -0.1386919 -0.9875697 0.07396405 -0.1386928 -0.9875469 0.07426458 -0.1387315 -0.9875431 0.07424372 -0.1387326 -0.9875183 0.07457125 -0.1387472 -0.9875168 0.07456338 -0.1387481 -0.9874944 0.07485896 -0.1386914 -0.9875 0.07488948 -0.1386923 -0.9874784 0.07517248 -0.1387207 -0.9874756 0.07515728 -0.1387217 -0.9874504 0.0754857 -0.1387248 -0.98745 0.07548403 -0.1387258 -0.9874275 0.07577633 0.04299765 -0.9966614 0.06940585 0.04300302 -0.9966611 0.06940656 0.04300642 -0.9965751 0.07062995 0.04300981 -0.9965749 0.07063043 0.04301238 -0.9965088 0.07155436 0.04298281 -0.9965108 0.07154655 0.0429846 -0.9964662 0.07216238 0.04297298 -0.996467 0.07215934 0.04297465 -0.9964227 0.07276731 0.04300338 -0.9964209 0.07277476 0.04300516 -0.9963756 0.07339125 0.04299402 -0.9963763 0.07338833 0.04299575 -0.9963304 0.07400768 0.04298764 -0.9963309 0.0740056 0.04298895 -0.9962962 0.07447105 0.04297828 -0.996297 0.07446545 0.04297918 -0.9962735 0.07477849 0.0429815 -0.9962733 0.07477974 0.04298233 -0.9962511 0.07507485 0.043006 -0.9962492 0.07508724 0.04300689 -0.9962264 0.07538872 0.04298543 -0.9962281 0.07537752 0.04298633 -0.9962043 0.07569146 0.04298579 -0.9962044 0.07569116 0.04298669 -0.9961804 0.07600486 0.04298806 -0.9961804 0.07600557 0.04298889 -0.996159 0.07628488 0.04301804 -0.9961565 0.07630008 0.04301893 -0.9961329 0.07660812 0.213345 -0.9746243 0.06775951 0.2133315 -0.9746273 0.0677579 0.2133414 -0.9745413 0.0689553 0.2133058 -0.9745493 0.06895101 0.2133133 -0.974484 0.06984633 0.2133321 -0.9744794 0.06985116 0.213337 -0.9744364 0.07043474 0.2133713 -0.9744282 0.07044357 0.2133764 -0.9743832 0.07104808 0.2133184 -0.9743971 0.07103347 0.2133234 -0.9743511 0.07164418 0.2133126 -0.9743537 0.0716415 0.2133176 -0.974309 0.07223325 0.2133478 -0.9743018 0.07224088 0.2133517 -0.9742667 0.0727021 0.2133362 -0.9742706 0.07269412 0.2133386 -0.9742489 0.0729776 0.2133663 -0.9742418 0.07299196 0.2133688 -0.9742184 0.07329607 0.2133393 -0.9742259 0.07328081 0.213342 -0.9742021 0.07358986 0.2133371 -0.9742034 0.07358735 0.2133395 -0.9741811 0.07387357 0.2133561 -0.9741769 0.07388216 0.2133586 -0.9741535 0.07418233 0.2133673 -0.9741514 0.07418686 0.2133699 -0.9741275 0.07449012 0.2133139 -0.9741421 0.07446116 0.2133166 -0.9741181 0.07476776 0.213332 -0.974114 0.07477575 0.2133345 -0.9740908 0.07506978 0.3683243 -0.9274662 0.06437027 0.3683326 -0.9274629 0.06437122 0.3683469 -0.9273777 0.06550705 0.368327 -0.9273858 0.06550478 0.3683378 -0.9273215 0.06634885 0.3683376 -0.9273216 0.06634885 0.3683447 -0.9272781 0.06691402 0.3683217 -0.9272876 0.06690806 0.3683291 -0.9272425 0.06749105 0.368324 -0.9272446 0.06748974 0.3683311 -0.9272009 0.06804907 0.3683482 -0.9271938 0.06805342 0.3683555 -0.9271491 0.06862187 0.3683194 -0.927164 0.06861281 0.3683251 -0.9271285 0.06906032 0.3683194 -0.927131 0.06905734 0.3683228 -0.92711 0.06932073 0.3683184 -0.9271119 0.06931847 0.3683224 -0.9270872 0.0696271 0.3683112 -0.9270921 0.06962114 0.3683146 -0.9270706 0.06988841 0.3683347 -0.9270619 0.06989908 0.3683382 -0.9270392 0.07018113 0.3683146 -0.9270495 0.07016861 0.3683183 -0.9270262 0.07045513 0.3683289 -0.9270217 0.07046073 0.3683325 -0.9269986 0.0707454 0.3683461 -0.9269925 0.07075262 0.3683496 -0.9269705 0.07102328 0.3683339 -0.9269773 0.07101505 0.3683378 -0.926953 0.07131284 0.3683187 -0.9269613 0.07130277 0.6344741 -0.7711036 0.05330777 0.5083069 -0.8591168 0.05951958 0.5082821 -0.8591316 0.05951678 0.5082986 -0.8590485 0.0605663 0.508292 -0.8590524 0.06056553 0.5083044 -0.8589897 0.06134611 0.5082913 -0.8589977 0.06134259 0.5082995 -0.8589554 0.06186574 0.5082922 -0.8589598 0.06186378 0.5083006 -0.8589164 0.06239533 0.5082995 -0.858917 0.06239503 0.5083078 -0.8588744 0.06291288 0.5082982 -0.8588802 0.06291037 0.5083065 -0.8588366 0.06343621 0.5083152 -0.8588314 0.06343847 0.5083215 -0.8587979 0.06383931 0.5083274 -0.8587942 0.06384259 0.5083315 -0.8587726 0.06409907 0.5083038 -0.8587902 0.06408357 0.5083082 -0.8587671 0.06435793 0.508319 -0.8587602 0.06436395 0.5083231 -0.8587386 0.06461989 0.5082989 -0.8587539 0.06460636 0.5083032 -0.8587306 0.06488209 0.508296 -0.8587351 0.06487804 0.5083 -0.8587136 0.06513023 0.508298 -0.8587149 0.06512916 0.5083024 -0.8586913 0.06540471 0.5082925 -0.8586977 0.06539911 0.5082965 -0.8586757 0.06565624 0.5082924 -0.8586783 0.06565397 0.5082966 -0.8586561 0.06591129 0.5083153 -0.8586443 0.06592172 0.9996655 -0.02583754 0.001138389 0.97944 -0.2012915 0.01337933 0.9794413 -0.2012852 0.01337969 0.979443 -0.2012625 0.01360148 0.979441 -0.2012718 0.01360088 0.9794423 -0.201254 0.01377272 0.979438 -0.2012754 0.01376861 0.9794386 -0.201264 0.01387703 0.9794429 -0.2012433 0.01388102 0.9794437 -0.2012317 0.01399141 0.9794402 -0.2012493 0.01398813 0.9794411 -0.201237 0.01410484 0.979443 -0.2012273 0.01410663 0.9794437 -0.2012158 0.0142154 0.9794441 -0.2012141 0.0142157 0.9794447 -0.2012054 0.01429754 0.979441 -0.2012245 0.01428931 0.9794415 -0.2012172 0.01435714 0.9794411 -0.201219 0.01435637 0.9794415 -0.2012135 0.0144068 0.9794424 -0.2012087 0.01440888 0.9794428 -0.2012025 0.0144664 0.9794416 -0.2012087 0.01446378 0.9794421 -0.2012018 0.01452714 0.9794424 -0.2012004 0.01452767 0.9794427 -0.201195 0.0145787 0.9794421 -0.2011976 0.01457756 0.9794426 -0.2011916 0.01463323 0.9794422 -0.2011941 0.01463222 0.9794425 -0.2011886 0.01468229 0.9794401 -0.2012003 0.01467728 0.9794406 -0.2011924 0.01474893 0.9794422 -0.2011845 0.01475232 0.9055582 0.4231528 -0.0301007 0.9055497 0.423171 -0.03009933 0.9577476 0.2868691 -0.02063238 0.6364014 0.7694602 -0.05407631 0.6363902 0.7694695 -0.05407506 0.6364048 0.7693895 -0.05503499 0.6364088 0.7693861 -0.05503541 0.6364198 0.7693246 -0.05576336 0.6363937 0.7693467 -0.05575597 0.636401 0.7693055 -0.05623894 0.6363936 0.7693117 -0.05623686 0.636401 0.7692698 -0.05672502 0.3427917 0.93712 -0.06557512 0.5023684 0.8625359 -0.06047981 0.5023534 0.8625448 -0.06047809 0.5023677 0.8624604 -0.0615527 0.5023322 0.8624814 -0.0615487 0.5023428 0.8624174 -0.06235277 0.5023698 0.8624012 -0.06235986 0.5023768 0.8623585 -0.06289082 0.5023707 0.8623622 -0.06288921 0.502378 0.8623175 -0.0634424 0.5023403 0.8623401 -0.06343275 0.5023473 0.862297 -0.06396198 -0.351115 0.9340803 -0.06490331 -0.351139 0.9340715 -0.06489926 -0.3511528 0.9339864 -0.06603819 -0.3511258 0.9339963 -0.06604272 -0.3511362 0.9339317 -0.06689596 -0.3511232 0.9339362 -0.06690001 -0.3511301 0.9338929 -0.06746715 -0.3511453 0.9338874 -0.06746238 -0.3511523 0.9338436 -0.06803172 -0.3511443 0.9338463 -0.06803411 -0.3511514 0.9338018 -0.06860768 -0.3511402 0.9338057 -0.06861114 -0.3511471 0.9337614 -0.06917703 -0.3511216 0.9337704 -0.06918489 -0.3511269 0.9337359 -0.0696215 -0.3511236 0.9337369 -0.06962347 -0.3511269 0.933716 -0.06988835 -0.3511238 0.933717 -0.06989014 -0.3511274 0.9336937 -0.0701828 -0.3511471 0.9336872 -0.07017123 -0.3511507 0.9336636 -0.07046657 -0.6101543 0.7903921 -0.05470073 -0.4884629 0.8704936 -0.06037282 -0.4884308 0.8705112 -0.06037902 -0.4884469 0.8704286 -0.06143045 -0.4884275 0.8704392 -0.0614342 -0.4884397 0.8703756 -0.06223213 -0.4884501 0.8703702 -0.06222856 -0.4884582 0.8703278 -0.06275403 -0.4884425 0.8703363 -0.06275951 -0.4884504 0.8702943 -0.06327754 -0.4884295 0.8703055 -0.06328469 -0.4884377 0.8702618 -0.06381952 -0.4884412 0.87026 -0.06381833 -0.4884493 0.8702163 -0.06434947 -0.488456 0.8702127 -0.06434714 -0.4884622 0.8701797 -0.06474548 -0.48844 0.870191 -0.06475979 -0.4884439 0.8701704 -0.06500887 -0.4884487 0.8701679 -0.06500577 -0.488453 0.8701442 -0.06528985 -0.4884696 0.8701357 -0.06527912 -0.4884736 0.8701139 -0.06553828 -0.488466 0.8701179 -0.06554317 -0.48847 0.8700968 -0.06579446 -0.9564394 0.2912676 -0.01966959 -0.8940851 0.4468535 -0.03055721 -0.8940824 0.446859 -0.0305584 -0.8940898 0.4468078 -0.0310837 -0.8940821 0.446823 -0.0310871 -0.8940876 0.4467844 -0.03147917 -0.894084 0.4467916 -0.03148192 -0.8940876 0.4467661 -0.03173893 -0.8940841 0.4467729 -0.03174155 -0.8940879 0.4467464 -0.03200721 -0.8940832 0.4467556 -0.03201067 -0.8940868 0.4467296 -0.03226935 -0.8940873 0.4467289 -0.03226906 -0.894091 0.446702 -0.03253573 -0.8940815 0.4467207 -0.03254276 -0.8940841 0.4467019 -0.0327273 -0.8940758 0.4467177 -0.03273832 -0.8940777 0.446704 -0.03287327 -0.8940817 0.4466962 -0.0328679 -0.8940837 0.4466822 -0.03300553 -0.8940826 0.4466843 -0.03300696 -0.8940843 0.4466719 -0.03312748 -0.8940861 0.4466685 -0.03312516 -0.8940881 0.4466541 -0.0332657 -0.8940842 0.4466617 -0.03327101 -0.8940858 0.4466494 -0.03339016 -0.8940864 0.4466482 -0.03338927 -0.8940885 0.4466338 -0.03352838 -0.8940852 0.44664 -0.03353267 -0.8940868 0.4466282 -0.03364574 -0.8940814 0.4466385 -0.0336529 -0.8940833 0.4466246 -0.03378599 -0.9564388 0.2911238 -0.02171766 -0.9564449 0.2911047 -0.02170515 -0.7181537 0.6938588 -0.05305844 -0.7181725 0.6938407 -0.05304265 -0.813266 0.5802125 -0.04418027 -0.1963225 0.977636 -0.07540112 -0.1962826 0.9776423 -0.07542288 -0.1962804 0.9776651 -0.0751329 -0.1962952 0.9776628 -0.07512474 -0.1962929 0.9776854 -0.07483583 -0.19629 0.9776858 -0.07483744 -0.1962875 0.9777106 -0.07452017 -0.1962844 0.977711 -0.07452183 -0.1962822 0.9777336 -0.07423144 -0.1962895 0.9777324 -0.07422745 -0.1962873 0.9777546 -0.07394111 0.1613278 0.9839549 -0.07619804 -0.02386099 0.996741 -0.07705849 -0.02393579 0.9967423 -0.07701951 -0.02393507 0.9967652 -0.07672256 -0.02389585 0.9967646 -0.076743 -0.02389514 0.996788 -0.07643657 -0.02388519 0.9967879 -0.07644176 -0.02388447 0.9968125 -0.07612174 -0.02389454 0.9968126 -0.07611644 -0.02389389 0.9968342 -0.07583278 -0.02391707 0.9968346 -0.07582068 -0.02391636 0.9968575 -0.07551831 -0.02389979 0.9968572 -0.07552701 -0.02389901 0.9968821 -0.07519882 0.6363893 0.7690325 -0.05998158 0.6363913 0.7690307 -0.05998277 0.6363875 0.7690538 -0.05972707 0.6363981 0.7690444 -0.05973356 0.6363947 0.7690653 -0.05950194 0.6363803 0.7690778 -0.0594933 0.6363766 0.7690996 -0.05924975 0.6363791 0.7690975 -0.05925124 0.6363755 0.7691189 -0.05901223 0.6364006 0.7690969 -0.05902743 0.6363968 0.7691194 -0.0587747 0.636412 0.7691062 -0.05878388 0.6364082 0.769128 -0.05853819 0.6363636 0.769167 -0.05851125 0.6363602 0.7691868 -0.05828666 0.6363784 0.769171 -0.05829763 0.6363748 0.769192 -0.05805855 0.6363878 0.7691806 -0.05806648 0.636382 0.7692142 -0.05768388 0.6364144 0.7691867 -0.05769276 0.636407 0.7692292 -0.05720615 0.835353 0.5480262 -0.04304265 0.7464165 0.6634521 -0.05190116 0.746428 0.6634386 -0.05190902 0.7464245 0.6634602 -0.05168193 0.7464299 0.6634538 -0.05168569 0.7464269 0.6634721 -0.05149358 0.7464259 0.6634734 -0.05149286 0.7464225 0.6634947 -0.05126762 0.7464275 0.6634888 -0.05127108 0.7464243 0.6635082 -0.05106461 0.7464264 0.6635058 -0.05106604 0.7464231 0.663526 -0.05085152 0.7464359 0.6635109 -0.0508604 0.7464328 0.6635298 -0.05065804 0.746429 0.6635343 -0.05065542 0.7464257 0.6635546 -0.05043846 0.7464211 0.66356 -0.0504353 0.7464178 0.6635802 -0.05021876 0.7464439 0.6635494 -0.05023682 0.746439 0.6635788 -0.04992038 0.7464165 0.6636045 -0.04991346 0.7464101 0.6636432 -0.0494945 0.7464289 0.6636216 -0.04950028 0.7464223 0.6636607 -0.04907381 0.9996655 -0.02583521 0.001178741 0.9996656 -0.02583301 0.001179635 0.6344351 -0.7707201 0.05901461 0.634469 -0.7706905 0.0590353 0.04301214 -0.9961084 0.07692945 0.6344678 -0.7710436 0.0542435 0.6344515 -0.7711225 0.05330514 0.634442 -0.771065 0.05424058 0.9996655 -0.02583849 0.001145422 0.9996654 -0.02583926 0.001138269 0.9996652 -0.02585315 0.001144528 0.9055563 0.4231177 -0.03064662 0.3427992 0.9370349 -0.06674116 0.3427883 0.9371212 -0.06557476 0.3427569 0.9370508 -0.06673628 -0.6101371 0.7903381 -0.05566287 -0.6101208 0.7904174 -0.05470824 -0.6101335 0.7903408 -0.05566364 -0.9564419 0.2912364 -0.02000212 -0.9564387 0.29127 -0.01967006 -0.9564393 0.2912451 -0.02000397 0.6344541 -0.7710056 0.0549376 0.6344513 -0.7710081 0.05493676 0.9996651 -0.02585279 0.001148343 0.9996657 -0.02583116 0.001152396 0.342765 0.9369858 -0.06760078 0.3427621 0.9369869 -0.06760007 -0.6101458 0.7902808 -0.05637627 -0.610114 0.7903045 -0.05638885 -0.9564418 0.2912196 -0.02025258 -0.9564405 0.2912238 -0.02025407 0.6344595 -0.7709675 0.05540949 0.6344317 -0.770991 0.05540156 0.9996657 -0.02583152 0.001149058 0.9996655 -0.02583587 0.001148283 0.8353531 0.5482315 -0.04034394 0.3427676 0.9369421 -0.06819009 0.3427454 0.9369506 -0.06818443 -0.6101222 0.7902643 -0.05686217 -0.6101248 0.7902624 -0.05686116 -0.9564422 0.2912071 -0.02041649 -0.9564412 0.2912103 -0.02041763 0.6344398 -0.7709505 0.0558694 0.6344543 -0.7709383 0.05587345 0.9996656 -0.02583485 0.00115782 0.9996654 -0.02584093 0.001156687 0.8353581 0.5481976 -0.04069709 0.8353592 0.5481959 -0.04069751 0.3427509 0.936906 -0.06876856 0.3427956 0.9368888 -0.0687797 -0.610133 0.7902213 -0.05734086 -0.6101554 0.7902048 -0.05733215 -0.9564428 0.2911928 -0.02058571 -0.9564392 0.2912045 -0.02058982 0.6344627 -0.7708972 0.05634498 0.6344354 -0.7709202 0.05633741 0.9996654 -0.02584069 0.001158595 0.9996655 -0.02583438 0.001159727 0.8353642 0.5481624 -0.04104512 0.8353592 0.5481701 -0.04104328 0.342801 0.9368444 -0.0693565 0.342741 0.9368673 -0.06934154 -0.6101636 0.7901633 -0.05781251 -0.6101382 0.7901822 -0.0578224 -0.9564409 0.2911875 -0.0207526 -0.9564394 0.2911922 -0.02075427 0.6344437 -0.7708788 0.05680829 0.6344321 -0.7708884 0.05680507 0.9996656 -0.02583426 0.0011608 0.9996657 -0.02583044 0.001161515 0.8353644 0.5481353 -0.04140198 0.8353509 0.548156 -0.04139715 0.3427466 0.9368209 -0.06993836 -0.6101464 0.7901416 -0.05829048 -0.6101121 0.790167 -0.05830389 -0.9564412 0.2911745 -0.02092379 -0.9564412 0.2911745 -0.02092379 0.6344386 -0.7708562 0.0571711 0.634429 -0.7708644 0.0571652 0.9996657 -0.02582991 0.001166462 0.9996655 -0.02583599 0.001163899 0.8353546 0.5481314 -0.04164999 0.8353739 0.5481008 -0.04166597 -0.6101184 0.7901353 -0.0586667 -0.6101272 0.7901291 -0.05866032 -0.9564423 0.2911618 -0.02104389 -0.9564424 0.2911617 -0.02104383 0.634433 -0.7708448 0.0573861 0.6344518 -0.7708284 0.0573976 0.9996656 -0.02583563 0.001167058 0.9996656 -0.0258342 0.001167654 0.8353763 0.5480846 -0.04183107 0.8353624 0.5481067 -0.04181957 0.1613196 0.9841197 -0.07405555 -0.6101312 0.7901082 -0.05889737 -0.61013 0.7901091 -0.05889827 -0.9564433 0.2911515 -0.02113991 -0.9564446 0.2911475 -0.02113723 0.634456 -0.7708071 0.05763787 0.6344379 -0.7708227 0.0576269 0.9996656 -0.02583485 0.001161694 0.9996655 -0.02583682 0.00116086 0.8353652 0.5480874 -0.04201519 0.8353559 0.5481022 -0.0420075 0.1613208 0.9840952 -0.07437843 0.161349 0.9840896 -0.07439303 -0.6101343 0.7900874 -0.05914574 -0.6101242 0.7900946 -0.05915302 -0.9564453 0.2911399 -0.0212081 -0.9564381 0.2911626 -0.02122294 0.6344419 -0.7708021 0.05785703 0.6344512 -0.7707941 0.05786269 0.9996655 -0.02583569 0.001171052 0.9996655 -0.02583581 0.001170992 0.8353583 0.5480853 -0.04217797 0.835367 0.5480716 -0.04218512 0.1613501 0.9840664 -0.07469612 0.1613652 0.9840633 -0.07470393 -0.6101281 0.790075 -0.05937349 -0.6101213 0.7900799 -0.05937844 -0.956439 0.2911543 -0.02130115 -0.9564404 0.2911497 -0.02129817 0.6344552 -0.7707734 0.05809473 0.6344565 -0.7707723 0.05809551 0.9996656 -0.02583593 0.00116986 0.9996658 -0.02582514 0.00117439 0.8353693 0.5480551 -0.04235213 0.835357 0.5480747 -0.04234194 0.1613663 0.9840401 -0.07500648 0.1613218 0.9840492 -0.07498341 -0.6101253 0.7900593 -0.05961066 -0.6101264 0.7900586 -0.05960983 -0.9564413 0.2911407 -0.02138191 -0.9564389 0.291148 -0.02138668 0.6344606 -0.7707517 0.05832421 0.6344475 -0.770763 0.05831629 0.9996658 -0.02582514 0.001173973 0.9996659 -0.02582502 0.001174032 0.8353596 0.5480568 -0.04252284 0.8353646 0.5480486 -0.04252707 0.161323 0.9840254 -0.07529306 0.1613389 0.9840221 -0.07530134 -0.6101308 0.7900362 -0.05986136 -0.9564398 0.2911394 -0.02146661 -0.9564399 0.2911389 -0.02146625 0.6344518 -0.7707405 0.05856496 0.6344466 -0.7707451 0.0585618 0.9996658 -0.02582532 0.00117129 0.9996659 -0.02582448 0.001171648 0.8353673 0.5480303 -0.04271173 0.8353599 0.5480421 -0.04270559 0.1613401 0.9839985 -0.0756064 0.1613404 0.9839984 -0.07560658 -0.9564407 0.2911307 -0.02154237 -0.9564347 0.2911497 -0.02155482 0.6344504 -0.7707256 0.05877673 0.6344647 -0.7707132 0.05878537 0.9996658 -0.02582412 0.001174509 0.9996655 -0.02583402 0.001170396 0.8353621 0.5480259 -0.04286736 0.8353593 0.5480306 -0.04286497 0.1613414 0.9839767 -0.07588732 0.1613719 0.9839705 -0.07590305 -0.7181687 0.6938608 -0.05283069 -0.9564356 0.2911404 -0.02164131 -0.9564441 0.2911135 -0.02162367 0.8353619 0.548012 -0.04304999 0.1613731 0.9839457 -0.07622146 -0.004323422 -0.1727572 0.984955 -0.00433278 -0.1728178 0.9849443 -0.004331648 -0.1727618 0.9849541 -0.004335939 -0.1727896 0.9849492 -0.00433588 -0.1727873 0.9849497 -0.004332602 -0.1727663 0.9849533 -0.004332959 -0.1727829 0.9849504 -0.004341602 -0.1728388 0.9849406 -0.004340827 -0.1728024 0.9849469 -0.00433886 -0.1727896 0.9849492 -0.004340171 -0.1728535 0.9849379 -0.00433582 -0.1728252 0.984943 -0.004333436 -0.1727089 0.9849634 -0.004324138 -0.1727924 0.9849488 -0.004324734 -0.1727964 0.984948 -0.004324615 -0.172791 0.9849489 -0.00431323 -0.1727171 0.9849619 -0.004313826 -0.172747 0.9849568 -0.004334211 -0.1728788 0.9849336 -0.004331111 -0.1727275 0.9849601 -0.004335701 -0.1727574 0.9849549 -0.00434345 -0.1731337 0.9848887 -0.001501739 -0.1104623 -0.9938792 -0.001519203 -0.1104615 -0.9938793 -0.001498341 -0.110462 -0.9938792 -0.001510381 -0.1104616 -0.9938792 -0.001474797 -0.1104623 -0.9938793 -0.00155127 -0.1104601 -0.9938794 -0.00151956 -0.1104614 -0.9938793 -0.001477181 -0.1104624 -0.9938792 -0.001524806 -0.1104606 -0.9938794 -0.00150901 -0.1104609 -0.9938793 -0.001499116 -0.1104613 -0.9938793 -0.001552522 -0.1104603 -0.9938793 -0.001463413 -0.1104632 -0.9938792 -0.001598238 -0.1104608 -0.9938792 0.999787 -0.02063006 7.74009e-4 0.999787 -0.02062964 7.75636e-4 0.9997869 -0.02062994 7.74876e-4 0.9997869 -0.02062982 7.75118e-4 0.9997869 -0.0206303 7.74172e-4 0.9997869 -0.02063006 7.74487e-4 0.9997869 -0.02063018 7.74282e-4 0.9997869 -0.02063035 7.73943e-4 0.9997869 -0.0206297 7.7498e-4 0.9997869 -0.0206297 7.75003e-4 0.9997869 -0.02063006 7.74478e-4 0.9997869 -0.02062988 7.74847e-4 0.9997869 -0.02062964 7.7512e-4 0.9997869 -0.02062964 7.75212e-4 0.9997869 -0.0206303 7.74269e-4 0.9997869 -0.02063041 7.741e-4 0.9997869 -0.02063012 7.7447e-4 0.9997868 -0.02062994 7.74847e-4 0.9997869 -0.02062994 7.74756e-4 0.9997869 -0.02063071 7.73614e-4 0.9997869 -0.02062958 7.75688e-4 0.9997869 -0.02063 7.74653e-4 0.9997869 -0.02063006 7.74584e-4 0.9997869 -0.02062988 7.74843e-4 0.9997869 -0.02062928 7.76122e-4 0.9997869 -0.02062946 7.75486e-4 0.9997869 -0.02063035 7.74252e-4 0.9997869 -0.02063006 7.74761e-4 0.999787 -0.02062976 7.75565e-4 0.9997868 -0.02063 7.75197e-4 0.9997869 -0.02062982 7.75618e-4 0.9997869 -0.02062934 7.76281e-4 0.9997869 -0.02063053 7.73875e-4 0.9997869 -0.02062988 7.74721e-4 0.9997869 -0.0206303 7.73423e-4 0.9997869 -0.0206297 7.74295e-4 0.9997869 -0.02063 7.71661e-4 0.9997869 -0.02062952 7.72724e-4 0.9997869 -0.02062755 7.74592e-4 0.999787 -0.02062773 7.72963e-4 0.999787 -0.02062875 7.7193e-4 -0.7844395 0.6103226 -0.1102765 -0.8578891 0.5007763 -0.1151055 -0.8711431 0.4775469 -0.1142743 -0.9177258 0.3781115 -0.1217004 -0.9470949 0.2968864 -0.1219416 -0.9641869 0.232841 -0.1269989 -0.9824547 0.1347165 -0.1289741 -0.9880009 0.07716345 -0.1337906 -0.9892193 0.09535467 -0.1111428 -0.9840819 0.1428768 -0.1056842 -0.9494596 0.2970777 -0.1013475 -0.9494534 0.2970983 -0.1013454 -0.8729957 0.4780828 -0.09651565 -0.8729899 0.4780937 -0.09651446 -0.7584469 0.6452071 -0.09201109 -0.7584165 0.6452435 -0.09200644 -0.67065 0.7362848 -0.09007471 -0.6382588 0.7649012 -0.0869022 -0.6118292 0.7862319 -0.08662778 -0.5301559 0.8440423 -0.08079206 -0.5640156 0.8219344 -0.07943648 -0.4597266 0.884607 -0.07824271 -0.4324308 0.8989245 -0.07027286 -0.4573629 0.8870043 -0.06358158 -0.4147469 0.9079453 -0.06016999 -0.4153063 0.9086695 -0.04289764 -0.3479366 0.9365667 -0.04222619 -0.2650935 0.96381 -0.02821207 -0.3210781 0.9467417 -0.02427035 -0.2855138 0.9583234 -0.009907126 -0.3107454 0.9504547 -0.008552014 -0.3092966 0.9509502 0.005430996 -0.4162555 0.9092379 0.004228174 -0.4162729 0.9092298 0.004229545 -0.5330139 0.846103 0.002440214 -0.5330316 0.8460918 0.002441704 -0.6417177 0.766941 2.49022e-4 -0.6418349 0.7667354 0.01283711 -0.7628255 0.6465333 0.009591937 -0.7628442 0.6462393 0.021061 -0.8781799 0.478044 0.01655322 -0.8780939 0.4777132 0.02722352 -0.9550176 0.2957006 0.02241665 -0.9548264 0.2953741 0.03256815 -0.9926626 0.1176442 0.02794253 -0.9937142 0.1065231 0.03442358 -0.9915813 0.09196221 -0.091156 -0.98643 0.1414018 -0.08343535 -0.9515432 0.2971615 -0.07912403 -0.951539 0.2971753 -0.07912242 -0.8749122 0.4785491 -0.07429218 -0.8749044 0.4785639 -0.07429021 -0.7600895 0.646061 -0.06978034 -0.7600665 0.6460884 -0.06977617 -0.6395268 0.7658629 -0.06678062 -0.6394861 0.7658972 -0.06677633 -0.5310219 0.8448929 -0.06458914 -0.5318539 0.8456568 -0.04467678 -0.4153281 0.9086597 -0.04289627 -0.4157695 0.9091181 -0.02529722 -0.9929687 0.0932759 -0.07288902 -0.9884868 0.1372777 -0.06362879 -0.9530022 0.2971072 -0.05928045 -0.9529972 0.2971235 -0.05927824 -0.8762509 0.478769 -0.05444884 -0.8762441 0.4787818 -0.05444699 -0.7612389 0.6465463 -0.04993385 -0.7612118 0.6465784 -0.04992842 -0.6404828 0.766541 -0.04686933 -0.6404646 0.7665563 -0.04686725 -0.5318533 0.8456572 -0.04467684 -0.5324121 0.8460521 -0.02708065 -0.4157822 0.9091123 -0.02529633 -0.4160655 0.9092827 -0.009723186 -0.9937319 0.09656488 -0.05632185 -0.9902465 0.1314519 -0.04617583 -0.9539755 0.2969653 -0.04174059 -0.9539699 0.2969837 -0.04173791 -0.8771446 0.4788058 -0.0369113 -0.877135 0.4788237 -0.03690844 -0.7619968 0.64677 -0.03239446 -0.7619739 0.6467974 -0.0323894 -0.641133 0.7668712 -0.02927523 -0.6410934 0.7669044 -0.02927023 -0.5324415 0.8460336 -0.02707844 -0.5327984 0.846164 -0.01150906 -0.4160878 0.9092725 -0.009721517 -0.994084 0.1004395 -0.04134058 -0.9915267 0.1262144 -0.03073728 -0.9545899 0.2967674 -0.02621465 -0.954587 0.2967769 -0.02621322 -0.8777061 0.4787217 -0.02138954 -0.8776978 0.4787371 -0.02138698 -0.7624724 0.6468006 -0.01687359 -0.7624456 0.6468325 -0.01686739 -0.6415187 0.766985 -0.01370424 -0.6414961 0.7670039 -0.01370126 -0.5328041 0.8461604 -0.01150858 -0.9941326 0.1045385 -0.02778261 -0.9925114 0.1209736 -0.01692467 -0.9549466 0.2965223 -0.01230311 -0.9549415 0.2965392 -0.01230043 -0.8780297 0.4785478 -0.007481098 -0.8780225 0.4785609 -0.007478833 -0.7627362 0.646703 -0.002966642 -0.7627113 0.6467324 -0.002960741 -0.6417448 0.7669182 2.45318e-4 -0.9939454 0.1087809 -0.01546669 -0.9932681 0.1157508 -0.004475533 -0.9551072 0.2962601 2.57021e-4 -0.9551035 0.2962722 2.58965e-4 -0.8781762 0.4783105 0.00507456 -0.8781704 0.4783209 0.005076408 -0.7628468 0.6465082 0.009586751 -0.9962218 0.08683341 -0.001440823 -0.9924069 0.1227875 0.007207751 -0.9551231 0.2959763 0.01173579 -0.9551169 0.2959963 0.01173901 -0.8781899 0.4780259 0.01654994 -0.994337 0.1056376 0.01160532 -0.9925341 0.1206543 0.01785129 -0.9550222 0.2956859 0.02241426 -0.9937847 0.1095945 0.01952147 -0.9931994 0.1132131 0.02716231 -0.9918941 0.1212536 0.03799682 -0.9935929 0.1050025 0.04180485 -0.9918731 0.1180998 0.04733139 -0.9931308 0.1060737 0.04939216 -0.9916623 0.1158509 0.0564295 -0.9923948 0.1089283 0.05733424 -0.9918075 0.1107975 0.06357467 -0.992574 0.1024367 0.06560152 -0.991359 0.111715 0.06875377 -0.9915274 0.1067262 0.07404553 -0.9526756 0.2935662 0.07891869 -0.9526711 0.2935798 0.07892268 -0.8759253 0.475131 0.08369785 -0.8759277 0.475127 0.08369648 -0.7607704 0.6430035 0.08817553 -0.7607598 0.6430153 0.08818006 -0.6400219 0.7628695 0.091663 -0.6400153 0.7628749 0.09166461 -0.5319448 0.8415627 0.09384518 -0.531717 0.8410389 0.0996524 -0.5007495 0.8590586 0.1061512 -0.6393875 0.7618582 0.1037096 -0.6390122 0.7612238 0.1104613 -0.7595718 0.6415743 0.1069251 -0.7590455 0.6409287 0.114282 -0.8739678 0.4734126 0.1098216 -0.8732419 0.4728015 0.1179293 -0.949757 0.2918079 0.1131801 -0.9488042 0.2912756 0.1221846 -0.9864458 0.1143531 0.1176784 -0.9871308 0.1028072 0.1224892 -0.9919287 0.1024039 0.07477337 -0.9903956 0.112733 0.08004999 -0.9522599 0.2933 0.08471304 -0.9522613 0.2932958 0.08471184 -0.8755505 0.4747673 0.08948349 -0.8755421 0.4747819 0.0894882 -0.7604336 0.6425821 0.0939632 -0.7604199 0.6425974 0.09396898 -0.6397401 0.7623862 0.09746825 -0.6397209 0.7624017 0.09747284 -0.991266 0.1008379 0.08499097 -0.9906554 0.1058084 0.0860607 -0.9517827 0.2929832 0.09094315 -0.9517813 0.2929873 0.09094429 -0.8751033 0.474377 0.0957117 -0.875096 0.4743895 0.09571558 -0.7600401 0.6421074 0.1001862 -0.760034 0.6421142 0.1001887 -0.6394006 0.7618477 0.1037065 -0.9894034 0.1114841 0.09301704 -0.9906563 0.09624767 0.09662562 -0.9887838 0.110598 0.1003721 -0.9885119 0.1068788 0.1068693 -0.987681 0.1126769 0.1085826 -0.9879239 0.1046009 0.1143026 -0.9850707 0.1152986 0.1278358 -0.9860571 0.1019189 0.1315444 -0.9835562 0.1150151 0.1392439 -0.9845812 0.1026575 0.1416384 -0.9822533 0.1113582 0.1509233 -0.982536 0.1059564 0.1529579 -0.9443336 0.2917878 0.1519668 -0.946655 0.2884654 0.1436386 -0.9462482 0.2899129 0.1434047 -0.9034384 0.4027353 0.1469804 -0.8782184 0.4571358 0.1405678 -0.8017237 0.5803658 0.1428795 -0.8714419 0.4713549 0.1356973 -0.8765156 0.4615021 0.1368803 -0.9476456 0.2906403 0.1322725 -0.7802244 0.6116307 0.1309878 -0.7610172 0.6357542 0.1291097 -0.7580726 0.6398233 0.1263018 -0.6559542 0.7435896 0.1296094 -0.6745694 0.7274984 0.1253085 -0.6416643 0.7579836 0.1171658 -0.6385494 0.760505 0.1178423 -0.6389937 0.7612388 0.1104655 -0.5309508 0.8381929 0.1245948 -0.5726791 0.8120843 0.1120613 -0.5083373 0.8546928 0.1053253 -0.4045987 0.9078345 0.1101651 -0.4641077 0.8806582 0.095106 -0.398162 0.9128738 0.09015792 -0.3961979 0.9137104 0.09033489 -0.4267439 0.9003747 0.08494073 -0.5323058 0.842449 0.08324903 -0.5325241 0.8430002 0.07595252 -0.6407494 0.7641979 0.07376831 -0.6407835 0.7641698 0.07376337 -0.7616373 0.6441754 0.07033312 -0.7616602 0.6441489 0.07032734 -0.8769095 0.4761251 0.06583821 -0.8769131 0.4761185 0.06583702 -0.9537443 0.2943548 0.06105011 -0.9537495 0.2943387 0.06104737 -0.1064814 0.9908658 0.08274471 -0.4159232 0.9061352 0.07698607 -0.4255832 0.9015815 0.07765036 -0.5324999 0.8430156 0.07595026 -0.4352337 0.8977268 0.06825047 -0.2685063 0.9608911 0.06776893 -0.3884992 0.9195218 0.05956709 -0.293212 0.9543699 0.05661189 -0.3684803 0.9282976 0.04985892 -0.2970111 0.9537481 0.04635697 -0.3592303 0.9324014 0.0397666 -0.2809062 0.9590981 0.03496611 -0.3491941 0.9365968 0.02915513 -0.2865978 0.9578136 0.02132713 -0.3319569 0.9431264 0.01780581 -0.29738 0.9547383 0.006322205 -0.3363628 0.9407464 -0.04308497 -0.3131695 0.9480237 -0.0563535 -0.463169 0.8842574 -0.05969285 -0.6511871 0.7527686 -0.0964092 -0.6919519 0.7138173 -0.1080158 -0.7575505 0.6447233 -0.102221 -0.7627429 0.6459229 0.03173029 -0.7627199 0.6459499 0.03173583 -0.6417333 0.7661266 0.03504902 -0.6416953 0.7661581 0.03505426 -0.5331512 0.8451998 0.03724467 -0.5330497 0.8447542 0.04741883 -0.416311 0.9078895 0.04921305 -0.4161947 0.9073489 0.05915993 -0.7625701 0.6455488 0.04187715 -0.762547 0.6455757 0.04188269 -0.6415706 0.7657294 0.04522728 -0.6415439 0.7657516 0.04523092 -0.5330649 0.8447444 0.04742014 -0.5329121 0.8442237 0.0573678 -0.4162224 0.9073361 0.05916213 -0.4160743 0.9067406 0.06858295 -0.8780876 0.4777249 0.02722561 -0.8779129 0.4773596 0.03737294 -0.8779054 0.4773733 0.03737539 -0.8776471 0.4769684 0.04729503 -0.8776369 0.4769867 0.04729825 -0.8773121 0.4765596 0.05669695 -0.8773038 0.4765743 0.05669975 -0.7623245 0.6451192 0.05179566 -0.7622975 0.6451505 0.05180203 -0.6413577 0.7652555 0.05517661 -0.6413277 0.7652802 0.05518066 -0.5329208 0.844218 0.05736851 -0.5327271 0.8436474 0.06678974 -0.416087 0.9067347 0.06858414 -0.7620172 0.644659 0.0611931 -0.7619975 0.6446818 0.06119817 -0.6410923 0.7647401 0.06460076 -0.6410672 0.7647608 0.06460446 -0.5327336 0.8436433 0.06679034 -0.7613226 0.6437118 0.0776084 -0.7613139 0.6437215 0.07761234 -0.6404843 0.7636808 0.08106476 -0.6404815 0.763683 0.08106547 -0.5323035 0.8424504 0.08324861 -0.5321318 0.8420339 0.08840036 -0.7610675 0.6433739 0.08274298 -0.7610532 0.6433899 0.0827493 -0.6402739 0.763293 0.08621639 -0.6402602 0.7633039 0.08621978 -0.5321382 0.8420298 0.08840161 -0.5319411 0.8415651 0.09384447 -0.876538 0.4757458 0.07312321 -0.8765455 0.4757328 0.07311874 -0.9533466 0.2940415 0.06833577 -0.9533472 0.29404 0.06833535 -0.8762527 0.4754542 0.07825994 -0.876253 0.4754536 0.07825976 -0.9530324 0.2938201 0.07347911 -0.9530358 0.2938098 0.07347601 -0.7595892 0.6415549 0.1069182 -0.8745871 0.4739208 0.1024524 -0.8739791 0.473393 0.1098159 -0.9505549 0.2922466 0.1050588 -0.949764 0.2917872 0.1131749 -0.8745818 0.47393 0.1024552 -0.7590349 0.6409405 0.114286 -0.7583947 0.6402022 0.1223868 -0.7584068 0.6401888 0.1223824 -0.8732464 0.4727937 0.1179271 -0.8723638 0.4720906 0.1269333 -0.8723719 0.4720765 0.1269297 -0.7628157 0.6462727 0.02106791 -0.6418168 0.7664714 0.02434879 -0.6417985 0.7667658 0.01284211 -0.5331403 0.8458932 0.01503455 -0.533132 0.8458985 0.01503384 -0.4163738 0.9090379 0.01682519 -0.4163548 0.9090466 0.01682364 -0.6417926 0.7664915 0.02435213 -0.9548206 0.2953926 0.03257113 -0.9545382 0.295044 0.04249662 -0.9545348 0.2950544 0.04249829 -0.9541803 0.2946966 0.05190205 -0.9541755 0.2947115 0.05190461 -0.9512208 0.2926355 0.0976904 -0.9512172 0.2926464 0.09769332 -0.9505547 0.2922471 0.105059 -0.9476388 0.2906607 0.132277 -0.9488004 0.2912869 0.1221873 -0.5331794 0.8455857 0.02654385 -0.5331324 0.8452118 0.03724306 -0.4163883 0.9083484 0.03903639 -0.416312 0.907889 0.04921311 -0.5309898 0.8449129 -0.06459093 -0.5331579 0.8455994 0.02654194 -0.4163964 0.9087415 0.02833443 -0.4163908 0.9087442 0.02833396 -0.4163629 0.9083603 0.0390343 -0.9333853 0.3502246 -0.0783236 -0.9369319 0.3312036 -0.1116365 -0.9371124 0.3302887 -0.1128264 -0.9563197 0.2761676 -0.09583401 -0.9563158 0.2762001 -0.09577918 -0.9688202 0.2337208 -0.08223068 -0.9688203 0.2337679 -0.08209699 -0.9767995 0.2017655 -0.07178753 -0.9768037 0.2018184 -0.07158112 -0.9831801 0.171852 -0.0618366 -0.9831891 0.1718962 -0.06157088 -0.9881386 0.144305 -0.05251777 -0.9881519 0.144331 -0.05219388 -0.9919605 0.1187527 -0.04372781 -0.9919763 0.1187552 -0.04336196 -0.9948347 0.09511017 -0.03546762 -0.9948523 0.09508091 -0.03505074 -0.9973358 0.0681616 -0.02598506 -0.9973475 0.06823223 -0.02534645 -0.9990895 0.0397045 -0.01561313 -0.9990997 0.03972315 -0.01489657 -0.999862 0.01531118 -0.006456375 -0.9998674 0.01526856 -0.005664885 -0.9999777 -0.006393849 0.001927733 -0.9999749 -0.006507933 0.002809643 -0.9997072 -0.02263528 0.008544385 -0.9996925 -0.02299666 0.009279429 -0.9993118 -0.03457552 0.01343911 -0.9992855 -0.03500878 0.01424145 -0.9987967 -0.04558587 0.01808243 -0.9987569 -0.04610002 0.01896041 -0.998193 -0.05571943 0.02249354 -0.9981365 -0.05632948 0.02346444 -0.9975816 -0.06428682 0.02642238 -0.9975059 -0.06505757 0.02737647 -0.9969915 -0.07154762 0.02981466 -0.9968967 -0.07242113 0.03085637 -0.9963833 -0.07827061 0.03307849 -0.996267 -0.07925558 0.03421419 -0.9957655 -0.08449119 0.03622639 -0.9956253 -0.08559697 0.03746324 -0.995147 -0.09022617 0.0392642 -0.9949796 -0.09146595 0.04061335 -0.9944934 -0.09586304 0.042346 -0.9942938 -0.09725749 0.04382646 -0.9937942 -0.1014941 0.04551851 -0.9935564 -0.1030651 0.04715061 -0.9930574 -0.1070472 0.04876357 -0.9927757 -0.1088111 0.05056148 -0.9923566 -0.1119755 0.05186241 -0.9920288 -0.114023 0.05364364 -0.9917021 -0.1163759 0.05462306 -0.9913281 -0.1186165 0.05655723 -0.9910187 -0.12075 0.05745691 -0.9905936 -0.1231969 0.05955553 -0.990308 -0.1250857 0.06036281 -0.9898244 -0.1277618 0.06264579 -0.9895651 -0.1294087 0.06335949 -0.9890182 -0.1323211 0.06583392 -0.9887889 -0.1337198 0.0664488 -0.9881693 -0.1368977 0.06914043 -0.9879791 -0.1380138 0.06963849 -0.9872772 -0.1414821 0.07257014 -0.985656 -0.1503808 0.07660228 -0.9857063 -0.1497174 0.07724958 -0.9846743 -0.1542639 0.08135771 -0.9841842 -0.1571675 0.0817309 -0.9840778 -0.1572238 0.0828939 -0.9848928 -0.1530826 0.08094376 -0.9848896 -0.1532592 0.080648 -0.9852939 -0.1511622 0.07966178 -0.9852878 -0.1513138 0.07944893 -0.9857885 -0.1486755 0.0782085 -0.9857814 -0.1487999 0.0780614 -0.9863718 -0.1456286 0.07656919 -0.9863658 -0.1457143 0.07648366 -0.9870352 -0.1420359 0.07474982 -0.9870352 -0.1420344 0.07475107 -0.98777 -0.1378854 0.07278847 -0.9877902 -0.1376528 0.07295501 -0.9885779 -0.1330621 0.07076758 -0.9886493 -0.1322735 0.07124662 -0.9893961 -0.1277698 0.06906694 -0.9895154 -0.12651 0.06967461 -0.9904916 -0.12036 0.06663167 -0.9905931 -0.1192959 0.06703591 -0.991772 -0.1114088 0.06305915 -0.9918333 -0.1107395 0.06327188 -0.9929218 -0.1029219 0.05927324 -0.9929931 -0.1021063 0.05948925 -0.9939824 -0.09443807 0.05550098 -0.9940575 -0.09352642 0.05570125 -0.9950006 -0.08557415 0.05148649 -0.9950751 -0.0845955 0.05166298 -0.9959568 -0.07641303 0.04723381 -0.9960262 -0.07541227 0.04737979 -0.9968329 -0.06705677 0.04275065 -0.9968937 -0.06607419 0.04286408 -0.9976868 -0.05668193 0.03752684 -0.9977203 -0.05605173 0.03758239 -0.9984596 -0.04565954 0.03152388 -0.9984745 -0.04531383 0.03154587 -0.9990786 -0.03472846 0.02521681 -0.9992483 -0.0292375 0.0254597 -0.999503 -0.02070134 0.02377498 -0.93813 0.3377358 -0.07646209 -0.9388107 0.3271118 -0.1078531 -0.938889 0.3265497 -0.1088697 -0.9560929 0.2776064 -0.09392142 -0.9560917 0.2776519 -0.09379839 -0.9686316 0.2350673 -0.08059829 -0.9686396 0.2350935 -0.08042585 -0.9766371 0.2030385 -0.07039439 -0.9766501 0.2030529 -0.07017153 -0.9830392 0.1730598 -0.06069886 -0.9830574 0.1730549 -0.06041723 -0.9880179 0.1454516 -0.05162119 -0.9880394 0.1454206 -0.05129384 -0.9918582 0.1198419 -0.04307138 -0.9918817 0.119782 -0.04269832 -0.9947489 0.09616106 -0.03503805 -0.9947727 0.09606552 -0.03462159 -0.9972681 0.06920373 -0.02583271 -0.9972876 0.06916254 -0.02517843 -0.9990453 0.04074722 -0.01575458 -0.9990606 0.04064732 -0.01502162 -0.999842 0.01639866 -0.006867349 -0.99985 0.01623046 -0.006046414 -0.9999856 -0.005214214 0.001269459 -0.9999827 -0.0054605 0.002184629 -0.9997423 -0.02135753 0.007691085 -0.9997265 -0.02181059 0.008448064 -0.9993727 -0.0331642 0.01242327 -0.9993441 -0.03369915 0.01325935 -0.9988875 -0.04401975 0.01691383 -0.9988444 -0.04463535 0.01782113 -0.9983186 -0.05396372 0.02116364 -0.9982582 -0.05467593 0.02216041 -0.9977432 -0.0623418 0.02494162 -0.9976641 -0.06320255 0.02591973 -0.9971911 -0.06939166 0.02818989 -0.997093 -0.0703547 0.02925318 -0.9966241 -0.07589572 0.03130906 -0.9965056 -0.07696241 0.03245663 -0.9960535 -0.08186042 0.03429579 -0.9959116 -0.08304715 0.03554302 -0.9954864 -0.08732336 0.03716886 -0.9953186 -0.08863902 0.03852295 -0.994893 -0.09264296 0.04006522 -0.9946956 -0.09410208 0.04153913 -0.9942627 -0.09792762 0.04303294 -0.9940311 -0.09954577 0.04464131 -0.9936047 -0.103098 0.04604834 -0.9933334 -0.1048946 0.04780942 -0.9929843 -0.107653 0.04891842 -0.9926744 -0.1096931 0.05064588 -0.9924103 -0.1116872 0.05145776 -0.9920598 -0.1139029 0.05332434 -0.9918168 -0.1156635 0.05405056 -0.9914233 -0.118056 0.05605792 -0.9912037 -0.1195852 0.05669718 -0.9907613 -0.1221755 0.05886417 -0.9905703 -0.1234555 0.05940675 -0.9900746 -0.1262537 0.06174319 -0.989917 -0.1272708 0.06218051 -0.9893606 -0.1303011 0.06470853 -0.989243 -0.1310328 0.06502789 -0.9886168 -0.1343256 0.06777507 -0.9884369 -0.1354027 0.0682525 -0.9873542 -0.1410506 0.07236385 -0.940477 0.3230365 -0.1055964 -0.9407197 0.3283694 -0.08496993 -0.9418498 0.3196364 -0.1036898 -0.9424197 0.3217784 -0.09112471 -0.9424207 0.3201832 -0.09657025 -0.9425004 0.3189213 -0.09991103 -0.9437068 0.2913253 -0.1566751 -0.9564278 0.2855134 -0.06105715 -0.96598 0.2357988 -0.1062148 -0.968131 0.2337673 -0.08986282 -0.9766743 0.2059193 -0.06086462 -0.9765132 0.2042477 -0.06859081 -0.9765453 0.2041923 -0.06829851 -0.9765421 0.2039209 -0.06915086 -0.976567 0.2038919 -0.06888371 -0.9765825 0.203521 -0.06975591 -0.9766013 0.2035151 -0.06950908 -0.9797109 0.1823256 -0.08320999 -0.9829273 0.1743535 -0.05877804 -0.9829182 0.1742644 -0.05919295 -0.9829525 0.1741801 -0.05886995 -0.982949 0.17393 -0.05966174 -0.9829776 0.1738737 -0.05935466 -0.9829889 0.1735312 -0.06016445 -0.9830117 0.1735016 -0.05987501 -0.9879177 0.1468421 -0.04955744 -0.9889304 0.1353524 -0.06079852 -0.9918049 0.1218531 -0.03840208 -0.99457 0.09643191 -0.0391342 -0.9946481 0.09740316 -0.03446269 -0.9946815 0.0972135 -0.03403395 -0.9946787 0.0970261 -0.0346443 -0.994709 0.0968666 -0.03421825 -0.9947123 0.09661352 -0.03483206 -0.9947391 0.09648722 -0.03441601 -0.9946732 0.0945416 -0.04107344 -0.9972288 0.07178008 -0.01955682 -0.9971798 0.07053506 -0.02563697 -0.9972106 0.07033932 -0.02496773 -0.9972077 0.07011908 -0.02569496 -0.9972349 0.06997305 -0.02503031 -0.997237 0.0696758 -0.02576124 -0.9972604 0.06958144 -0.02510249 -0.9978485 0.05895662 -0.02868109 -0.9990063 0.04323726 -0.01082158 -0.9989815 0.04219496 -0.01598602 -0.9990046 0.04192829 -0.01522678 -0.9990025 0.04172658 -0.01590466 -0.999023 0.04151409 -0.01515388 -0.9990237 0.04124444 -0.01582926 -0.9990416 0.04108709 -0.01508498 -0.9994382 0.02871072 -0.01728785 -0.9998171 0.01865458 -0.004231929 -0.9998099 0.01800811 -0.007481217 -0.9998221 0.017663 -0.006629407 -0.9998209 0.01747441 -0.007275104 -0.9998316 0.0171867 -0.006432831 -0.9998315 0.01693767 -0.007069647 -0.9998409 0.01670986 -0.006240963 -0.9999667 0.003023684 -0.007587492 -0.9999941 -0.003170192 0.001341819 -0.9999943 -0.003376603 2.8874e-4 -0.999992 -0.003815114 0.001253724 -0.9999918 -0.003997683 6.15573e-4 -0.9999893 -0.004373371 0.001565456 -0.9999889 -0.004612088 9.40681e-4 -0.9999862 -0.004922747 0.001871228 -0.9998242 -0.01871562 0.001159787 -0.9997962 -0.0199505 0.003100097 -0.999793 -0.01930648 0.0064314 -0.9997759 -0.01989817 0.007228434 -0.9997764 -0.02000439 0.006849884 -0.9997597 -0.02054941 0.007632493 -0.9997596 -0.02068704 0.007264375 -0.9997431 -0.02119141 0.008042216 -0.9994693 -0.03117191 0.009456038 -0.9992725 -0.03721594 0.008333683 -0.9990342 -0.04176819 0.01364099 -0.9985277 -0.05156773 0.0168339 -0.9985073 -0.0511195 0.01923626 -0.998442 -0.05198442 0.02027761 -0.9984446 -0.05209273 0.01987111 -0.998381 -0.0529049 0.02089458 -0.9983817 -0.05303996 0.02051007 -0.9983195 -0.05380475 0.02152323 -0.9984712 -0.05277609 0.01643836 -0.9979941 -0.05933904 0.02206325 -0.9979854 -0.05920094 0.02281177 -0.9979025 -0.06019091 0.02382451 -0.997905 -0.0602734 0.02350914 -0.9978233 -0.0612204 0.02450972 -0.9978243 -0.0613203 0.02421903 -0.9977437 -0.06222599 0.02521008 -0.9975149 -0.06634151 0.02372688 -0.9975286 -0.06611192 0.02378994 -0.9969794 -0.07210385 0.02886736 -0.9964948 -0.07793599 0.03039866 -0.9964746 -0.0777269 0.03157371 -0.996331 -0.07903134 0.0328418 -0.9963361 -0.07912623 0.03245824 -0.9961929 -0.08039093 0.03371781 -0.9961957 -0.08050435 0.03336489 -0.996053 -0.08173114 0.03461879 -0.9965137 -0.077672 0.03045874 -0.9959673 -0.08272635 0.03471922 -0.995977 -0.08281129 0.03423595 -0.9958103 -0.08422958 0.03559654 -0.9958165 -0.08432942 0.03518444 -0.9956488 -0.08571946 0.0365473 -0.9956524 -0.08583945 0.03616422 -0.9954852 -0.08718776 0.03751748 -0.9954786 -0.08782565 0.03618276 -0.9954736 -0.08788698 0.03617143 -0.9949136 -0.09244209 0.04001563 -0.9943869 -0.09731185 0.04153245 -0.9943662 -0.09717595 0.04234069 -0.9941086 -0.09902602 0.04406619 -0.9941201 -0.09914708 0.04352957 -0.9938591 -0.1009735 0.04525959 -0.9938671 -0.1011163 0.04476189 -0.9936001 -0.1029344 0.04651284 -0.9939812 -0.1016274 0.04090505 -0.9939409 -0.1018393 0.04135417 -0.9938461 -0.1012466 0.04493361 -0.9935599 -0.1032819 0.04659903 -0.9935693 -0.103369 0.04620379 -0.9932751 -0.1054094 0.04789119 -0.9932816 -0.105508 0.04753702 -0.9929803 -0.1075437 0.04923981 -0.9934001 -0.1049696 0.04623359 -0.9927401 -0.1090966 0.05064642 -0.9928792 -0.1082473 0.04973459 -0.9925896 -0.1102802 0.05103194 -0.9926726 -0.109702 0.05066138 -0.9926306 -0.1099945 0.05084997 -0.9926677 -0.1097365 0.05068248 -0.9926544 -0.1098289 0.05074346 -0.9926469 -0.1098808 0.05077826 -0.9926168 -0.1100857 0.05092167 -0.9925495 -0.1105383 0.05125164 -0.992381 -0.1116151 0.0521717 -0.9923728 -0.1116766 0.05219686 -0.9921355 -0.1132912 0.05321705 -0.9918743 -0.1148967 0.054627 -0.9918613 -0.1149911 0.0546649 -0.9916005 -0.1166948 0.05577552 -0.9913589 -0.118092 0.05711251 -0.9913247 -0.1183276 0.05721986 -0.9908439 -0.121226 0.05943584 -0.9908598 -0.1211125 0.05940359 -0.9901714 -0.1248948 0.06294322 -0.9888663 -0.1326567 0.06742119 -0.9897214 -0.1280342 0.06370848 -0.9897568 -0.1280372 0.06314998 -0.9903285 -0.1243392 0.06155627 -0.9908599 -0.1212852 0.05904626 -0.9909 -0.1210138 0.05893111 -0.9913788 -0.1181708 0.0566017 -0.9914568 -0.1176244 0.05637323 -0.99189 -0.1149639 0.05419814 -0.9920017 -0.1141543 0.05386453 -0.9923927 -0.1116687 0.05183482 -0.9925323 -0.1106204 0.05140888 -0.9928867 -0.1082848 0.04950219 -0.9930531 -0.106988 0.04898232 -0.9933713 -0.1048109 0.04720395 -0.9872078 -0.1422259 0.07205903 -0.9864639 -0.1454547 0.0757097 -0.9828352 -0.1625884 0.08717852 -0.9826413 -0.1637361 0.08721554 -0.98398 -0.1571998 0.08409327 -0.9839747 -0.1573653 0.08384537 -0.9844521 -0.1549667 0.08270037 -0.9844448 -0.155108 0.08252274 -0.9850242 -0.1521471 0.08110892 -0.9850172 -0.1522489 0.08100116 -0.985687 -0.1487545 0.07933044 -0.9856857 -0.1487702 0.07931649 -0.9864356 -0.1447589 0.07739269 -0.9864546 -0.1445418 0.07755661 -0.9872701 -0.140052 0.07538861 -0.9873431 -0.1392619 0.07589316 -0.9879248 -0.1359683 0.07427865 -0.98808 -0.1343895 0.07508182 -0.988939 -0.129364 0.07255715 -0.9890484 -0.1282778 0.07299345 -0.9903551 -0.1202216 0.06887233 -0.9904226 -0.1195321 0.06910318 -0.9916602 -0.1113652 0.06486856 -0.9917396 -0.1105172 0.0651043 -0.9928722 -0.1024709 0.06086534 -0.9929585 -0.1014966 0.06108874 -0.9939761 -0.09367358 0.05689167 -0.9940653 -0.09259861 0.05709338 -0.9950242 -0.08455997 0.05269151 -0.9951106 -0.08342993 0.05286252 -0.9959978 -0.07522439 0.04826635 -0.9960765 -0.07408654 0.04840224 -0.9968813 -0.06576216 0.04362249 -0.9969487 -0.06466645 0.04372239 -0.9977326 -0.05537974 0.03824466 -0.9977625 -0.05481302 0.03828191 -0.9984968 -0.04447519 0.0320329 -0.9987359 -0.03851181 0.03230392 -0.9990258 -0.03148531 0.03092247 -0.981904 -0.1660219 0.09111118 -0.9805687 -0.1727658 0.09293615 -0.9830005 -0.1614416 0.08744537 -0.9829935 -0.1615976 0.08723586 -0.9835536 -0.1588736 0.0859152 -0.9835461 -0.158993 0.08578068 -0.9842135 -0.1556866 0.08417612 -0.9842109 -0.1557201 0.08414435 -0.9849702 -0.1518716 0.08227187 -0.9849877 -0.1516717 0.08243155 -0.9858288 -0.1472933 0.08028775 -0.9859033 -0.1465026 0.08082056 -0.9864678 -0.1434888 0.07932323 -0.986631 -0.1418792 0.08018517 -0.9873248 -0.1380813 0.07825231 -0.987476 -0.136646 0.07886117 -0.9887301 -0.1294857 0.07514178 -0.9888023 -0.1287894 0.07538849 -0.9901872 -0.1203863 0.07096749 -0.9902745 -0.1195143 0.07122302 -0.9915722 -0.1110618 0.06670832 -0.9916703 -0.1100313 0.0669564 -0.9928434 -0.1017809 0.06247192 -0.9929468 -0.1006263 0.06269818 -0.9939899 -0.09266585 0.05828487 -0.9940933 -0.09142482 0.05848032 -0.9950652 -0.08331698 0.05388522 -0.9951632 -0.08203405 0.05404412 -0.9960529 -0.07382565 0.04927808 -0.9961405 -0.07255285 0.04939806 -0.9969403 -0.06428587 0.04446965 -0.997003 -0.06325483 0.04453974 -0.9977869 -0.05395895 0.03885281 -0.9980691 -0.0482459 0.03912067 -0.9983609 -0.04276216 0.0380398 -0.9809229 -0.1705275 0.09333133 -0.9796352 -0.1750338 0.09837692 -0.9786555 -0.1797902 0.09954279 -0.9787806 -0.1784666 0.1006885 -0.9795811 -0.1750229 0.09893304 -0.9795923 -0.1748839 0.09906822 -0.9804912 -0.170936 0.09704583 -0.9805629 -0.1701675 0.09766978 -0.981003 -0.1682026 0.09664982 -0.9811823 -0.1665294 0.09771966 -0.9818468 -0.1635167 0.09611982 -0.9820226 -0.1620066 0.0968784 -0.9833707 -0.1557094 0.09347009 -0.9834981 -0.1546296 0.09392148 -0.9848607 -0.1479864 0.09027469 -0.9850158 -0.1466686 0.0907309 -0.9863656 -0.1397666 0.0868799 -0.9865447 -0.1382206 0.08732002 -0.9880723 -0.1299504 0.08261996 -0.9882215 -0.1286125 0.082928 -0.9898421 -0.1192008 0.07748436 -0.9900014 -0.117688 0.07776033 -0.9914638 -0.1084811 0.07232791 -0.9916259 -0.1068313 0.07256138 -0.9929034 -0.09806758 0.06727355 -0.9930605 -0.09633398 0.06745779 -0.994157 -0.08810245 0.06236702 -0.9942841 -0.08657419 0.06248277 -0.9952949 -0.07821571 0.0571866 -0.9954507 -0.07612538 0.05729508 -0.9964743 -0.06516385 0.05284512 -0.9767544 -0.1855828 0.1072844 -0.9762822 -0.1877952 0.1077313 -0.978277 -0.179628 0.1034792 -0.9783453 -0.1788732 0.1041383 -0.9787049 -0.1773622 0.1033415 -0.978886 -0.1756792 0.1044943 -0.9795119 -0.1730182 0.1030594 -0.9796938 -0.1714919 0.103878 -0.9811547 -0.1651091 0.1003714 -0.9812874 -0.1640228 0.1008543 -0.9827772 -0.1572412 0.09707742 -0.982942 -0.1559022 0.09756875 -0.9844294 -0.1488144 0.09355854 -0.9846229 -0.1472237 0.09403681 -0.9860761 -0.1399384 0.08984035 -0.9862925 -0.1381153 0.09028482 -0.987914 -0.12948 0.08520984 -0.9880943 -0.127892 0.08551716 -0.9897899 -0.118173 0.07969456 -0.9899767 -0.1164177 0.07995688 -0.991487 -0.1070005 0.07419162 -0.9916718 -0.1051264 0.07440084 -0.9929744 -0.0962488 0.0688337 -0.9931253 -0.09458231 0.06896555 -0.9942618 -0.08608257 0.06350773 -0.9943879 -0.08455151 0.06359028 -0.9952203 -0.07634097 0.06089836 -0.9756316 -0.1881142 0.1129423 -0.9731855 -0.1982817 0.1165952 -0.9760929 -0.187107 0.1106053 -0.9762728 -0.1854208 0.1118504 -0.9768391 -0.183166 0.1106148 -0.9770252 -0.1816313 0.1114987 -0.9786117 -0.1751562 0.1078858 -0.9787486 -0.1740688 0.1084026 -0.9803825 -0.1671341 0.1044818 -0.9805562 -0.1657775 0.1050117 -0.9821997 -0.1584862 0.1008259 -0.9824078 -0.1568564 0.1013457 -0.9840257 -0.1493175 0.09694159 -0.9842624 -0.1474291 0.0974282 -0.9858211 -0.1397629 0.09286105 -0.9860794 -0.1376339 0.09329766 -0.9877928 -0.1286524 0.08782893 -0.9880065 -0.1267969 0.08812326 -0.9897734 -0.1167924 0.08190298 -0.9899887 -0.1147849 0.08213973 -0.9915416 -0.1051878 0.07603174 -0.9917204 -0.1033786 0.076182 -0.9930813 -0.09415411 0.07017427 -0.9933376 -0.09128659 0.07033544 -0.9936072 -0.08884692 0.06964766 -0.9735413 -0.1948743 0.1193366 -0.9701768 -0.2057473 0.1281605 -0.9707264 -0.2030509 0.1282997 -0.9678417 -0.2104892 0.1377562 -0.9664765 -0.2155227 0.1395466 -0.9672986 -0.2107816 0.1410838 -0.9687585 -0.2059726 0.1381387 -0.96902 -0.2042366 0.1388797 -0.9716305 -0.1953315 0.1333411 -0.9719536 -0.1932238 0.1340547 -0.9745368 -0.1839677 0.1281949 -0.9749124 -0.1815059 0.1288471 -0.9774085 -0.1720626 0.1227483 -0.9778248 -0.1692695 0.1233152 -0.9801862 -0.1597903 0.1170557 -0.9806286 -0.1567063 0.1175191 -0.9828163 -0.1473443 0.1111837 -0.9832174 -0.1444051 0.111493 -0.9853099 -0.1348072 0.1048398 -0.9855859 -0.1326546 0.1049917 -0.987053 -0.1252495 0.1001942 -0.9650936 -0.2164332 0.1474817 -0.9655737 -0.2127307 0.14971 -0.9629019 -0.2222254 0.1530875 -0.9630889 -0.2178828 0.1580725 -0.9608337 -0.2256834 0.1608282 -0.960312 -0.2232359 0.1672321 -0.9585263 -0.2292503 0.169327 -0.9572018 -0.2287836 0.1772646 -0.9559475 -0.2329024 0.1786642 -0.9537418 -0.2344545 0.1881691 -0.953116 -0.2364639 0.1888244 -0.9500052 -0.2399526 0.199782 -0.9496894 -0.2409481 0.2000851 -0.9468052 -0.2433441 0.2105792 -0.9464865 -0.2442916 0.2109144 -0.9580151 -0.2177621 0.1865119 -0.9577618 -0.2185876 0.1868471 -0.9656916 -0.1983595 0.1676105 -0.9650374 -0.2006653 0.1686309 -0.9717236 -0.1810986 0.1515142 -0.9702765 -0.1866676 0.154009 -0.9744712 -0.1725606 0.1436273 -0.976096 -0.1683921 0.1374068 -0.9778613 -0.1614879 0.1330749 -0.9799456 -0.1549615 0.1252738 -0.9806565 -0.1517943 0.1235772 -0.98303 -0.1429185 0.1150059 -0.9830951 -0.142819 0.1145717 -0.985221 -0.133542 0.1072667 -0.9878746 -0.1224644 0.09542763 -0.9895491 -0.1120908 0.09071004 -0.9900118 -0.1116705 0.08606016 -0.9918102 -0.09997344 0.07948416 -0.9918646 -0.1007932 0.07775199 -0.9974836 -0.05456048 0.04527449 -0.997402 -0.05582726 0.04552644 -0.9964872 -0.06618016 0.0513162 -0.9962064 -0.07043731 0.05110317 -0.9953027 -0.07875329 0.05630689 -0.9951987 -0.08012688 0.05620688 -0.9942128 -0.08829635 0.0611937 -0.9940796 -0.08989375 0.06103116 -0.9929975 -0.09805411 0.0658881 -0.9928589 -0.09958434 0.06568205 -0.991611 -0.1082093 0.07069885 -0.9914718 -0.1096372 0.07045209 -0.990061 -0.1186133 0.07556623 -0.9899269 -0.1199034 0.07528609 -0.988385 -0.1289829 0.08036524 -0.9882642 -0.1300883 0.08006781 -0.9868295 -0.1379896 0.08441805 -0.9866844 -0.139279 0.08399504 -0.9854345 -0.1458014 0.08752638 -0.9853131 -0.14687 0.08710449 -0.9840669 -0.1530888 0.09042257 -0.9838984 -0.1545785 0.08971816 -0.9832136 -0.1578866 0.09144914 -0.9830379 -0.1595445 0.09045439 -0.9825394 -0.1619083 0.09166288 -0.9824656 -0.1626889 0.09107035 -0.9815837 -0.1667895 0.09313833 -0.9815703 -0.166949 0.09299379 -0.9808004 -0.1704494 0.09474962 -0.9808055 -0.1703761 0.09482902 -0.9996181 -0.02052056 0.01851254 -0.9998114 -0.01028913 0.01647132 -0.99987 -0.01304912 0.009469389 -0.9999399 -0.006640911 0.008722424 -0.9999551 0.009399235 -0.001269161 -0.9994871 0.03189533 -0.002873718 -0.9998651 0.009003877 -0.01374208 -0.9990119 0.04094302 -0.01729351 -0.9992355 0.0283004 -0.02697616 -0.9979539 0.05692934 -0.02910441 -0.997714 0.05533504 -0.03879231 -0.9953293 0.08705323 -0.04173058 -0.9965978 0.06583696 -0.04958134 -0.9919835 0.1133785 -0.05580294 -0.9943339 0.0872609 -0.06070941 -0.9889677 0.1296225 -0.07170015 -0.9889817 0.1295074 -0.07171469 -0.988328 0.1257388 -0.08600777 -0.9862183 0.1418267 -0.08519744 -0.9864174 0.1403005 -0.08541971 -0.9855402 0.1465772 -0.08500403 -0.9857261 0.1451713 -0.08526116 -0.9848172 0.1515158 -0.08472424 -0.984996 0.1501937 -0.08499938 -0.9841089 0.1562408 -0.08437079 -0.9842769 0.1550228 -0.08465725 -0.9834148 0.1607764 -0.08394205 -0.9835724 0.1596533 -0.08423924 -0.9827461 0.1650646 -0.08345013 -0.9828919 0.1640389 -0.08375436 -0.9821012 0.1691323 -0.08289504 -0.9822364 0.1681908 -0.08320724 -0.9814885 0.1729415 -0.08228981 -0.9816103 0.1720995 -0.0826016 -0.980908 0.1765085 -0.08163458 -0.9810186 0.1757457 -0.08194977 -0.980228 0.1806513 -0.08073508 -0.980299 0.1801061 -0.08109104 -0.9794753 0.1851879 -0.07958495 -0.9795296 0.1847515 -0.07993006 -0.978918 0.1885249 -0.07859921 -0.9789773 0.1880947 -0.07889068 -0.9785256 0.1908845 -0.07778686 -0.9785748 0.1905157 -0.07807081 -0.9781894 0.1929134 -0.07700681 -0.9782281 0.1926092 -0.07727479 -0.9778944 0.194709 -0.07622891 -0.9779235 0.1944659 -0.07647615 -0.9776341 0.1963176 -0.07543897 -0.9776556 0.1961197 -0.07567393 -0.9774076 0.1977424 -0.07464891 -0.9774223 0.1975862 -0.07486885 -0.9772135 0.1989926 -0.07386261 -0.9772228 0.1988681 -0.07407498 -0.97705 0.2000782 -0.07308888 -0.9770543 0.1999828 -0.07329189 -0.9769145 0.2010148 -0.07232689 -0.9769144 0.200941 -0.0725317 -0.9790201 0.1838927 -0.08776736 -0.9870837 0.1241621 -0.10124 -0.9813899 0.1644786 -0.09909868 -0.9816609 0.1627106 -0.09933328 -0.980472 0.1700287 -0.0988174 -0.9807257 0.1684008 -0.09908699 -0.9794976 0.1757722 -0.09843033 -0.9797359 0.1742793 -0.09871333 -0.97854 0.1812861 -0.09795254 -0.9787607 0.179932 -0.09824389 -0.977605 0.1865581 -0.0973885 -0.9778119 0.1853114 -0.09769111 -0.976703 0.1915481 -0.09675067 -0.9768898 0.1904391 -0.09705299 -0.9758378 0.1962562 -0.09604185 -0.9760059 0.1952702 -0.09634268 -0.975013 0.2006826 -0.09526896 -0.9751654 0.1997961 -0.09557104 -0.974236 0.2048023 -0.09444606 -0.9743718 0.204017 -0.0947445 -0.9733196 0.2096161 -0.09332716 -0.9734109 0.20905 -0.09364551 -0.9723156 0.2148433 -0.09189575 -0.9723845 0.2144043 -0.09219133 -0.9715766 0.2186774 -0.09065985 -0.9716461 0.2182623 -0.09091413 -0.9710561 0.221384 -0.089661 -0.9711112 0.2210475 -0.08989387 -0.9706103 0.2237167 -0.08869409 -0.9706522 0.2234516 -0.08890241 -0.9702197 0.2257819 -0.08772838 -0.9702511 0.2255746 -0.08791482 -0.9698784 0.2276148 -0.08676064 -0.9699006 0.2274581 -0.08692312 -0.9695835 0.229232 -0.08579295 -0.9695997 0.2291068 -0.08594465 -0.9693334 0.2306401 -0.0848397 -0.9693436 0.2305498 -0.0849694 -0.9691256 0.2318542 -0.08390033 -0.9691323 0.2317788 -0.0840317 -0.9689559 0.2328892 -0.08298873 -0.968959 0.2328311 -0.0831151 -0.9679952 0.227675 -0.1055905 -0.9897921 0.06981217 -0.1242493 -0.9737806 0.194787 -0.1175137 -0.9744018 0.1914464 -0.1178526 -0.9724919 0.2013717 -0.117085 -0.9730668 0.198351 -0.1174644 -0.9711247 0.2081834 -0.1165183 -0.9716591 0.2054461 -0.1169207 -0.9697805 0.2147229 -0.1158441 -0.9702743 0.212251 -0.1162636 -0.9684761 0.220934 -0.115075 -0.9689193 0.21876 -0.1154963 -0.9672121 0.2268398 -0.1142126 -0.9676154 0.2248964 -0.1146393 -0.9660021 0.2323993 -0.1132722 -0.9663568 0.230715 -0.1136886 -0.9648548 0.2375969 -0.1122636 -0.9651631 0.2361505 -0.1126645 -0.9637742 0.2424347 -0.1111961 -0.9640432 0.2411847 -0.1115829 -0.962491 0.2481195 -0.1097633 -0.9626929 0.2471647 -0.1101455 -0.9610976 0.2542451 -0.107939 -0.9612457 0.2535431 -0.108271 -0.9600831 0.2586995 -0.1063718 -0.9602045 0.2581352 -0.1066466 -0.9593626 0.261869 -0.1051097 -0.959457 0.2614256 -0.1053518 -0.9587447 0.2646048 -0.1038897 -0.9588081 0.2643015 -0.1040755 -0.958206 0.2670174 -0.1026788 -0.9582493 0.2668057 -0.1028249 -0.9577361 0.2691568 -0.1014701 -0.9577618 0.2690271 -0.1015713 -0.9573351 0.2710235 -0.1002781 -0.9573486 0.2709525 -0.1003414 -0.9569948 0.2726552 -0.09909629 -0.9570044 0.2726015 -0.09915131 -0.956717 0.2740374 -0.09795933 -0.956722 0.2740071 -0.0979954 -0.9564922 0.275214 -0.0968495 -0.9564973 0.2751793 -0.09689831 -0.9469677 0.2968202 -0.1230841 -0.9668747 0.2179117 -0.1329204 -0.9696739 0.2032251 -0.1357644 -0.9638574 0.2298513 -0.1347123 -0.9630342 0.2327452 -0.1356277 -0.9603559 0.2450762 -0.1328687 -0.9620133 0.2378703 -0.1339709 -0.9531211 0.2722269 -0.1321089 -0.9509715 0.2812595 -0.1286325 -0.9522747 0.2760809 -0.1302011 -0.9423967 0.3106741 -0.1239764 -0.9412786 0.316393 -0.1178561 -0.9417424 0.314374 -0.119541 -0.9389151 0.323297 -0.1179716 -0.9382812 0.3256048 -0.1166608 -0.9423558 0.3118957 -0.1211879 -0.9431467 0.3088507 -0.1228231 -0.9441329 0.3051711 -0.124433 -0.9477968 0.2918642 -0.1284384 -0.945608 0.2997625 -0.1263649 -0.9537848 0.2701452 -0.1315907 -0.9554879 0.2634683 -0.1327683 -0.9573533 0.2561226 -0.1337003 -0.9886295 -0.1344842 0.06727445 -0.98797 -0.1378464 0.07009708 -0.9893704 -0.1304517 0.06425511 -0.9887825 -0.1335593 0.06686639 -0.990082 -0.1263979 0.06132858 -0.9895607 -0.1292568 0.06373572 -0.9907668 -0.1223131 0.05848497 -0.9903053 -0.1249414 0.06070452 -0.9914274 -0.1181876 0.05570966 -0.9910174 -0.1206134 0.05776673 -0.9920625 -0.114027 0.05300778 -0.9917017 -0.1162482 0.05490112 -0.9926761 -0.1098096 0.05035895 -0.992357 -0.1118555 0.05211406 -0.9933349 -0.105075 0.04738181 -0.993059 -0.1068519 0.04915684 -0.9940314 -0.09971523 0.04425483 -0.9937967 -0.1013101 0.04587423 -0.9946951 -0.094262 0.0411874 -0.9944963 -0.09569096 0.04266607 -0.9953175 -0.0887891 0.03820365 -0.9951501 -0.09006536 0.03955286 -0.9959101 -0.08318984 0.03524869 -0.9957688 -0.08433812 0.03649228 -0.9965039 -0.07709854 0.03218388 -0.9963865 -0.0781244 0.03332495 -0.9970912 -0.07048714 0.02899473 -0.9969946 -0.0714057 0.03004723 -0.9976623 -0.06333136 0.02567464 -0.9975846 -0.0641489 0.0266425 -0.9982557 -0.05485761 0.02182352 -0.9981972 -0.0555182 0.0228061 -0.998842 -0.04481726 0.01749241 -0.9988004 -0.04538398 0.01838767 -0.9993421 -0.03388541 0.01293081 -0.9993147 -0.03436732 0.01374614 -0.999725 -0.02200442 0.008113563 -0.9997095 -0.02241402 0.008863329 -0.9999819 -0.005809843 0.00159657 -0.999979 -0.005990386 0.002494633 -0.9998521 0.01585525 -0.006661713 -0.9998588 0.01574951 -0.005856633 -0.9990671 0.04023516 -0.01568287 -0.99908 0.04019367 -0.01495856 -0.9973009 0.06869965 -0.02590715 -0.9973166 0.0687136 -0.02526009 -0.9947896 0.09566217 -0.03524827 -0.9948102 0.09559923 -0.03483366 -0.9919059 0.1193296 -0.04339492 -0.9919256 0.1193003 -0.04302388 -0.9880729 0.1449185 -0.05206191 -0.9880904 0.1449154 -0.05173778 -0.9831025 0.1725018 -0.06125921 -0.9831161 0.1725217 -0.06098395 -0.9767084 0.2024571 -0.07107627 -0.9767168 0.2024905 -0.07086551 -0.9687129 0.2344593 -0.08138906 -0.9687163 0.2344954 -0.08124411 -0.956188 0.2769621 -0.09485042 -0.9561843 0.2770054 -0.09475964 -0.9377752 0.3275225 -0.1153549 -0.9373927 0.3290588 -0.1140843 -0.988568 -0.1349048 0.06733435 -0.9892267 -0.1308854 0.06557071 -0.9898144 -0.1277008 0.06292861 -0.9897946 -0.1275685 0.063506 -0.9903521 -0.1244564 0.06093698 -0.9899036 -0.1271288 0.06268143 -0.9904335 -0.1241574 0.06021893 -0.9904168 -0.1240301 0.06075447 -0.9909201 -0.1211248 0.05836123 -0.9905596 -0.1233209 0.05986279 -0.991035 -0.1205604 0.05757552 -0.9910209 -0.1204383 0.05807167 -0.9914742 -0.1177304 0.05584359 -0.9911952 -0.1194576 0.05711269 -0.9916198 -0.1169017 0.05499315 -0.991608 -0.1167852 0.05545067 -0.9920167 -0.1142559 0.05336993 -0.9918101 -0.1155425 0.05443066 -0.9921897 -0.1131707 0.05246007 -0.99218 -0.1130604 0.05287986 -0.9925451 -0.1107169 0.05095058 -0.9924049 -0.111572 0.0518074 -0.9927431 -0.1093774 0.04997879 -0.992735 -0.1092725 0.0503664 -0.993064 -0.1070795 0.04855781 -0.9942596 -0.0977748 0.0434519 -0.9944887 -0.09612971 0.04184913 -0.9944825 -0.09599459 0.04230564 -0.9947088 -0.09432542 0.04070943 -0.9946992 -0.09421181 0.04120033 -0.9949235 -0.09251248 0.03960341 -0.9948911 -0.09249931 0.04044622 -0.9950872 -0.09100872 0.03897386 -0.9950823 -0.0908814 0.03939157 -0.9952769 -0.0893622 0.03792202 -0.9952694 -0.08925634 0.03836888 -0.9954633 -0.08770227 0.03689479 -0.996624 -0.07577306 0.0316075 -0.9967442 -0.07465988 0.03044629 -0.9967421 -0.07455128 0.03077632 -0.9968627 -0.0734027 0.02961218 -0.9968586 -0.07331323 0.02996683 -0.9969806 -0.07211822 0.02878761 -0.9971914 -0.06927371 0.0284698 -0.9972901 -0.06827509 0.02740424 -0.9972887 -0.06817132 0.02771246 -0.9973894 -0.06712192 0.02662765 -0.9973862 -0.06703639 0.02696043 -0.9974874 -0.06595069 0.02587068 -0.9988885 -0.04386299 0.01725983 -0.998933 -0.04319584 0.0163359 -0.9989326 -0.04306221 0.01670807 -0.9989787 -0.04234415 0.01576793 -0.9989769 -0.04223823 0.01615846 -0.9990239 -0.04147255 0.01520574 -0.9993737 -0.03300374 0.01276952 -0.9994029 -0.03242623 0.01192837 -0.9994029 -0.03229331 0.01229077 -0.9994331 -0.03166615 0.0114333 -0.999432 -0.03156107 0.01181393 -0.999463 -0.03088748 0.010944 -0.9918438 0.1202074 -0.04238057 -0.9918164 0.1202983 -0.04276168 -0.991811 0.1205807 -0.04208344 -0.9917803 0.1207004 -0.04246562 -0.9917834 0.1209082 -0.04179573 -0.9917483 0.1210593 -0.042189 -0.9879975 0.1458542 -0.05086618 -0.9879715 0.1459133 -0.05120182 -0.9879636 0.1462259 -0.05045717 -0.9879333 0.1463126 -0.05079883 -0.9879366 0.1465405 -0.05007076 -0.9879011 0.1466576 -0.05042755 -0.9685862 0.2355749 -0.07965719 -0.9685736 0.235564 -0.07984149 -0.9685536 0.2359547 -0.07892656 -0.9685335 0.2359611 -0.07915353 -0.9685362 0.2362514 -0.07824838 -0.9685074 0.2362815 -0.07851445 -0.9560315 0.2781676 -0.09287947 -0.9560278 0.278117 -0.09306794 -0.9559993 0.2785575 -0.09203827 -0.955987 0.278512 -0.09230375 -0.9559889 0.278851 -0.09125453 -0.9559625 0.2788221 -0.09161883 -0.9872829 -0.1416569 0.07215046 -0.9865376 -0.1452249 0.07518905 -0.98654 -0.1454031 0.07481175 -0.9857436 -0.149093 0.07797974 -0.9857431 -0.149272 0.07764339 -0.9881726 -0.137064 0.06876271 -0.9875167 -0.140326 0.07154935 -0.9875171 -0.1404948 0.07121217 -0.9868229 -0.1438408 0.07409703 -0.9868206 -0.1440085 0.07380026 -0.9860826 -0.147454 0.0768004 -0.9860782 -0.1476179 0.07654255 -0.9890196 -0.1324791 0.06549322 -0.9884437 -0.1354566 0.06804746 -0.9884427 -0.135616 0.06774574 -0.9878354 -0.138662 0.07038617 -0.987832 -0.1388193 0.07012319 -0.9871919 -0.1419323 0.07285183 -0.9871867 -0.1420826 0.07262861 -0.9865111 -0.1452676 0.07545375 -0.9865047 -0.1454057 0.07527112 -0.9898245 -0.1279112 0.06233876 -0.9893195 -0.1306265 0.06468063 -0.9893174 -0.130776 0.06441158 -0.9887879 -0.1335405 0.06682378 -0.9887838 -0.1336855 0.06659382 -0.9882292 -0.136497 0.06907767 -0.9882237 -0.1366333 0.06888598 -0.9876421 -0.1394934 0.07144647 -0.9876359 -0.1396186 0.07128977 -0.9870228 -0.1425426 0.07394462 -0.9870162 -0.1426503 0.07382434 -0.9905927 -0.1233359 0.05928254 -0.9901508 -0.1258087 0.06142932 -0.9901479 -0.1259483 0.06118965 -0.9896868 -0.1284564 0.06339544 -0.9896824 -0.1285898 0.06319391 -0.9892016 -0.1311309 0.06545966 -0.9891961 -0.1312546 0.0652942 -0.9886946 -0.1338285 0.06762325 -0.9886885 -0.1339403 0.06749039 -0.9881653 -0.1365476 0.0698868 -0.9881594 -0.1366394 0.06978964 -0.9876116 -0.139288 0.07226461 -0.9876068 -0.1393555 0.07220077 -0.9913265 -0.1187464 0.05631262 -0.9909394 -0.1210027 0.05828678 -0.9909361 -0.1211332 0.05807256 -0.9905349 -0.1234079 0.06009161 -0.9905304 -0.1235291 0.05991679 -0.9901153 -0.1258183 0.06197988 -0.99011 -0.1259297 0.06183767 -0.9896785 -0.1282429 0.06395649 -0.9896729 -0.1283407 0.06384581 -0.9892256 -0.1306697 0.06601637 -0.9892205 -0.130747 0.06593859 -0.9887561 -0.133096 0.0681681 -0.9887523 -0.1331475 0.06812185 -0.9882692 -0.1355193 0.07041716 -0.9882706 -0.1355014 0.07043147 -0.9920267 -0.1141451 0.05342292 -0.9916878 -0.116205 0.05524188 -0.9916843 -0.1163239 0.05505466 -0.9913372 -0.1183774 0.05689674 -0.9913328 -0.1184871 0.05674511 -0.990974 -0.1205533 0.0586301 -0.990969 -0.1206536 0.0585078 -0.9905987 -0.1227269 0.06043338 -0.9905939 -0.1228102 0.06034332 -0.9902125 -0.1248872 0.06230956 -0.9902083 -0.1249496 0.06224954 -0.9898149 -0.1270313 0.06426036 -0.9898123 -0.1270681 0.06422889 -0.9894058 -0.1291576 0.06629109 -0.9894086 -0.1291229 0.06631761 -0.9889896 -0.1312132 0.0684297 -0.9890103 -0.1309713 0.06859463 -0.9927712 -0.1090196 0.0501998 -0.9924846 -0.1107634 0.05201584 -0.9924775 -0.110979 0.05169075 -0.9921857 -0.1127042 0.05352932 -0.9921762 -0.1129265 0.05323553 -0.9918787 -0.1146327 0.05509918 -0.9918672 -0.1148583 0.05483639 -0.9915637 -0.1165465 0.05672943 -0.9915508 -0.1167686 0.05650043 -0.9912419 -0.1184335 0.05842053 -0.9912276 -0.1186514 0.05822086 -0.990913 -0.1202935 0.06017279 -0.9908981 -0.1205018 0.06000304 -0.9905784 -0.1221161 0.06198501 -0.9905663 -0.1222718 0.06187188 -0.9902408 -0.1238591 0.06389135 -0.9902431 -0.1238306 0.06390976 -0.9899137 -0.1253788 0.06596356 -0.9899607 -0.1248427 0.06627267 -0.9935515 -0.1032593 0.04682821 -0.9933112 -0.1048022 0.04847073 -0.9933041 -0.1050019 0.04818278 -0.9930611 -0.1065165 0.04983782 -0.9930521 -0.1067214 0.04957944 -0.9928063 -0.1082082 0.05125021 -0.9927956 -0.1084142 0.05102145 -0.9925473 -0.1098712 0.05270856 -0.9925356 -0.1100706 0.05251276 -0.9922847 -0.1114966 0.05421823 -0.992272 -0.1116917 0.05404818 -0.9920185 -0.1130865 0.05577522 -0.9920056 -0.1132686 0.0556342 -0.99175 -0.1146269 0.05738025 -0.9917404 -0.1147552 0.0572918 -0.9914835 -0.1160727 0.05905675 -0.9914876 -0.1160222 0.05908775 -0.9912288 -0.1172983 0.06088221 -0.9912741 -0.1167613 0.06117564 -0.9908297 -0.1192171 0.06359082 -0.9909405 -0.117989 0.0641517 -0.9942888 -0.09743773 0.04353898 -0.9940882 -0.09879976 0.0450254 -0.9940814 -0.09898418 0.04477047 -0.99388 -0.1003111 0.04626214 -0.9938715 -0.1004996 0.04603451 -0.9936695 -0.1017916 0.04753386 -0.9936598 -0.1019788 0.04733508 -0.9934573 -0.1032332 0.04884159 -0.9934468 -0.1034135 0.04867243 -0.9932436 -0.1046323 0.05019122 -0.9932326 -0.1048061 0.05004668 -0.9930294 -0.1059843 0.0515747 -0.9930186 -0.1061419 0.05145817 -0.9928156 -0.1072779 0.05299693 -0.9928078 -0.1073848 0.05292671 -0.9926048 -0.1084786 0.0544812 -0.99261 -0.1084106 0.0545209 -0.9924088 -0.1094506 0.05608457 -0.9924518 -0.1089161 0.05636245 -0.9921031 -0.1109706 0.05845379 -0.9922049 -0.1097821 0.05896973 -0.9918568 -0.1117429 0.06110513 -0.9919494 -0.1107103 0.06147766 -0.9949747 -0.09163355 0.0403558 -0.994808 -0.09283298 0.04170215 -0.9948015 -0.09300631 0.04147166 -0.9946341 -0.09417396 0.04282695 -0.9946264 -0.09434705 0.04262602 -0.9944608 -0.09546709 0.0439738 -0.9944519 -0.09564042 0.04379713 -0.9942865 -0.09672421 0.04515326 -0.9942772 -0.096888 0.04500597 -0.9941133 -0.0979256 0.04636037 -0.9941038 -0.09808069 0.04623681 -0.9939411 -0.09907448 0.0475952 -0.9939319 -0.09921431 0.04749625 -0.9937705 -0.1001636 0.04886078 -0.9937642 -0.1002542 0.04880386 -0.9936047 -0.1011554 0.05017387 -0.9936105 -0.1010756 0.05021846 -0.9934533 -0.1019235 0.05159527 -0.9934933 -0.1014018 0.05185443 -0.9932196 -0.1031209 0.05367457 -0.9933116 -0.1019806 0.05414706 -0.9930415 -0.103601 0.05599498 -0.9931249 -0.1026119 0.05633527 -0.992993 -0.1031262 0.05770498 -0.9930484 -0.1024805 0.05790066 -0.9956204 -0.08575624 0.03722667 -0.9954812 -0.08682155 0.03846043 -0.995475 -0.08698517 0.03825038 -0.9953376 -0.08800429 0.03947591 -0.9953304 -0.08816707 0.0392937 -0.9951936 -0.08914941 0.04052418 -0.9951855 -0.08931124 0.04036527 -0.9950515 -0.09024131 0.04158306 -0.995043 -0.09039515 0.04144978 -0.9949098 -0.09128695 0.04267531 -0.9949011 -0.0914337 0.0425629 -0.9947702 -0.09227728 0.04378515 -0.9947621 -0.0924071 0.04369682 -0.9946337 -0.09320074 0.04491561 -0.9946283 -0.09328174 0.04486674 -0.9945027 -0.09402441 0.04608458 -0.9945083 -0.09394389 0.04612785 -0.9943856 -0.09463304 0.04734861 -0.9944215 -0.0941357 0.04758578 -0.994205 -0.09558612 0.04919028 -0.9942868 -0.09450793 0.04961889 -0.994076 -0.09585398 0.05123519 -0.9941496 -0.09492051 0.05154305 -0.9940519 -0.09528714 0.05273729 -0.9941008 -0.09467726 0.05291438 -0.994008 -0.09497475 0.0541101 -0.9940699 -0.09421324 0.05430334 -0.9962624 -0.07940876 0.03399372 -0.9961476 -0.08035087 0.03512322 -0.9961419 -0.08050674 0.03492951 -0.9960291 -0.08140224 0.03604942 -0.9960224 -0.08156108 0.03587746 -0.9959113 -0.08241432 0.03699487 -0.995904 -0.08256757 0.03684937 -0.9957951 -0.08337312 0.03795868 -0.9957875 -0.08352339 0.03783291 -0.9956811 -0.08428084 0.0389353 -0.9956734 -0.08441936 0.03883284 -0.9955695 -0.08512884 0.03993028 -0.9955621 -0.08525323 0.03984868 -0.995461 -0.08591407 0.0409426 -0.995456 -0.08599376 0.04089617 -0.9953578 -0.08660286 0.04198509 -0.9953625 -0.08653163 0.04202198 -0.9952676 -0.08708631 0.0431084 -0.9952987 -0.08662492 0.04332029 -0.9951291 -0.08784377 0.04473686 -0.9952002 -0.08683735 0.04512202 -0.9950371 -0.08794993 0.04653835 -0.9951001 -0.08708941 0.0468114 -0.9950285 -0.08733654 0.04786157 -0.99507 -0.08677387 0.04801869 -0.9950036 -0.08695369 0.04906004 -0.9950559 -0.08625572 0.04923033 -0.9949942 -0.08636701 0.05027151 -0.9950572 -0.08553475 0.05044722 -0.9968923 -0.07256811 0.03065103 -0.9967997 -0.07339411 0.03167992 -0.9967943 -0.07354694 0.03149569 -0.996703 -0.07433372 0.03252339 -0.9966966 -0.07448923 0.03236019 -0.9966078 -0.07522636 0.03337442 -0.9966011 -0.07537615 0.03323674 -0.9965144 -0.07606768 0.03424435 -0.9965072 -0.07621651 0.03412383 -0.9964231 -0.07686007 0.03512281 -0.9964159 -0.07699781 0.03502422 -0.9963347 -0.07759141 0.03601306 -0.9963277 -0.077717 0.03593337 -0.9962491 -0.07826149 0.0369153 -0.9962441 -0.07834708 0.03686714 -0.9961686 -0.0788415 0.03784382 -0.996172 -0.07878589 0.03787159 -0.9960998 -0.07922524 0.03883981 -0.9961255 -0.07880955 0.03902417 -0.9959946 -0.07982814 0.04027616 -0.9960539 -0.07891124 0.0406149 -0.9959288 -0.07983136 0.04186689 -0.9959809 -0.0790528 0.04210531 -0.9959298 -0.07919991 0.0430237 -0.9959635 -0.07870179 0.04315787 -0.9959166 -0.0787872 0.04407721 -0.9959587 -0.07817083 0.04422223 -0.9959163 -0.07819098 0.04513251 -0.9959673 -0.07744961 0.04528349 -0.9959295 -0.07740265 0.04618597 -0.9959899 -0.07652956 0.04633778 -0.9975017 -0.06520462 0.02717649 -0.9974273 -0.06593644 0.02812767 -0.9974222 -0.06608933 0.02794855 -0.9973502 -0.06677091 0.02888298 -0.9973444 -0.06692463 0.02872627 -0.9972745 -0.06756114 0.02965182 -0.997268 -0.0677151 0.02951437 -0.9972 -0.06830722 0.03043347 -0.9971933 -0.06845766 0.03031522 -0.9971282 -0.06899887 0.03121882 -0.9971213 -0.06914204 0.0311194 -0.9970585 -0.06963634 0.0320155 -0.9970518 -0.06977087 0.03193277 -0.9969918 -0.07021582 0.03281849 -0.9969868 -0.07031261 0.03276568 -0.9969298 -0.07070612 0.03363937 -0.9969314 -0.07067483 0.03365451 -0.9968776 -0.07101684 0.03452223 -0.9968975 -0.07066047 0.03467535 -0.9967978 -0.07150971 0.03578788 -0.9968451 -0.07069891 0.03607791 -0.9967507 -0.07145226 0.03718459 -0.9967917 -0.07077139 0.03738635 -0.996756 -0.07083785 0.03820163 -0.9967817 -0.07041531 0.03831171 -0.9967501 -0.07042276 0.03911429 -0.9967825 -0.06989544 0.03923434 -0.9967544 -0.0698421 0.04003447 -0.9967937 -0.06920742 0.04015946 -0.9967695 -0.06909161 0.04095005 -0.9968159 -0.06834232 0.041076 -0.9967958 -0.06816244 0.04185712 -0.9968492 -0.06730282 0.04197841 -0.9981308 -0.05654871 0.02317458 -0.9980768 -0.05710256 0.02412569 -0.9980698 -0.05733627 0.0238595 -0.9980179 -0.05783861 0.02479976 -0.9980095 -0.05808627 0.02455455 -0.9979603 -0.05853378 0.02547913 -0.9979508 -0.05879026 0.02525687 -0.9979043 -0.05918163 0.02616399 -0.9978938 -0.05944705 0.02596163 -0.9978499 -0.05978477 0.0268588 -0.9978384 -0.06005686 0.02667558 -0.9977976 -0.06033748 0.02755576 -0.9977856 -0.06061094 0.02739268 -0.9977478 -0.06083434 0.02825748 -0.9977362 -0.06108498 0.02812492 -0.9977018 -0.06125003 0.02897387 -0.9976945 -0.06140279 0.02890223 -0.9976634 -0.06150811 0.02974009 -0.9976697 -0.06138014 0.02979332 -0.9976052 -0.06191235 0.03083366 -0.9976314 -0.0613994 0.03101134 -0.9975728 -0.06182467 0.03203541 -0.9975925 -0.06144982 0.03214287 -0.9975794 -0.06125789 0.03290867 -0.9975863 -0.06112694 0.03294169 -0.9975768 -0.06087017 0.03369438 -0.9975879 -0.0606634 0.03373992 -0.9975822 -0.06034135 0.03447693 -0.9975981 -0.06004554 0.03453326 -0.9975962 -0.05965626 0.03525596 -0.9976164 -0.05928194 0.03531682 -0.9976182 -0.05882185 0.0360285 -0.9976429 -0.058362 0.0360912 -0.9976483 -0.05783349 0.03678536 -0.9976778 -0.05728292 0.03684681 -0.9987519 -0.04632234 0.01867461 -0.9987137 -0.0467872 0.01954197 -0.9987076 -0.04702788 0.0192756 -0.9986714 -0.04743957 0.0201261 -0.9986642 -0.0476951 0.01988035 -0.9986299 -0.04805439 0.02071636 -0.9986215 -0.04832375 0.02048981 -0.9985894 -0.04863065 0.02131247 -0.99858 -0.0489124 0.02110403 -0.9985504 -0.04916465 0.02190876 -0.9985403 -0.04945397 0.02171981 -0.9985129 -0.04965233 0.02250993 -0.998502 -0.0499469 0.02233964 -0.9984773 -0.05009019 0.02311199 -0.9984664 -0.05037087 0.02296811 -0.9984443 -0.0504589 0.0237258 -0.9984362 -0.05066126 0.02363377 -0.9984169 -0.05069231 0.02437633 -0.9984182 -0.05065715 0.02439051 -0.9983752 -0.05105525 0.02530634 -0.9983901 -0.05070316 0.02542448 -0.9983516 -0.05100172 0.02632397 -0.9983615 -0.0507735 0.02638733 -0.998356 -0.05053025 0.02705717 -0.9983565 -0.05051594 0.02706062 -0.9983539 -0.05021268 0.02771753 -0.9983573 -0.05013698 0.02773368 -0.9983574 -0.04977387 0.02837502 -0.9983635 -0.04963535 0.02840054 -0.9983665 -0.04920923 0.02902966 -0.9983757 -0.04900366 0.02906203 -0.9983814 -0.04851806 0.02967232 -0.9983935 -0.04824787 0.02970802 -0.998402 -0.04769599 0.03030669 -0.998417 -0.04735714 0.03034329 -0.9984282 -0.04674237 0.03092503 -0.9984459 -0.04633772 0.03095954 -0.9992815 -0.03524237 0.01394867 -0.9992564 -0.03562676 0.01473844 -0.9992515 -0.03587841 0.01446712 -0.999228 -0.03621119 0.01523935 -0.9992219 -0.03648501 0.01498311 -0.9991998 -0.03676855 0.01574426 -0.9991928 -0.03705894 0.01550644 -0.9991723 -0.03729075 0.01625102 -0.9991644 -0.03759717 0.01603049 -0.9991456 -0.03777748 0.01676005 -0.9991369 -0.03809678 0.01655721 -0.9991199 -0.03822481 0.01726913 -0.9991104 -0.03855675 0.01708251 -0.9990952 -0.03863292 0.01778161 -0.9990854 -0.03896039 0.01761841 -0.9990723 -0.03898358 0.01829952 -0.9990639 -0.03925198 0.0181809 -0.9990529 -0.03922122 0.01884603 -0.9990502 -0.03930497 0.01881325 -0.9990231 -0.03959167 0.01962751 -0.9990287 -0.03942424 0.01968204 -0.9990051 -0.03961622 0.02047383 -0.999007 -0.0395624 0.02048838 -0.9990059 -0.03927606 0.02108329 -0.9990016 -0.03940397 0.02105295 -0.9990026 -0.03906375 0.0216313 -0.9989995 -0.03915023 0.02161341 -0.9990026 -0.03875297 0.02217906 -0.9990013 -0.03879261 0.02217197 -0.9990063 -0.03834104 0.02272027 -0.9990065 -0.03833597 0.02272105 -0.9990137 -0.03782451 0.02325761 -0.9990155 -0.03777343 0.02326416 -0.9990245 -0.03720861 0.02378147 -0.9990283 -0.03710001 0.02379286 -0.9990391 -0.03647786 0.02429419 -0.9990442 -0.03632771 0.02430665 -0.9990569 -0.03564667 0.02479261 -0.9990602 -0.03554958 0.02479857 -0.9996895 -0.02324628 0.008973777 -0.9996754 -0.02355921 0.009694099 -0.9996717 -0.02383267 0.009406208 -0.9996584 -0.02409887 0.01011657 -0.9996539 -0.02439862 0.009842634 -0.9996415 -0.02461457 0.01053464 -0.9996362 -0.02493596 0.01027792 -0.9996249 -0.0251035 0.01095813 -0.9996187 -0.02544713 0.01071685 -0.9996084 -0.02556502 0.01138132 -0.9996015 -0.02592933 0.0111556 -0.9995923 -0.02599763 0.01180654 -0.9995847 -0.02638149 0.01159608 -0.9995766 -0.02639961 0.01222944 -0.9995687 -0.02678751 0.01204097 -0.9995618 -0.02675527 0.01265925 -0.9995542 -0.0271129 0.01250517 -0.9995486 -0.02702891 0.01311051 -0.9995436 -0.02725499 0.01302421 -0.9995286 -0.02744728 0.01375365 -0.9995275 -0.0274952 0.01373845 -0.9995147 -0.02759903 0.01444739 -0.999511 -0.02775067 0.01440757 -0.9995121 -0.02742892 0.01493906 -0.9995051 -0.02772337 0.01487106 -0.9995075 -0.02735036 0.01538795 -0.9995007 -0.02762681 0.01533222 -0.9995046 -0.02720224 0.01583439 -0.9994984 -0.02745115 0.01579099 -0.9995036 -0.026973 0.01627981 -0.9994982 -0.02719455 0.01624685 -0.9995046 -0.02666795 0.01671701 -0.9995 -0.02685463 0.01669371 -0.9995077 -0.02627646 0.01714801 -0.9995037 -0.02643758 0.01713156 -0.9995126 -0.02580559 0.01757133 -0.9995093 -0.02594035 0.01756048 -0.9995192 -0.02525848 0.01798266 -0.9995149 -0.02543824 0.01797181 -0.9995284 -0.02463173 0.01833486 -0.9999732 -0.006967902 0.002261042 -0.9999705 -0.007014274 0.003121256 -0.9999683 -0.00753051 0.002592027 -0.9999659 -0.007508754 0.003435611 -0.9999631 -0.008079886 0.002927541 -0.999961 -0.007989287 0.003751158 -0.9999576 -0.008615672 0.003264069 -0.999956 -0.008455991 0.004065871 -0.9999518 -0.009133636 0.003602802 -0.9999508 -0.008904635 0.004381954 -0.9999458 -0.009637713 0.003939986 -0.9999454 -0.009338557 0.004697918 -0.9999396 -0.01012301 0.004279434 -0.9999398 -0.009753882 0.005014538 -0.9999333 -0.01058477 0.004621803 -0.9999343 -0.01014488 0.005334496 -0.9999271 -0.0109986 0.004976689 -0.9999289 -0.01048851 0.005664765 -0.9999217 -0.01130843 0.005360245 -0.9999206 -0.01100516 0.006145417 -0.9999131 -0.01178359 0.005904912 -0.9999133 -0.01136535 0.006654024 -0.9999042 -0.01225996 0.00642544 -0.99991 -0.01144224 0.007006883 -0.9998995 -0.01245445 0.006779491 -0.9999062 -0.01156812 0.007337391 -0.9998951 -0.01260596 0.00713396 -0.9999027 -0.01165336 0.007666647 -0.9998912 -0.01270776 0.007487952 -0.9998997 -0.011689 0.007995426 -0.9998879 -0.01275581 0.00784105 -0.9998973 -0.01167136 0.008322954 -0.999885 -0.0127573 0.008191108 -0.9998953 -0.01160585 0.008647799 -0.9998828 -0.01270431 0.008538603 -0.9998937 -0.01149213 0.008967578 -0.9998812 -0.01259642 0.008880794 -0.9998928 -0.01132458 0.009281873 -0.9998797 -0.01248127 0.009213924 -0.9998929 -0.01108998 0.009552121 -0.9998715 0.01476359 -0.006251037 -0.9998758 0.01478528 -0.005472719 -0.9998807 0.01421236 -0.006044268 -0.9998838 0.01429921 -0.00528413 -0.9998896 0.01366055 -0.005836963 -0.9998916 0.01381361 -0.00509274 -0.9998983 0.01310628 -0.00562787 -0.9998992 0.01332616 -0.004901349 -0.9999065 0.01254856 -0.00541836 -0.9999065 0.01283723 -0.004707038 -0.9999147 0.01198679 -0.005205929 -0.9999136 0.01234376 -0.0045138 -0.9999223 0.0114265 -0.004989862 -0.9999205 0.01185184 -0.004318356 -0.9999296 0.0108627 -0.004773259 -0.999927 0.01135748 -0.00412184 -0.9999366 0.01030248 -0.004552066 -0.9999333 0.01086646 -0.003922462 -0.9999432 0.009739875 -0.004329681 -0.9999421 0.01013445 -0.003620624 -0.9999524 0.008913218 -0.003987908 -0.9999502 0.009418904 -0.003311216 -0.9999605 0.00810641 -0.003637671 -0.9999549 0.008966445 -0.003108561 -0.9999653 0.007599651 -0.003407418 -0.9999595 0.008522152 -0.002903044 -0.9999697 0.00710237 -0.003174066 -0.9999637 0.008086085 -0.002694964 -0.9999738 0.006621897 -0.002936661 -0.9999675 0.007663786 -0.002483963 -0.9999774 0.006157755 -0.002696216 -0.999971 0.007258355 -0.002269327 -0.9999807 0.005706608 -0.002452909 -0.9999743 0.006863355 -0.002052545 -0.9999837 0.005276322 -0.002206444 -0.9999772 0.006488204 -0.001832604 -0.9999862 0.004870116 -0.00195676 -0.9999799 0.006132602 -0.001610517 -0.9999885 0.004486024 -0.00170511 -0.9999819 0.005842804 -0.001416385 -0.9991124 0.03915393 -0.01554292 -0.9991198 0.03923439 -0.01483643 -0.9991356 0.03858244 -0.01547259 -0.9991406 0.03872662 -0.01477611 -0.9991596 0.03798705 -0.01540231 -0.9991619 0.03819721 -0.01471477 -0.9991838 0.03737294 -0.01532489 -0.9991836 0.03764891 -0.01465249 -0.9992086 0.03673499 -0.01524704 -0.9992058 0.03707826 -0.0145896 -0.999234 0.03607368 -0.0151664 -0.9992287 0.03648555 -0.01452428 -0.9992599 0.03538745 -0.01508224 -0.999252 0.03587102 -0.01445353 -0.9992864 0.03467184 -0.01499366 -0.9992759 0.03522491 -0.01438367 -0.9993139 0.03390413 -0.01491129 -0.9993011 0.03453087 -0.01431739 -0.9993444 0.03302085 -0.01485222 -0.9993377 0.03350907 -0.01419186 -0.9993876 0.03175073 -0.01471018 -0.9993775 0.03234761 -0.01408249 -0.9994284 0.03052783 -0.0145263 -0.9994069 0.03144788 -0.01402962 -0.9994566 0.02964407 -0.01441651 -0.9994336 0.03062635 -0.01394414 -0.9994848 0.02873468 -0.01429843 -0.9994606 0.02977603 -0.01385164 -0.9995132 0.02779728 -0.01417225 -0.9994878 0.02890151 -0.0137493 -0.9995408 0.02685332 -0.01403284 -0.9995147 0.02800655 -0.01363861 -0.9995687 0.02587938 -0.01388597 -0.9995417 0.02708643 -0.01351821 -0.9995958 0.02489376 -0.01372742 -0.9995684 0.02615076 -0.0133869 -0.9996224 0.02390342 -0.01355677 -0.9995946 0.02520436 -0.0132445 -0.9996472 0.02295327 -0.0133723 -0.9996179 0.02433508 -0.01311361 -0.9973731 0.0675829 -0.02607011 -0.9973806 0.06771314 -0.02543443 -0.9974125 0.06696647 -0.02614986 -0.9974159 0.06715697 -0.02552431 -0.9974545 0.06630504 -0.02623295 -0.9974536 0.0665583 -0.02561581 -0.9974991 0.06559926 -0.02631342 -0.9974939 0.06591975 -0.02570068 -0.9975465 0.06484305 -0.02638947 -0.9975369 0.06523239 -0.02578425 -0.9975968 0.06403541 -0.02646034 -0.9975828 0.06449621 -0.02586346 -0.99765 0.06317502 -0.02652418 -0.9976313 0.06370931 -0.02593731 -0.9977061 0.06225526 -0.02658218 -0.9976833 0.06286233 -0.02600926 -0.997768 0.06122606 -0.02665328 -0.9977408 0.06190681 -0.02609586 -0.9978426 0.05994141 -0.02678197 -0.997824 0.06052029 -0.02616417 -0.9979482 0.05811744 -0.02686309 -0.9979234 0.05881023 -0.02627176 -0.9980482 0.05637794 -0.02685761 -0.9980043 0.05736833 -0.02638334 -0.9981228 0.05503177 -0.02687859 -0.9980759 0.05609005 -0.02642643 -0.9981997 0.05361747 -0.02688443 -0.99815 0.05474168 -0.02645558 -0.9982779 0.05214518 -0.02687197 -0.9982264 0.0533235 -0.02647078 -0.998358 0.05060625 -0.02684354 -0.998304 0.05185472 -0.02646452 -0.9984382 0.04902547 -0.02679097 -0.9983833 0.0503146 -0.02644288 -0.9985192 0.04738593 -0.02672064 -0.9984633 0.04872369 -0.02640044 -0.9985997 0.04571241 -0.02662742 -0.9985433 0.04709059 -0.02633643 -0.9986758 0.0440886 -0.02650701 -0.9986167 0.04554873 -0.02626556 -0.9948846 0.09450465 -0.035685 -0.9948985 0.09451097 -0.03527867 -0.9949393 0.09384012 -0.03591376 -0.9949499 0.09388357 -0.03550219 -0.995 0.09310734 -0.0361405 -0.995007 0.09318989 -0.03572958 -0.9950664 0.09230661 -0.03636509 -0.9950698 0.09243047 -0.03595423 -0.9951387 0.09143632 -0.0365836 -0.9951384 0.09160262 -0.03617614 -0.9952172 0.09049105 -0.03679782 -0.9952129 0.09070223 -0.0363928 -0.9953026 0.08946067 -0.03700804 -0.9952942 0.08972245 -0.03660041 -0.9953953 0.08833771 -0.03720933 -0.9953826 0.08865135 -0.0368027 -0.9955002 0.08705478 -0.03742611 -0.9954833 0.08741974 -0.03702509 -0.9956335 0.08538377 -0.03773075 -0.9956289 0.08563995 -0.03726798 -0.9958211 0.08303534 -0.03802108 -0.9958102 0.08336943 -0.0375722 -0.9959979 0.08080816 -0.03818607 -0.9959639 0.08139318 -0.03783124 -0.9961354 0.07902532 -0.03833109 -0.9960979 0.07965981 -0.03798854 -0.9962791 0.07713025 -0.03845572 -0.9962384 0.07781702 -0.03812485 -0.9964272 0.07514297 -0.03855299 -0.9963837 0.07587718 -0.03823679 -0.996579 0.07306575 -0.03862231 -0.9965338 0.0738343 -0.03832614 -0.9967346 0.07088863 -0.03866654 -0.9966867 0.07171034 -0.03838312 -0.9968917 0.06863772 -0.03867566 -0.9968428 0.06949126 -0.03841251 -0.9970499 0.06631386 -0.03865373 -0.9969997 0.06720322 -0.03840899 -0.9972001 0.06405276 -0.03859037 -0.9971458 0.0650137 -0.03838443 -0.9920226 0.1181043 -0.04407286 -0.9920349 0.1181406 -0.0436995 -0.9920938 0.1173748 -0.04441934 -0.992102 0.1174461 -0.04404836 -0.9921735 0.1165665 -0.04476684 -0.9921773 0.1166743 -0.04439896 -0.992263 0.1156646 -0.04512107 -0.9922625 0.1158137 -0.04474717 -0.9923625 0.1146706 -0.04546695 -0.9923574 0.1148639 -0.04508966 -0.9924729 0.1135748 -0.04580718 -0.9924628 0.1138159 -0.04542595 -0.9925944 0.1123731 -0.04613792 -0.9925792 0.1126624 -0.04575777 -0.9927283 0.1110465 -0.04646587 -0.9927076 0.1113911 -0.04608231 -0.9928819 0.1095181 -0.04681175 -0.9928556 0.1099187 -0.04642909 -0.9930817 0.1074914 -0.04726868 -0.9930685 0.1078038 -0.04683178 -0.9933627 0.1046478 -0.04774361 -0.9933414 0.1050457 -0.04731196 -0.9936279 0.1019526 -0.04805386 -0.9935787 0.102596 -0.04770326 -0.9938381 0.09976297 -0.04830235 -0.9937842 0.1004611 -0.04796284 -0.9940578 0.09744101 -0.04852217 -0.9940003 0.0981844 -0.04819905 -0.9942859 0.09498679 -0.04871308 -0.9942247 0.09578341 -0.04840326 -0.9945212 0.09240949 -0.04886859 -0.9944564 0.09325879 -0.04857301 -0.9947632 0.0897026 -0.04898715 -0.9946956 0.09059846 -0.04870837 -0.995009 0.08688974 -0.04906511 -0.9949387 0.08783626 -0.04880231 -0.9952567 0.08398407 -0.0490989 -0.995185 0.08496993 -0.0488553 -0.9954922 0.08115833 -0.04907906 -0.9954156 0.08221411 -0.04887473 -0.9882158 0.1436039 -0.05298376 -0.9882249 0.1436598 -0.05266463 -0.9883056 0.1428073 -0.05346214 -0.9883102 0.1428955 -0.05314105 -0.9884092 0.141905 -0.05394709 -0.9884091 0.1420299 -0.05361837 -0.9885281 0.1408867 -0.0544334 -0.9885232 0.1410492 -0.05410301 -0.988662 0.1397565 -0.05491501 -0.9886516 0.1399601 -0.0545817 -0.988813 0.1384922 -0.05539751 -0.9887966 0.1387454 -0.05505418 -0.9889811 0.1370946 -0.05586808 -0.9889584 0.1374019 -0.05551612 -0.9891692 0.1355392 -0.05633246 -0.9891397 0.1359025 -0.05597591 -0.9893863 0.13374 -0.05681884 -0.9893499 0.1341602 -0.05646145 -0.9896751 0.1313118 -0.05744856 -0.9896511 0.1316726 -0.05703526 -0.9900801 0.127918 -0.05812388 -0.9900458 0.1283693 -0.05771207 -0.99046 0.1247243 -0.05859082 -0.9903945 0.1254 -0.05825489 -0.9907662 0.1220906 -0.05895918 -0.9906942 0.1228317 -0.05862975 -0.9910877 0.1192884 -0.05929118 -0.9910095 0.1200938 -0.05897074 -0.9914231 0.1163188 -0.05958342 -0.9913396 0.1171849 -0.05927509 -0.9917698 0.1131943 -0.05983185 -0.9916816 0.114118 -0.05953764 -0.9921281 0.1098977 -0.06003606 -0.992035 0.1108867 -0.05975484 -0.9924912 0.1064842 -0.06018579 -0.9923956 0.1075183 -0.05992388 -0.9928587 0.1029445 -0.06028389 -0.9927604 0.1040285 -0.06004035 -0.9932089 0.09949004 -0.06031471 -0.9931033 0.1006628 -0.06010723 -0.9832744 0.1710928 -0.06244128 -0.9832789 0.1711646 -0.06217044 -0.9833872 0.1702157 -0.06305658 -0.9833872 0.1703163 -0.06278467 -0.98352 0.169213 -0.06368166 -0.983515 0.1693446 -0.06340813 -0.9836746 0.1680703 -0.06431657 -0.9836642 0.1682383 -0.06403607 -0.9838526 0.1667787 -0.06495374 -0.9838357 0.1669927 -0.06465828 -0.984056 0.165324 -0.0655874 -0.9840322 0.1655865 -0.06528162 -0.9842841 0.1637112 -0.06620901 -0.9842526 0.1640265 -0.06589424 -0.9845418 0.1618984 -0.06683063 -0.9845016 0.1622782 -0.06650233 -0.9848414 0.1597954 -0.06747502 -0.984792 0.1602405 -0.06713879 -0.9852445 0.1569389 -0.06829017 -0.9852064 0.1573425 -0.06790989 -0.9858089 0.1529476 -0.06919467 -0.9857574 0.1534525 -0.06880778 -0.9863372 0.1492 -0.0698437 -0.98625 0.1499285 -0.06951451 -0.9867689 0.1460784 -0.07034373 -0.9866729 0.1468802 -0.07001936 -0.9872224 0.1427563 -0.07079976 -0.9871186 0.143628 -0.07048398 -0.9876981 0.1392164 -0.07121133 -0.9875856 0.1401695 -0.0709024 -0.9881899 0.1354944 -0.0715667 -0.9880704 0.1365185 -0.0712701 -0.9886988 0.1315662 -0.07186758 -0.9885733 0.1326599 -0.07158529 -0.9892156 0.1274891 -0.07210445 -0.9890846 0.1286512 -0.07183814 -0.9897421 0.1232337 -0.07227796 -0.9896049 0.1244769 -0.07202631 -0.9902395 0.1191189 -0.07236331 -0.9900952 0.120439 -0.07215172 -0.9819434 -0.165838 0.09102135 -0.9819355 -0.1659756 0.0908553 -0.9825927 -0.162885 0.0893321 -0.9825888 -0.1629368 0.08927977 -0.9833557 -0.1592554 0.08746159 -0.983371 -0.1590763 0.08761358 -0.984235 -0.1548255 0.0855019 -0.9843096 -0.1540383 0.08606368 -0.984849 -0.1513247 0.08469641 -0.9850189 -0.1496886 0.08562183 -0.9857116 -0.1461262 0.0837841 -0.985872 -0.1446598 0.08443951 -0.9870261 -0.1385117 0.08120375 -0.9871409 -0.1374575 0.08159846 -0.9884844 -0.129926 0.07757419 -0.9885795 -0.1290339 0.07785099 -0.9900432 -0.1202881 0.07311046 -0.9901525 -0.1192191 0.07338196 -0.9915087 -0.110491 0.06857132 -0.991627 -0.1092672 0.06882321 -0.9928384 -0.1008242 0.06408023 -0.9929601 -0.09947663 0.0643019 -0.994024 -0.09140819 0.05967122 -0.994142 -0.08999717 0.05985319 -0.9951234 -0.08184081 0.05506026 -0.9952328 -0.08040237 0.05520087 -0.9961216 -0.07221627 0.05026459 -0.9962046 -0.07100188 0.05034989 -0.9970107 -0.06266778 0.04519546 -0.9737533 -0.194083 0.1188957 -0.9739415 -0.1925438 0.1198534 -0.9756676 -0.1859758 0.1161289 -0.9758071 -0.1848953 0.1166809 -0.9776071 -0.1777821 0.1125958 -0.9777893 -0.1764106 0.1131691 -0.979612 -0.1688948 0.1087884 -0.9798346 -0.1672304 0.1093541 -0.9816427 -0.1594105 0.1047182 -0.9819002 -0.1574622 0.1052512 -0.9836544 -0.1494659 0.1004192 -0.9839391 -0.1472522 0.1008994 -0.9856066 -0.1392014 0.0959295 -0.9859091 -0.1367536 0.09634125 -0.9877133 -0.1274385 0.0904538 -0.9879626 -0.1252979 0.09072196 -0.989795 -0.1150416 0.08409094 -0.9900052 -0.1130906 0.08426213 -0.9916438 -0.1030434 0.07761919 -0.9722381 -0.1976801 0.1252024 -0.9723788 -0.1966097 0.1257944 -0.9743632 -0.1893247 0.1215418 -0.9745532 -0.1879407 0.1221647 -0.9765858 -0.180166 0.1175609 -0.9768218 -0.1784759 0.1181765 -0.9788542 -0.170333 0.1132745 -0.979133 -0.1683286 0.1138596 -0.9811161 -0.1599659 0.1087304 -0.9814294 -0.1576658 0.1092607 -0.9833241 -0.1492131 0.103967 -0.9836611 -0.1466504 0.1044235 -0.9854372 -0.1382295 0.09902632 -0.9857874 -0.1354373 0.09939759 -0.9876785 -0.1258125 0.09307032 -0.9879242 -0.1237235 0.09326511 -0.9898805 -0.1128862 0.08598434 -0.9707354 -0.2005283 0.1321403 -0.9730164 -0.192455 0.1272802 -0.9755601 -0.182245 0.1227566 -0.9732655 -0.1907409 0.1279536 -0.9705405 -0.2019108 0.1314655 -0.9668897 -0.2098298 0.1452439 -0.9672346 -0.2076795 0.1460368 -0.9702191 -0.1978704 0.1397216 -0.9706279 -0.1953347 0.1404491 -0.9735307 -0.1852689 0.1338412 -0.9739918 -0.182362 0.1344768 -0.976746 -0.1722341 0.1276819 -0.9772441 -0.1689897 0.1282049 -0.9798014 -0.1589692 0.1213182 -0.9802567 -0.155865 0.1216672 -0.9827259 -0.1454961 0.1143707 -0.9781163 -0.1714067 0.1179331 -0.9758611 -0.1801857 0.1234018 -0.9649439 -0.2134029 0.1527826 -0.9653878 -0.2107924 0.1536005 -0.9687919 -0.2000188 0.1464067 -0.9693024 -0.196996 0.1471244 -0.9725511 -0.1860952 0.1396888 -0.9731112 -0.18269 0.1402819 -0.9761362 -0.1718758 0.1327288 -0.9766525 -0.1686056 0.1331244 -0.979589 -0.1573536 0.1250813 -0.980628 -0.1601059 0.1128486 -0.9784597 -0.1690259 0.1185197 -0.962929 -0.2166279 0.1607486 -0.9634932 -0.2134887 0.1615653 -0.9673649 -0.2016928 0.1533795 -0.9679949 -0.198122 0.1540572 -0.9716163 -0.1863641 0.1457061 -0.9722031 -0.1829173 0.1461585 -0.9757384 -0.1706073 0.1372141 -0.9830418 -0.1485217 0.1075647 -0.981003 -0.1574274 0.1133564 -0.9608595 -0.2194138 0.169135 -0.9615677 -0.2156758 0.169916 -0.9659591 -0.2027992 0.1606095 -0.9666279 -0.1991655 0.1611318 -0.9709442 -0.185578 0.1510899 -0.9853187 -0.1368086 0.1021301 -0.9834362 -0.1455809 0.1079793 -0.9587488 -0.2216722 0.1779384 -0.959513 -0.2178419 0.1785486 -0.9648689 -0.202698 0.1671568 -0.9570322 -0.2225073 0.1859567 -0.9877285 -0.1236997 0.09534567 -0.9856718 -0.1340314 0.1024053</float_array>
          <technique_common>
            <accessor source="#Sail_001-mesh-normals-array" count="5600" stride="3">
              <param name="X" type="float"/>
              <param name="Y" type="float"/>
              <param name="Z" type="float"/>
            </accessor>
          </technique_common>
        </source>
        <vertices id="Sail_001-mesh-vertices">
          <input semantic="POSITION" source="#Sail_001-mesh-positions"/>
        </vertices>
        <triangles count="5600">
          <input semantic="VERTEX" source="#Sail_001-mesh-vertices" offset="0"/>
          <input semantic="NORMAL" source="#Sail_001-mesh-normals" offset="1"/>
          <p>0 0 1 0 2 0 2 1 1 1 3 1 2 2 3 2 4 2 4 3 3 3 5 3 4 4 5 4 6 4 6 5 5 5 7 5 6 6 7 6 8 6 8 7 7 7 9 7 8 8 9 8 10 8 11 9 12 9 0 9 0 10 12 10 13 10 0 11 13 11 1 11 1 12 13 12 14 12 1 13 14 13 15 13 15 14 14 14 16 14 15 15 16 15 17 15 17 16 16 16 18 16 17 17 18 17 19 17 19 18 18 18 20 18 19 19 20 19 21 19 21 20 20 20 22 20 21 21 22 21 23 21 23 22 22 22 24 22 23 23 24 23 25 23 25 24 24 24 26 24 25 25 26 25 27 25 27 26 26 26 28 26 27 27 28 27 29 27 29 28 28 28 30 28 29 29 30 29 31 29 31 30 30 30 32 30 31 31 32 31 33 31 33 32 32 32 34 32 33 33 34 33 35 33 35 34 34 34 36 34 35 35 36 35 37 35 37 36 36 36 38 36 37 37 38 37 39 37 39 38 38 38 40 38 39 39 40 39 41 39 41 40 40 40 42 40 41 41 42 41 43 41 43 42 42 42 44 42 43 43 44 43 45 43 45 44 44 44 46 44 45 45 46 45 47 45 47 46 46 46 48 46 47 47 48 47 49 47 49 48 48 48 50 48 49 49 50 49 51 49 51 50 50 50 52 50 51 51 52 51 53 51 53 52 52 52 54 52 53 53 54 53 55 53 55 54 54 54 56 54 55 55 56 55 57 55 57 56 56 56 58 56 57 57 58 57 59 57 59 58 58 58 60 58 59 59 60 59 61 59 61 60 60 60 62 60 61 61 62 61 63 61 63 62 62 62 64 62 63 63 64 63 65 63 65 64 64 64 66 64 65 65 66 65 67 65 67 66 66 66 68 66 67 67 68 67 69 67 12 68 11 68 70 68 70 69 11 69 71 69 70 70 71 70 72 70 72 71 71 71 73 71 72 72 73 72 74 72 74 73 73 73 75 73 74 74 75 74 76 74 76 75 75 75 77 75 76 76 77 76 78 76 78 77 77 77 79 77 78 78 79 78 80 78 80 79 79 79 81 79 80 80 81 80 82 80 82 81 81 81 83 81 82 82 83 82 84 82 84 83 83 83 85 83 84 84 85 84 86 84 86 85 85 85 87 85 86 86 87 86 88 86 88 87 87 87 89 87 88 88 89 88 90 88 90 89 89 89 91 89 90 90 91 90 92 90 92 91 91 91 93 91 92 92 93 92 94 92 94 93 93 93 95 93 94 94 95 94 96 94 96 95 95 95 97 95 96 96 97 96 98 96 98 97 97 97 99 97 98 98 99 98 100 98 100 99 99 99 101 99 100 100 101 100 102 100 102 101 101 101 103 101 102 102 103 102 104 102 104 103 103 103 105 103 104 104 105 104 106 104 106 105 105 105 107 105 106 106 107 106 108 106 108 107 107 107 109 107 108 108 109 108 110 108 110 109 109 109 111 109 110 110 111 110 112 110 112 111 111 111 113 111 112 112 113 112 114 112 71 113 115 113 73 113 73 114 115 114 116 114 73 115 116 115 75 115 75 116 116 116 117 116 75 117 117 117 77 117 77 118 117 118 118 118 77 119 118 119 79 119 79 120 118 120 119 120 79 121 119 121 81 121 81 122 119 122 120 122 81 123 120 123 83 123 83 124 120 124 121 124 83 125 121 125 85 125 85 126 121 126 122 126 85 127 122 127 87 127 87 128 122 128 123 128 87 129 123 129 89 129 89 130 123 130 124 130 89 131 124 131 91 131 91 132 124 132 125 132 91 133 125 133 93 133 93 134 125 134 126 134 93 135 126 135 95 135 95 136 126 136 127 136 95 137 127 137 97 137 97 138 127 138 128 138 97 139 128 139 99 139 99 140 128 140 129 140 99 141 129 141 101 141 101 142 129 142 130 142 101 143 130 143 103 143 103 144 130 144 131 144 103 145 131 145 105 145 105 146 131 146 132 146 105 147 132 147 107 147 107 148 132 148 133 148 107 149 133 149 109 149 109 150 133 150 134 150 109 151 134 151 111 151 111 152 134 152 113 152 115 153 135 153 116 153 116 154 135 154 117 154 135 155 136 155 117 155 117 156 136 156 118 156 136 157 137 157 118 157 118 158 137 158 138 158 118 159 138 159 139 159 139 160 138 160 140 160 139 161 140 161 141 161 141 162 140 162 142 162 141 163 142 163 143 163 143 164 142 164 144 164 143 165 144 165 145 165 145 166 144 166 146 166 145 167 146 167 147 167 147 168 146 168 148 168 147 169 148 169 149 169 149 170 148 170 150 170 149 171 150 171 151 171 151 172 150 172 152 172 151 173 152 173 153 173 153 174 152 174 154 174 153 175 154 175 155 175 155 176 154 176 156 176 155 177 156 177 157 177 157 178 156 178 158 178 157 179 158 179 159 179 159 180 158 180 160 180 159 181 160 181 161 181 161 182 160 182 162 182 161 183 162 183 163 183 163 184 162 184 164 184 163 185 164 185 165 185 165 186 164 186 166 186 165 187 166 187 167 187 167 188 166 188 168 188 167 189 168 189 169 189 169 190 168 190 170 190 169 191 170 191 171 191 154 192 172 192 156 192 156 193 172 193 173 193 156 194 173 194 158 194 158 195 173 195 174 195 158 196 174 196 160 196 160 197 174 197 175 197 160 198 175 198 162 198 162 199 175 199 176 199 162 200 176 200 164 200 164 201 176 201 177 201 164 202 177 202 166 202 166 203 177 203 178 203 166 204 178 204 168 204 168 205 178 205 170 205 173 206 172 206 179 206 179 207 172 207 180 207 179 208 180 208 181 208 181 209 180 209 182 209 181 210 182 210 183 210 183 211 182 211 184 211 183 212 184 212 185 212 185 213 184 213 186 213 185 214 186 214 187 214 187 215 186 215 188 215 187 216 188 216 189 216 182 217 190 217 184 217 184 218 190 218 191 218 184 219 191 219 186 219 186 220 191 220 192 220 186 221 192 221 188 221 190 222 193 222 191 222 191 223 193 223 194 223 191 224 194 224 195 224 193 225 196 225 194 225 195 226 192 226 191 226 187 227 189 227 197 227 197 228 189 228 198 228 197 229 198 229 199 229 197 230 199 230 200 230 200 231 199 231 201 231 200 232 201 232 202 232 202 233 203 233 200 233 200 234 203 234 178 234 200 235 178 235 177 235 203 236 170 236 178 236 204 237 205 237 171 237 171 238 205 238 206 238 171 239 206 239 169 239 169 240 206 240 207 240 169 241 207 241 167 241 167 242 207 242 208 242 167 243 208 243 165 243 165 244 208 244 209 244 165 245 209 245 163 245 163 246 209 246 210 246 163 247 210 247 161 247 161 248 210 248 211 248 161 249 211 249 159 249 159 250 211 250 212 250 159 251 212 251 157 251 157 252 212 252 213 252 157 253 213 253 155 253 155 254 213 254 153 254 205 255 204 255 214 255 214 256 204 256 215 256 214 257 215 257 216 257 216 258 215 258 217 258 216 259 217 259 218 259 218 260 217 260 219 260 218 261 219 261 220 261 220 262 219 262 221 262 220 263 221 263 222 263 222 264 221 264 223 264 222 265 223 265 224 265 224 266 223 266 130 266 224 267 130 267 129 267 215 268 225 268 217 268 217 269 225 269 226 269 217 270 226 270 219 270 219 271 226 271 227 271 219 272 227 272 221 272 221 273 227 273 228 273 221 274 228 274 223 274 223 275 228 275 131 275 223 276 131 276 130 276 225 277 229 277 226 277 226 278 229 278 230 278 226 279 230 279 227 279 227 280 230 280 231 280 227 281 231 281 228 281 228 282 231 282 132 282 228 283 132 283 131 283 230 284 229 284 232 284 232 285 229 285 233 285 232 286 233 286 134 286 134 287 233 287 113 287 234 288 235 288 114 288 114 289 235 289 236 289 114 290 236 290 112 290 112 291 236 291 237 291 112 292 237 292 110 292 110 293 237 293 238 293 110 294 238 294 108 294 108 295 238 295 239 295 108 296 239 296 106 296 106 297 239 297 240 297 106 298 240 298 104 298 104 299 240 299 241 299 104 300 241 300 102 300 102 301 241 301 242 301 102 302 242 302 100 302 100 303 242 303 243 303 100 304 243 304 98 304 98 305 243 305 244 305 98 306 244 306 96 306 96 307 244 307 245 307 96 308 245 308 94 308 94 309 245 309 246 309 94 310 246 310 92 310 92 311 246 311 247 311 92 312 247 312 90 312 90 313 247 313 248 313 90 314 248 314 88 314 88 315 248 315 249 315 88 316 249 316 86 316 86 317 249 317 250 317 86 318 250 318 84 318 84 319 250 319 251 319 84 320 251 320 82 320 82 321 251 321 252 321 82 322 252 322 80 322 80 323 252 323 253 323 80 324 253 324 78 324 78 325 253 325 254 325 78 326 254 326 76 326 76 327 254 327 255 327 76 328 255 328 74 328 74 329 255 329 256 329 74 330 256 330 72 330 72 331 256 331 70 331 235 332 234 332 257 332 257 333 234 333 258 333 257 334 258 334 259 334 259 335 258 335 260 335 259 336 260 336 261 336 261 337 260 337 262 337 261 338 262 338 263 338 263 339 262 339 264 339 263 340 264 340 265 340 265 341 264 341 266 341 265 342 266 342 267 342 267 343 266 343 268 343 267 344 268 344 269 344 269 345 268 345 270 345 269 346 270 346 271 346 271 347 270 347 272 347 271 348 272 348 273 348 273 349 272 349 274 349 273 350 274 350 275 350 275 351 274 351 276 351 275 352 276 352 277 352 277 353 276 353 278 353 277 354 278 354 279 354 279 355 278 355 280 355 279 356 280 356 281 356 281 357 280 357 282 357 281 358 282 358 283 358 283 359 282 359 284 359 283 360 284 360 285 360 285 361 284 361 286 361 285 362 286 362 287 362 287 363 286 363 288 363 287 364 288 364 289 364 289 365 288 365 290 365 289 366 290 366 291 366 291 367 290 367 292 367 291 368 292 368 293 368 293 369 292 369 294 369 293 370 294 370 295 370 295 371 294 371 296 371 295 372 296 372 297 372 297 373 296 373 298 373 297 374 298 374 299 374 299 375 298 375 300 375 299 376 300 376 301 376 301 377 300 377 302 377 301 378 302 378 303 378 303 379 302 379 304 379 303 380 304 380 60 380 60 381 304 381 62 381 258 382 305 382 260 382 260 383 305 383 306 383 260 384 306 384 262 384 262 385 306 385 307 385 262 386 307 386 264 386 264 387 307 387 308 387 264 388 308 388 266 388 266 389 308 389 309 389 266 390 309 390 310 390 305 391 311 391 306 391 306 392 311 392 312 392 306 393 312 393 307 393 307 394 312 394 313 394 307 395 313 395 308 395 308 396 313 396 314 396 308 397 314 397 315 397 315 398 314 398 316 398 316 399 314 399 317 399 317 400 314 400 313 400 317 401 313 401 318 401 318 402 313 402 319 402 318 403 319 403 320 403 320 404 319 404 321 404 320 405 321 405 322 405 322 406 321 406 323 406 322 407 323 407 324 407 324 408 323 408 325 408 324 409 325 409 326 409 326 410 325 410 327 410 327 411 325 411 328 411 328 412 325 412 329 412 328 413 329 413 330 413 330 414 329 414 331 414 330 415 331 415 332 415 312 416 311 416 319 416 319 417 311 417 321 417 323 418 333 418 325 418 325 419 333 419 329 419 333 420 331 420 329 420 332 421 334 421 330 421 330 422 334 422 335 422 335 423 334 423 336 423 335 424 336 424 337 424 335 425 337 425 338 425 338 426 337 426 339 426 338 427 339 427 340 427 326 428 341 428 324 428 324 429 341 429 322 429 341 430 342 430 322 430 322 431 342 431 320 431 342 432 343 432 320 432 320 433 343 433 344 433 320 434 344 434 318 434 318 435 344 435 345 435 318 436 345 436 346 436 343 437 345 437 344 437 346 438 317 438 318 438 315 439 347 439 308 439 308 440 347 440 309 440 266 441 310 441 268 441 268 442 310 442 348 442 268 443 348 443 270 443 270 444 348 444 349 444 270 445 349 445 272 445 272 446 349 446 350 446 272 447 350 447 274 447 274 448 350 448 276 448 349 449 351 449 350 449 350 450 351 450 352 450 350 451 352 451 353 451 353 452 352 452 354 452 353 453 354 453 278 453 278 454 354 454 280 454 351 455 355 455 352 455 352 456 355 456 356 456 352 457 356 457 354 457 354 458 356 458 357 458 354 459 357 459 280 459 280 460 357 460 282 460 356 461 355 461 358 461 358 462 355 462 359 462 358 463 359 463 360 463 360 464 359 464 361 464 360 465 361 465 362 465 362 466 361 466 363 466 362 467 363 467 364 467 364 468 363 468 365 468 364 469 365 469 286 469 286 470 365 470 288 470 361 471 359 471 366 471 366 472 359 472 367 472 366 473 367 473 368 473 368 474 367 474 369 474 368 475 369 475 370 475 370 476 369 476 371 476 370 477 371 477 372 477 372 478 371 478 373 478 372 479 373 479 374 479 374 480 373 480 375 480 374 481 375 481 292 481 292 482 375 482 294 482 367 483 376 483 369 483 369 484 376 484 377 484 369 485 377 485 378 485 378 486 377 486 379 486 378 487 379 487 380 487 380 488 379 488 381 488 380 489 381 489 382 489 380 490 382 490 383 490 383 491 382 491 384 491 383 492 384 492 385 492 386 493 387 493 385 493 385 494 387 494 388 494 385 495 388 495 383 495 383 496 388 496 389 496 383 497 389 497 380 497 380 498 389 498 390 498 380 499 390 499 378 499 378 500 390 500 371 500 378 501 371 501 369 501 391 502 392 502 393 502 393 503 392 503 387 503 393 504 387 504 386 504 394 505 395 505 396 505 396 506 395 506 397 506 396 507 397 507 398 507 398 508 397 508 391 508 391 509 397 509 392 509 399 510 400 510 401 510 401 511 400 511 395 511 401 512 395 512 394 512 69 513 402 513 67 513 67 514 402 514 403 514 67 515 403 515 65 515 65 516 403 516 404 516 65 517 404 517 63 517 63 518 404 518 61 518 404 519 405 519 61 519 61 520 405 520 59 520 59 521 405 521 57 521 57 522 405 522 406 522 57 523 406 523 55 523 55 524 406 524 407 524 55 525 407 525 53 525 53 526 407 526 51 526 407 527 408 527 51 527 51 528 408 528 49 528 408 529 409 529 49 529 49 530 409 530 47 530 47 531 409 531 45 531 45 532 409 532 410 532 45 533 410 533 43 533 43 534 410 534 41 534 410 535 411 535 41 535 41 536 411 536 39 536 411 537 412 537 39 537 39 538 412 538 37 538 37 539 412 539 35 539 35 540 412 540 413 540 35 541 413 541 33 541 33 542 413 542 414 542 33 543 414 543 31 543 31 544 414 544 29 544 414 545 415 545 29 545 29 546 415 546 27 546 27 547 415 547 25 547 25 548 415 548 416 548 25 549 416 549 23 549 23 550 416 550 417 550 23 551 417 551 21 551 21 552 417 552 19 552 417 553 418 553 19 553 19 554 418 554 17 554 418 555 419 555 17 555 17 556 419 556 15 556 15 557 419 557 1 557 1 558 419 558 3 558 5 559 9 559 7 559 420 560 421 560 10 560 10 561 421 561 422 561 10 562 422 562 423 562 423 563 422 563 8 563 423 564 8 564 10 564 421 565 420 565 424 565 424 566 420 566 425 566 424 567 425 567 426 567 426 568 425 568 402 568 426 569 402 569 69 569 427 570 428 570 68 570 68 571 428 571 426 571 68 572 426 572 69 572 394 573 429 573 401 573 401 574 429 574 430 574 401 575 430 575 399 575 399 576 430 576 427 576 427 577 430 577 428 577 398 578 431 578 396 578 396 579 431 579 429 579 396 580 429 580 394 580 386 581 432 581 393 581 393 582 432 582 433 582 393 583 433 583 391 583 391 584 433 584 398 584 398 585 433 585 431 585 384 586 434 586 385 586 385 587 434 587 435 587 385 588 435 588 386 588 386 589 435 589 432 589 381 590 436 590 382 590 382 591 436 591 434 591 382 592 434 592 384 592 379 593 377 593 437 593 437 594 377 594 376 594 437 595 376 595 367 595 379 596 437 596 436 596 436 597 437 597 438 597 436 598 438 598 434 598 434 599 438 599 439 599 434 600 439 600 435 600 435 601 439 601 440 601 435 602 440 602 432 602 432 603 440 603 433 603 439 604 441 604 440 604 440 605 441 605 442 605 440 606 442 606 433 606 433 607 442 607 431 607 441 608 443 608 442 608 442 609 443 609 444 609 442 610 444 610 431 610 431 611 444 611 429 611 443 612 445 612 444 612 444 613 445 613 446 613 444 614 446 614 429 614 429 615 446 615 430 615 445 616 447 616 446 616 446 617 447 617 448 617 446 618 448 618 430 618 430 619 448 619 428 619 447 620 449 620 448 620 448 621 449 621 450 621 448 622 450 622 451 622 451 623 450 623 452 623 451 624 452 624 424 624 424 625 452 625 453 625 424 626 453 626 421 626 421 627 453 627 454 627 421 628 454 628 455 628 455 629 422 629 421 629 400 630 399 630 66 630 66 631 399 631 427 631 66 632 427 632 68 632 381 633 379 633 436 633 451 634 424 634 426 634 14 635 13 635 456 635 456 636 13 636 12 636 456 637 12 637 457 637 457 638 12 638 70 638 457 639 70 639 256 639 16 640 14 640 458 640 458 641 14 641 456 641 458 642 456 642 459 642 459 643 456 643 457 643 459 644 457 644 460 644 460 645 457 645 256 645 460 646 256 646 255 646 18 647 16 647 461 647 461 648 16 648 458 648 461 649 458 649 462 649 462 650 458 650 459 650 462 651 459 651 463 651 463 652 459 652 460 652 463 653 460 653 464 653 464 654 460 654 255 654 464 655 255 655 254 655 20 656 18 656 465 656 465 657 18 657 461 657 465 658 461 658 466 658 466 659 461 659 462 659 466 660 462 660 467 660 467 661 462 661 463 661 467 662 463 662 468 662 468 663 463 663 464 663 468 664 464 664 469 664 469 665 464 665 254 665 469 666 254 666 253 666 22 667 20 667 470 667 470 668 20 668 465 668 470 669 465 669 471 669 471 670 465 670 466 670 471 671 466 671 472 671 472 672 466 672 467 672 472 673 467 673 473 673 473 674 467 674 468 674 473 675 468 675 474 675 474 676 468 676 469 676 474 677 469 677 475 677 475 678 469 678 253 678 475 679 253 679 252 679 24 680 22 680 476 680 476 681 22 681 470 681 476 682 470 682 477 682 477 683 470 683 471 683 477 684 471 684 478 684 478 685 471 685 472 685 478 686 472 686 479 686 479 687 472 687 473 687 479 688 473 688 480 688 480 689 473 689 474 689 480 690 474 690 481 690 481 691 474 691 475 691 481 692 475 692 482 692 482 693 475 693 252 693 482 694 252 694 251 694 26 695 24 695 483 695 483 696 24 696 476 696 483 697 476 697 484 697 484 698 476 698 477 698 484 699 477 699 485 699 485 700 477 700 478 700 485 701 478 701 486 701 486 702 478 702 479 702 486 703 479 703 487 703 487 704 479 704 480 704 487 705 480 705 488 705 488 706 480 706 481 706 488 707 481 707 489 707 489 708 481 708 482 708 489 709 482 709 490 709 490 710 482 710 251 710 490 711 251 711 250 711 28 712 26 712 491 712 491 713 26 713 483 713 491 714 483 714 492 714 492 715 483 715 484 715 492 716 484 716 493 716 493 717 484 717 485 717 493 718 485 718 494 718 494 719 485 719 486 719 494 720 486 720 495 720 495 721 486 721 487 721 495 722 487 722 496 722 496 723 487 723 488 723 496 724 488 724 497 724 497 725 488 725 489 725 497 726 489 726 498 726 498 727 489 727 490 727 498 728 490 728 499 728 499 729 490 729 250 729 499 730 250 730 249 730 30 731 28 731 500 731 500 732 28 732 491 732 500 733 491 733 501 733 501 734 491 734 492 734 501 735 492 735 502 735 502 736 492 736 493 736 502 737 493 737 503 737 503 738 493 738 494 738 503 739 494 739 504 739 504 740 494 740 495 740 504 741 495 741 505 741 505 742 495 742 506 742 505 743 506 743 507 743 507 744 506 744 508 744 507 745 508 745 509 745 509 746 508 746 510 746 509 747 510 747 511 747 511 748 510 748 512 748 511 749 512 749 513 749 513 750 512 750 514 750 513 751 514 751 515 751 515 752 514 752 248 752 515 753 248 753 247 753 32 754 30 754 516 754 516 755 30 755 500 755 516 756 500 756 517 756 517 757 500 757 501 757 517 758 501 758 518 758 518 759 501 759 502 759 518 760 502 760 519 760 519 761 502 761 503 761 519 762 503 762 520 762 520 763 503 763 504 763 520 764 504 764 521 764 521 765 504 765 505 765 521 766 505 766 522 766 522 767 505 767 507 767 522 768 507 768 523 768 523 769 507 769 509 769 523 770 509 770 524 770 524 771 509 771 511 771 524 772 511 772 525 772 525 773 511 773 513 773 525 774 513 774 526 774 526 775 513 775 515 775 526 776 515 776 527 776 527 777 515 777 247 777 527 778 247 778 246 778 34 779 32 779 528 779 528 780 32 780 516 780 528 781 516 781 529 781 529 782 516 782 517 782 529 783 517 783 530 783 530 784 517 784 518 784 530 785 518 785 531 785 531 786 518 786 519 786 531 787 519 787 532 787 532 788 519 788 520 788 532 789 520 789 533 789 533 790 520 790 521 790 533 791 521 791 534 791 534 792 521 792 522 792 534 793 522 793 535 793 535 794 522 794 523 794 535 795 523 795 536 795 536 796 523 796 524 796 536 797 524 797 537 797 537 798 524 798 525 798 537 799 525 799 538 799 538 800 525 800 526 800 538 801 526 801 539 801 539 802 526 802 527 802 539 803 527 803 540 803 540 804 527 804 246 804 540 805 246 805 245 805 36 806 34 806 541 806 541 807 34 807 528 807 541 808 528 808 542 808 542 809 528 809 529 809 542 810 529 810 543 810 543 811 529 811 530 811 543 812 530 812 544 812 544 813 530 813 531 813 544 814 531 814 545 814 545 815 531 815 532 815 545 816 532 816 546 816 546 817 532 817 533 817 546 818 533 818 547 818 547 819 533 819 534 819 547 820 534 820 548 820 548 821 534 821 535 821 548 822 535 822 549 822 549 823 535 823 536 823 549 824 536 824 550 824 550 825 536 825 537 825 550 826 537 826 551 826 551 827 537 827 538 827 551 828 538 828 552 828 552 829 538 829 539 829 552 830 539 830 553 830 553 831 539 831 540 831 553 832 540 832 554 832 554 833 540 833 245 833 554 834 245 834 244 834 38 835 36 835 555 835 555 836 36 836 541 836 555 837 541 837 556 837 556 838 541 838 542 838 556 839 542 839 557 839 557 840 542 840 543 840 557 841 543 841 558 841 558 842 543 842 544 842 558 843 544 843 559 843 559 844 544 844 545 844 559 845 545 845 560 845 560 846 545 846 546 846 560 847 546 847 561 847 561 848 546 848 547 848 561 849 547 849 562 849 562 850 547 850 548 850 562 851 548 851 563 851 563 852 548 852 549 852 563 853 549 853 564 853 564 854 549 854 550 854 564 855 550 855 565 855 565 856 550 856 551 856 565 857 551 857 566 857 566 858 551 858 552 858 566 859 552 859 567 859 567 860 552 860 553 860 567 861 553 861 568 861 568 862 553 862 554 862 568 863 554 863 569 863 569 864 554 864 244 864 569 865 244 865 243 865 40 866 38 866 570 866 570 867 38 867 555 867 570 868 555 868 571 868 571 869 555 869 556 869 571 870 556 870 572 870 572 871 556 871 557 871 572 872 557 872 573 872 573 873 557 873 558 873 573 874 558 874 574 874 574 875 558 875 559 875 574 876 559 876 575 876 575 877 559 877 560 877 575 878 560 878 576 878 576 879 560 879 561 879 576 880 561 880 577 880 577 881 561 881 562 881 577 882 562 882 578 882 578 883 562 883 563 883 578 884 563 884 579 884 579 885 563 885 564 885 579 886 564 886 580 886 580 887 564 887 565 887 580 888 565 888 581 888 581 889 565 889 566 889 581 890 566 890 582 890 582 891 566 891 567 891 582 892 567 892 583 892 583 893 567 893 568 893 583 894 568 894 584 894 584 895 568 895 569 895 584 896 569 896 585 896 585 897 569 897 243 897 585 898 243 898 242 898 42 899 40 899 586 899 586 900 40 900 570 900 586 901 570 901 587 901 587 902 570 902 571 902 587 903 571 903 588 903 588 904 571 904 572 904 588 905 572 905 589 905 589 906 572 906 573 906 589 907 573 907 590 907 590 908 573 908 574 908 590 909 574 909 591 909 591 910 574 910 575 910 591 911 575 911 592 911 592 912 575 912 576 912 592 913 576 913 593 913 593 914 576 914 577 914 593 915 577 915 594 915 594 916 577 916 578 916 594 917 578 917 595 917 595 918 578 918 579 918 595 919 579 919 596 919 596 920 579 920 580 920 596 921 580 921 597 921 597 922 580 922 581 922 597 923 581 923 598 923 598 924 581 924 582 924 598 925 582 925 599 925 599 926 582 926 583 926 599 927 583 927 600 927 600 928 583 928 584 928 600 929 584 929 601 929 601 930 584 930 585 930 601 931 585 931 602 931 602 932 585 932 242 932 602 933 242 933 241 933 44 934 42 934 603 934 603 935 42 935 586 935 603 936 586 936 604 936 604 937 586 937 587 937 604 938 587 938 605 938 605 939 587 939 588 939 605 940 588 940 606 940 606 941 588 941 589 941 606 942 589 942 607 942 607 943 589 943 590 943 607 944 590 944 608 944 608 945 590 945 591 945 608 946 591 946 609 946 609 947 591 947 592 947 609 948 592 948 610 948 610 949 592 949 593 949 610 950 593 950 611 950 611 951 593 951 594 951 611 952 594 952 612 952 612 953 594 953 595 953 612 954 595 954 613 954 613 955 595 955 596 955 613 956 596 956 614 956 614 957 596 957 597 957 614 958 597 958 615 958 615 959 597 959 598 959 615 960 598 960 616 960 616 961 598 961 599 961 616 962 599 962 617 962 617 963 599 963 600 963 617 964 600 964 618 964 618 965 600 965 601 965 618 966 601 966 619 966 619 967 601 967 602 967 619 968 602 968 620 968 620 969 602 969 241 969 620 970 241 970 240 970 46 971 44 971 621 971 621 972 44 972 603 972 621 973 603 973 622 973 622 974 603 974 604 974 622 975 604 975 623 975 623 976 604 976 605 976 623 977 605 977 624 977 624 978 605 978 606 978 624 979 606 979 625 979 625 980 606 980 607 980 625 981 607 981 626 981 626 982 607 982 608 982 626 983 608 983 627 983 627 984 608 984 609 984 627 985 609 985 628 985 628 986 609 986 610 986 628 987 610 987 629 987 629 988 610 988 611 988 629 989 611 989 630 989 630 990 611 990 612 990 630 991 612 991 631 991 631 992 612 992 613 992 631 993 613 993 632 993 632 994 613 994 614 994 632 995 614 995 633 995 633 996 614 996 615 996 633 997 615 997 634 997 634 998 615 998 616 998 634 999 616 999 635 999 635 1000 616 1000 617 1000 635 1001 617 1001 636 1001 636 1002 617 1002 618 1002 636 1003 618 1003 637 1003 637 1004 618 1004 619 1004 637 1005 619 1005 638 1005 638 1006 619 1006 620 1006 638 1007 620 1007 639 1007 639 1008 620 1008 240 1008 639 1009 240 1009 239 1009 48 1010 46 1010 640 1010 640 1011 46 1011 621 1011 640 1012 621 1012 641 1012 641 1013 621 1013 622 1013 641 1014 622 1014 642 1014 642 1015 622 1015 623 1015 642 1016 623 1016 643 1016 643 1017 623 1017 624 1017 643 1018 624 1018 644 1018 644 1019 624 1019 625 1019 644 1020 625 1020 645 1020 645 1021 625 1021 626 1021 645 1022 626 1022 646 1022 646 1023 626 1023 627 1023 646 1024 627 1024 647 1024 647 1025 627 1025 628 1025 647 1026 628 1026 648 1026 648 1027 628 1027 629 1027 648 1028 629 1028 649 1028 649 1029 629 1029 630 1029 649 1030 630 1030 650 1030 650 1031 630 1031 631 1031 650 1032 631 1032 651 1032 651 1033 631 1033 632 1033 651 1034 632 1034 652 1034 652 1035 632 1035 633 1035 652 1036 633 1036 653 1036 653 1037 633 1037 634 1037 653 1038 634 1038 654 1038 654 1039 634 1039 635 1039 654 1040 635 1040 655 1040 655 1041 635 1041 636 1041 655 1042 636 1042 656 1042 656 1043 636 1043 637 1043 656 1044 637 1044 657 1044 657 1045 637 1045 638 1045 657 1046 638 1046 658 1046 658 1047 638 1047 639 1047 658 1048 639 1048 659 1048 659 1049 639 1049 239 1049 659 1050 239 1050 238 1050 50 1051 48 1051 660 1051 660 1052 48 1052 640 1052 660 1053 640 1053 661 1053 661 1054 640 1054 641 1054 661 1055 641 1055 662 1055 662 1056 641 1056 642 1056 662 1057 642 1057 663 1057 663 1058 642 1058 643 1058 663 1059 643 1059 664 1059 664 1060 643 1060 644 1060 664 1061 644 1061 645 1061 52 1062 50 1062 665 1062 665 1063 50 1063 660 1063 665 1064 660 1064 666 1064 666 1065 660 1065 661 1065 666 1066 661 1066 667 1066 667 1067 661 1067 662 1067 667 1068 662 1068 668 1068 668 1069 662 1069 663 1069 668 1070 663 1070 669 1070 669 1071 663 1071 664 1071 669 1072 664 1072 670 1072 670 1073 664 1073 645 1073 670 1074 645 1074 671 1074 671 1075 645 1075 646 1075 671 1076 646 1076 672 1076 672 1077 646 1077 647 1077 672 1078 647 1078 673 1078 673 1079 647 1079 648 1079 673 1080 648 1080 674 1080 674 1081 648 1081 649 1081 674 1082 649 1082 675 1082 675 1083 649 1083 650 1083 675 1084 650 1084 676 1084 676 1085 650 1085 651 1085 676 1086 651 1086 677 1086 677 1087 651 1087 652 1087 677 1088 652 1088 678 1088 678 1089 652 1089 653 1089 678 1090 653 1090 679 1090 679 1091 653 1091 654 1091 679 1092 654 1092 680 1092 680 1093 654 1093 655 1093 680 1094 655 1094 681 1094 681 1095 655 1095 656 1095 681 1096 656 1096 682 1096 682 1097 656 1097 657 1097 682 1098 657 1098 683 1098 683 1099 657 1099 658 1099 683 1100 658 1100 684 1100 684 1101 658 1101 659 1101 684 1102 659 1102 685 1102 685 1103 659 1103 238 1103 685 1104 238 1104 237 1104 54 1105 52 1105 686 1105 686 1106 52 1106 665 1106 686 1107 665 1107 687 1107 687 1108 665 1108 666 1108 687 1109 666 1109 688 1109 688 1110 666 1110 667 1110 688 1111 667 1111 689 1111 689 1112 667 1112 668 1112 689 1113 668 1113 690 1113 690 1114 668 1114 669 1114 690 1115 669 1115 691 1115 691 1116 669 1116 670 1116 691 1117 670 1117 692 1117 692 1118 670 1118 671 1118 692 1119 671 1119 693 1119 693 1120 671 1120 672 1120 693 1121 672 1121 694 1121 694 1122 672 1122 673 1122 694 1123 673 1123 695 1123 695 1124 673 1124 674 1124 695 1125 674 1125 696 1125 696 1126 674 1126 675 1126 696 1127 675 1127 697 1127 697 1128 675 1128 676 1128 697 1129 676 1129 698 1129 698 1130 676 1130 677 1130 698 1131 677 1131 699 1131 699 1132 677 1132 678 1132 699 1133 678 1133 700 1133 700 1134 678 1134 679 1134 700 1135 679 1135 701 1135 701 1136 679 1136 680 1136 701 1137 680 1137 702 1137 702 1138 680 1138 681 1138 702 1139 681 1139 703 1139 703 1140 681 1140 682 1140 703 1141 682 1141 704 1141 704 1142 682 1142 683 1142 704 1143 683 1143 705 1143 705 1144 683 1144 684 1144 705 1145 684 1145 706 1145 706 1146 684 1146 685 1146 706 1147 685 1147 707 1147 707 1148 685 1148 237 1148 707 1149 237 1149 236 1149 56 1150 54 1150 708 1150 708 1151 54 1151 686 1151 708 1152 686 1152 709 1152 709 1153 686 1153 687 1153 709 1154 687 1154 710 1154 710 1155 687 1155 688 1155 710 1156 688 1156 711 1156 711 1157 688 1157 689 1157 711 1158 689 1158 712 1158 712 1159 689 1159 690 1159 712 1160 690 1160 713 1160 713 1161 690 1161 691 1161 713 1162 691 1162 714 1162 714 1163 691 1163 692 1163 714 1164 692 1164 715 1164 715 1165 692 1165 693 1165 715 1166 693 1166 716 1166 716 1167 693 1167 694 1167 716 1168 694 1168 717 1168 717 1169 694 1169 695 1169 717 1170 695 1170 718 1170 718 1171 695 1171 696 1171 718 1172 696 1172 719 1172 719 1173 696 1173 697 1173 719 1174 697 1174 720 1174 720 1175 697 1175 698 1175 720 1176 698 1176 721 1176 721 1177 698 1177 699 1177 721 1178 699 1178 722 1178 722 1179 699 1179 700 1179 722 1180 700 1180 723 1180 723 1181 700 1181 701 1181 723 1182 701 1182 724 1182 724 1183 701 1183 702 1183 724 1184 702 1184 725 1184 725 1185 702 1185 703 1185 725 1186 703 1186 726 1186 726 1187 703 1187 704 1187 726 1188 704 1188 727 1188 727 1189 704 1189 705 1189 727 1190 705 1190 728 1190 728 1191 705 1191 706 1191 728 1192 706 1192 729 1192 729 1193 706 1193 707 1193 729 1194 707 1194 235 1194 235 1195 707 1195 236 1195 58 1196 56 1196 730 1196 730 1197 56 1197 708 1197 730 1198 708 1198 731 1198 731 1199 708 1199 709 1199 731 1200 709 1200 732 1200 732 1201 709 1201 710 1201 732 1202 710 1202 733 1202 733 1203 710 1203 711 1203 733 1204 711 1204 734 1204 734 1205 711 1205 712 1205 734 1206 712 1206 735 1206 735 1207 712 1207 713 1207 735 1208 713 1208 736 1208 736 1209 713 1209 714 1209 736 1210 714 1210 737 1210 737 1211 714 1211 715 1211 737 1212 715 1212 738 1212 738 1213 715 1213 716 1213 738 1214 716 1214 739 1214 739 1215 716 1215 717 1215 739 1216 717 1216 740 1216 740 1217 717 1217 718 1217 740 1218 718 1218 741 1218 741 1219 718 1219 719 1219 741 1220 719 1220 742 1220 742 1221 719 1221 720 1221 742 1222 720 1222 743 1222 743 1223 720 1223 721 1223 743 1224 721 1224 744 1224 744 1225 721 1225 722 1225 744 1226 722 1226 745 1226 745 1227 722 1227 723 1227 745 1228 723 1228 746 1228 746 1229 723 1229 724 1229 746 1230 724 1230 747 1230 747 1231 724 1231 725 1231 747 1232 725 1232 748 1232 748 1233 725 1233 726 1233 748 1234 726 1234 749 1234 749 1235 726 1235 727 1235 749 1236 727 1236 750 1236 750 1237 727 1237 728 1237 750 1238 728 1238 751 1238 751 1239 728 1239 729 1239 751 1240 729 1240 257 1240 257 1241 729 1241 235 1241 60 1242 58 1242 303 1242 303 1243 58 1243 730 1243 303 1244 730 1244 301 1244 301 1245 730 1245 731 1245 301 1246 731 1246 299 1246 299 1247 731 1247 732 1247 299 1248 732 1248 297 1248 297 1249 732 1249 733 1249 297 1250 733 1250 295 1250 295 1251 733 1251 734 1251 295 1252 734 1252 293 1252 293 1253 734 1253 735 1253 293 1254 735 1254 291 1254 291 1255 735 1255 736 1255 291 1256 736 1256 289 1256 289 1257 736 1257 737 1257 289 1258 737 1258 287 1258 287 1259 737 1259 738 1259 287 1260 738 1260 285 1260 285 1261 738 1261 739 1261 285 1262 739 1262 283 1262 283 1263 739 1263 740 1263 283 1264 740 1264 281 1264 281 1265 740 1265 741 1265 281 1266 741 1266 279 1266 279 1267 741 1267 742 1267 279 1268 742 1268 277 1268 277 1269 742 1269 743 1269 277 1270 743 1270 275 1270 275 1271 743 1271 744 1271 275 1272 744 1272 273 1272 273 1273 744 1273 745 1273 273 1274 745 1274 271 1274 271 1275 745 1275 746 1275 271 1276 746 1276 269 1276 269 1277 746 1277 747 1277 269 1278 747 1278 267 1278 267 1279 747 1279 748 1279 267 1280 748 1280 265 1280 265 1281 748 1281 749 1281 265 1282 749 1282 263 1282 263 1283 749 1283 750 1283 263 1284 750 1284 261 1284 261 1285 750 1285 751 1285 261 1286 751 1286 259 1286 259 1287 751 1287 257 1287 64 1288 62 1288 752 1288 752 1289 62 1289 304 1289 752 1290 304 1290 753 1290 753 1291 304 1291 302 1291 753 1292 302 1292 754 1292 754 1293 302 1293 300 1293 754 1294 300 1294 755 1294 755 1295 300 1295 298 1295 755 1296 298 1296 756 1296 756 1297 298 1297 296 1297 756 1298 296 1298 757 1298 757 1299 296 1299 294 1299 757 1300 294 1300 375 1300 66 1301 64 1301 400 1301 400 1302 64 1302 752 1302 400 1303 752 1303 395 1303 395 1304 752 1304 753 1304 395 1305 753 1305 397 1305 397 1306 753 1306 754 1306 397 1307 754 1307 392 1307 392 1308 754 1308 755 1308 392 1309 755 1309 387 1309 387 1310 755 1310 756 1310 387 1311 756 1311 758 1311 758 1312 756 1312 757 1312 758 1313 757 1313 759 1313 759 1314 757 1314 375 1314 759 1315 375 1315 373 1315 506 1316 495 1316 496 1316 388 1317 387 1317 758 1317 508 1318 506 1318 496 1318 508 1319 496 1319 497 1319 389 1320 388 1320 758 1320 389 1321 758 1321 759 1321 510 1322 508 1322 497 1322 510 1323 497 1323 498 1323 374 1324 292 1324 290 1324 390 1325 389 1325 759 1325 390 1326 759 1326 373 1326 118 1327 139 1327 119 1327 119 1328 139 1328 760 1328 119 1329 760 1329 120 1329 120 1330 760 1330 761 1330 120 1331 761 1331 121 1331 121 1332 761 1332 762 1332 121 1333 762 1333 122 1333 122 1334 762 1334 763 1334 122 1335 763 1335 123 1335 123 1336 763 1336 764 1336 123 1337 764 1337 124 1337 124 1338 764 1338 765 1338 124 1339 765 1339 125 1339 125 1340 765 1340 766 1340 125 1341 766 1341 126 1341 126 1342 766 1342 767 1342 126 1343 767 1343 127 1343 127 1344 767 1344 768 1344 127 1345 768 1345 128 1345 128 1346 768 1346 769 1346 128 1347 769 1347 129 1347 129 1348 769 1348 224 1348 512 1349 510 1349 498 1349 512 1350 498 1350 499 1350 374 1351 290 1351 770 1351 770 1352 290 1352 288 1352 770 1353 288 1353 365 1353 371 1354 390 1354 373 1354 139 1355 141 1355 760 1355 760 1356 141 1356 771 1356 760 1357 771 1357 761 1357 761 1358 771 1358 772 1358 761 1359 772 1359 762 1359 762 1360 772 1360 773 1360 762 1361 773 1361 763 1361 763 1362 773 1362 774 1362 763 1363 774 1363 764 1363 764 1364 774 1364 775 1364 764 1365 775 1365 765 1365 765 1366 775 1366 776 1366 765 1367 776 1367 766 1367 766 1368 776 1368 777 1368 766 1369 777 1369 767 1369 767 1370 777 1370 778 1370 767 1371 778 1371 768 1371 768 1372 778 1372 779 1372 768 1373 779 1373 769 1373 769 1374 779 1374 780 1374 769 1375 780 1375 224 1375 224 1376 780 1376 222 1376 514 1377 512 1377 499 1377 514 1378 499 1378 249 1378 374 1379 770 1379 372 1379 372 1380 770 1380 781 1380 372 1381 781 1381 370 1381 370 1382 781 1382 782 1382 370 1383 782 1383 368 1383 368 1384 782 1384 366 1384 781 1385 770 1385 365 1385 141 1386 143 1386 771 1386 771 1387 143 1387 783 1387 771 1388 783 1388 772 1388 772 1389 783 1389 784 1389 772 1390 784 1390 773 1390 773 1391 784 1391 785 1391 773 1392 785 1392 774 1392 774 1393 785 1393 786 1393 774 1394 786 1394 775 1394 775 1395 786 1395 787 1395 775 1396 787 1396 776 1396 776 1397 787 1397 788 1397 776 1398 788 1398 777 1398 777 1399 788 1399 789 1399 777 1400 789 1400 778 1400 778 1401 789 1401 790 1401 778 1402 790 1402 779 1402 779 1403 790 1403 791 1403 779 1404 791 1404 780 1404 780 1405 791 1405 792 1405 780 1406 792 1406 222 1406 222 1407 792 1407 220 1407 248 1408 514 1408 249 1408 364 1409 286 1409 284 1409 782 1410 781 1410 363 1410 363 1411 781 1411 365 1411 143 1412 145 1412 783 1412 783 1413 145 1413 793 1413 783 1414 793 1414 784 1414 784 1415 793 1415 794 1415 784 1416 794 1416 785 1416 785 1417 794 1417 795 1417 785 1418 795 1418 786 1418 786 1419 795 1419 796 1419 786 1420 796 1420 787 1420 787 1421 796 1421 797 1421 787 1422 797 1422 788 1422 788 1423 797 1423 798 1423 788 1424 798 1424 789 1424 789 1425 798 1425 799 1425 789 1426 799 1426 790 1426 790 1427 799 1427 800 1427 790 1428 800 1428 791 1428 791 1429 800 1429 801 1429 791 1430 801 1430 792 1430 792 1431 801 1431 802 1431 792 1432 802 1432 220 1432 220 1433 802 1433 218 1433 364 1434 284 1434 803 1434 803 1435 284 1435 282 1435 803 1436 282 1436 357 1436 366 1437 782 1437 361 1437 361 1438 782 1438 363 1438 145 1439 147 1439 793 1439 793 1440 147 1440 804 1440 793 1441 804 1441 794 1441 794 1442 804 1442 805 1442 794 1443 805 1443 795 1443 795 1444 805 1444 806 1444 795 1445 806 1445 796 1445 796 1446 806 1446 807 1446 796 1447 807 1447 797 1447 797 1448 807 1448 808 1448 797 1449 808 1449 798 1449 798 1450 808 1450 809 1450 798 1451 809 1451 799 1451 799 1452 809 1452 810 1452 799 1453 810 1453 800 1453 800 1454 810 1454 811 1454 800 1455 811 1455 801 1455 801 1456 811 1456 812 1456 801 1457 812 1457 802 1457 802 1458 812 1458 813 1458 802 1459 813 1459 218 1459 218 1460 813 1460 216 1460 364 1461 803 1461 362 1461 362 1462 803 1462 814 1462 362 1463 814 1463 360 1463 360 1464 814 1464 358 1464 814 1465 803 1465 357 1465 147 1466 149 1466 804 1466 804 1467 149 1467 815 1467 804 1468 815 1468 805 1468 805 1469 815 1469 816 1469 805 1470 816 1470 806 1470 806 1471 816 1471 817 1471 806 1472 817 1472 807 1472 807 1473 817 1473 818 1473 807 1474 818 1474 808 1474 808 1475 818 1475 819 1475 808 1476 819 1476 809 1476 809 1477 819 1477 820 1477 809 1478 820 1478 810 1478 810 1479 820 1479 821 1479 810 1480 821 1480 811 1480 811 1481 821 1481 822 1481 811 1482 822 1482 812 1482 812 1483 822 1483 823 1483 812 1484 823 1484 813 1484 813 1485 823 1485 214 1485 813 1486 214 1486 216 1486 358 1487 814 1487 356 1487 356 1488 814 1488 357 1488 149 1489 151 1489 815 1489 815 1490 151 1490 824 1490 815 1491 824 1491 816 1491 816 1492 824 1492 825 1492 816 1493 825 1493 817 1493 817 1494 825 1494 826 1494 817 1495 826 1495 818 1495 818 1496 826 1496 827 1496 818 1497 827 1497 819 1497 819 1498 827 1498 828 1498 819 1499 828 1499 820 1499 820 1500 828 1500 829 1500 820 1501 829 1501 821 1501 821 1502 829 1502 830 1502 821 1503 830 1503 822 1503 822 1504 830 1504 831 1504 822 1505 831 1505 823 1505 823 1506 831 1506 205 1506 823 1507 205 1507 214 1507 353 1508 278 1508 276 1508 151 1509 153 1509 824 1509 824 1510 153 1510 213 1510 824 1511 213 1511 825 1511 825 1512 213 1512 212 1512 825 1513 212 1513 826 1513 826 1514 212 1514 211 1514 826 1515 211 1515 827 1515 827 1516 211 1516 210 1516 827 1517 210 1517 828 1517 828 1518 210 1518 209 1518 828 1519 209 1519 829 1519 829 1520 209 1520 208 1520 829 1521 208 1521 830 1521 830 1522 208 1522 207 1522 830 1523 207 1523 831 1523 831 1524 207 1524 206 1524 831 1525 206 1525 205 1525 350 1526 353 1526 276 1526 181 1527 832 1527 179 1527 179 1528 832 1528 174 1528 179 1529 174 1529 173 1529 174 1530 832 1530 175 1530 175 1531 832 1531 833 1531 175 1532 833 1532 176 1532 176 1533 833 1533 834 1533 176 1534 834 1534 177 1534 177 1535 834 1535 200 1535 832 1536 181 1536 835 1536 835 1537 181 1537 183 1537 835 1538 183 1538 185 1538 832 1539 835 1539 833 1539 833 1540 835 1540 836 1540 833 1541 836 1541 834 1541 834 1542 836 1542 197 1542 834 1543 197 1543 200 1543 836 1544 835 1544 185 1544 133 1545 132 1545 231 1545 836 1546 185 1546 187 1546 187 1547 197 1547 836 1547 133 1548 231 1548 232 1548 232 1549 231 1549 230 1549 232 1550 134 1550 133 1550 312 1551 319 1551 313 1551 448 1552 451 1552 428 1552 428 1553 451 1553 426 1553 837 1554 838 1554 839 1554 839 1555 838 1555 840 1555 839 1556 840 1556 841 1556 841 1557 840 1557 842 1557 841 1558 842 1558 843 1558 843 1559 842 1559 844 1559 843 1560 844 1560 845 1560 845 1561 844 1561 846 1561 845 1562 846 1562 847 1562 847 1563 846 1563 848 1563 847 1564 848 1564 849 1564 849 1565 848 1565 850 1565 849 1566 850 1566 851 1566 851 1567 850 1567 852 1567 851 1568 852 1568 853 1568 853 1569 852 1569 854 1569 853 1570 854 1570 855 1570 855 1571 854 1571 856 1571 855 1572 856 1572 857 1572 857 1573 856 1573 858 1573 857 1574 858 1574 859 1574 859 1575 858 1575 860 1575 859 1576 860 1576 861 1576 861 1577 860 1577 862 1577 861 1578 862 1578 863 1578 863 1579 862 1579 864 1579 863 1580 864 1580 865 1580 865 1581 864 1581 866 1581 865 1582 866 1582 867 1582 867 1583 866 1583 868 1583 867 1584 868 1584 869 1584 869 1585 868 1585 870 1585 869 1586 870 1586 871 1586 871 1587 870 1587 872 1587 871 1588 872 1588 873 1588 873 1589 872 1589 874 1589 873 1590 874 1590 875 1590 875 1591 874 1591 876 1591 875 1592 876 1592 877 1592 877 1593 876 1593 878 1593 877 1594 878 1594 879 1594 879 1595 878 1595 880 1595 879 1596 880 1596 881 1596 881 1597 880 1597 882 1597 881 1598 882 1598 883 1598 883 1599 882 1599 884 1599 883 1600 884 1600 837 1600 837 1601 884 1601 838 1601 862 1602 842 1602 864 1602 864 1603 842 1603 840 1603 864 1604 840 1604 866 1604 866 1605 840 1605 838 1605 866 1606 838 1606 868 1606 868 1607 838 1607 884 1607 868 1608 884 1608 870 1608 870 1609 884 1609 882 1609 870 1610 882 1610 872 1610 872 1611 882 1611 880 1611 872 1612 880 1612 874 1612 874 1613 880 1613 878 1613 874 1614 878 1614 876 1614 842 1615 862 1615 844 1615 844 1616 862 1616 860 1616 844 1617 860 1617 846 1617 846 1618 860 1618 858 1618 846 1619 858 1619 848 1619 848 1620 858 1620 856 1620 848 1621 856 1621 850 1621 850 1622 856 1622 854 1622 850 1623 854 1623 852 1623 885 1624 332 1624 886 1624 886 1625 332 1625 331 1625 886 1626 331 1626 887 1626 885 1627 888 1627 332 1627 332 1628 888 1628 334 1628 334 1629 888 1629 889 1629 334 1630 889 1630 336 1630 336 1631 889 1631 337 1631 337 1632 889 1632 890 1632 337 1633 890 1633 339 1633 339 1634 890 1634 891 1634 339 1635 891 1635 340 1635 887 1636 892 1636 886 1636 886 1637 892 1637 893 1637 886 1638 893 1638 894 1638 894 1639 893 1639 895 1639 894 1640 895 1640 896 1640 896 1641 895 1641 897 1641 896 1642 897 1642 898 1642 898 1643 897 1643 899 1643 898 1644 899 1644 900 1644 900 1645 899 1645 901 1645 900 1646 901 1646 902 1646 902 1647 901 1647 903 1647 902 1648 903 1648 904 1648 904 1649 903 1649 905 1649 904 1650 905 1650 906 1650 906 1651 905 1651 907 1651 906 1652 907 1652 908 1652 908 1653 907 1653 909 1653 908 1654 909 1654 910 1654 910 1655 909 1655 911 1655 910 1656 911 1656 912 1656 912 1657 911 1657 913 1657 912 1658 913 1658 914 1658 914 1659 913 1659 915 1659 914 1660 915 1660 916 1660 916 1661 915 1661 917 1661 916 1662 917 1662 918 1662 918 1663 917 1663 919 1663 919 1664 917 1664 920 1664 919 1665 920 1665 921 1665 921 1666 920 1666 922 1666 921 1667 922 1667 923 1667 923 1668 922 1668 924 1668 923 1669 924 1669 925 1669 925 1670 924 1670 926 1670 925 1671 926 1671 927 1671 927 1672 926 1672 928 1672 927 1673 928 1673 929 1673 929 1674 928 1674 930 1674 929 1675 930 1675 931 1675 931 1676 930 1676 932 1676 931 1677 932 1677 933 1677 933 1678 932 1678 934 1678 933 1679 934 1679 935 1679 935 1680 934 1680 936 1680 935 1681 936 1681 937 1681 937 1682 936 1682 938 1682 937 1683 938 1683 939 1683 939 1684 938 1684 940 1684 939 1685 940 1685 941 1685 941 1686 940 1686 942 1686 941 1687 942 1687 943 1687 943 1688 942 1688 944 1688 943 1689 944 1689 945 1689 945 1690 944 1690 946 1690 945 1691 946 1691 947 1691 947 1692 946 1692 948 1692 948 1693 946 1693 949 1693 948 1694 949 1694 950 1694 950 1695 949 1695 951 1695 950 1696 951 1696 952 1696 952 1697 951 1697 953 1697 953 1698 951 1698 954 1698 953 1699 954 1699 955 1699 955 1700 954 1700 956 1700 955 1701 956 1701 957 1701 957 1702 956 1702 958 1702 957 1703 958 1703 959 1703 959 1704 958 1704 960 1704 960 1705 958 1705 961 1705 960 1706 961 1706 962 1706 962 1707 961 1707 893 1707 962 1708 893 1708 892 1708 947 1709 963 1709 945 1709 945 1710 963 1710 964 1710 945 1711 964 1711 965 1711 965 1712 964 1712 966 1712 965 1713 966 1713 967 1713 967 1714 966 1714 968 1714 967 1715 968 1715 969 1715 967 1716 969 1716 970 1716 970 1717 969 1717 202 1717 970 1718 202 1718 201 1718 970 1719 201 1719 971 1719 971 1720 201 1720 199 1720 971 1721 199 1721 198 1721 971 1722 198 1722 972 1722 972 1723 198 1723 189 1723 972 1724 189 1724 973 1724 973 1725 189 1725 188 1725 973 1726 188 1726 192 1726 973 1727 192 1727 974 1727 974 1728 192 1728 195 1728 974 1729 195 1729 975 1729 975 1730 195 1730 194 1730 975 1731 194 1731 976 1731 976 1732 194 1732 977 1732 976 1733 977 1733 978 1733 978 1734 977 1734 979 1734 978 1735 979 1735 980 1735 980 1736 979 1736 981 1736 980 1737 981 1737 982 1737 982 1738 981 1738 983 1738 982 1739 983 1739 984 1739 984 1740 983 1740 985 1740 984 1741 985 1741 986 1741 986 1742 985 1742 987 1742 986 1743 987 1743 988 1743 988 1744 987 1744 941 1744 988 1745 941 1745 943 1745 196 1746 927 1746 194 1746 194 1747 927 1747 989 1747 194 1748 989 1748 977 1748 977 1749 989 1749 979 1749 990 1750 991 1750 927 1750 927 1751 991 1751 992 1751 927 1752 992 1752 925 1752 990 1753 993 1753 991 1753 991 1754 993 1754 994 1754 994 1755 993 1755 995 1755 994 1756 995 1756 996 1756 996 1757 995 1757 997 1757 996 1758 997 1758 998 1758 999 1759 1000 1759 998 1759 998 1760 1000 1760 1001 1760 998 1761 1001 1761 996 1761 1002 1762 1003 1762 999 1762 999 1763 1003 1763 1004 1763 999 1764 1004 1764 1000 1764 1000 1765 1004 1765 1001 1765 1002 1766 1005 1766 1003 1766 1003 1767 1005 1767 1006 1767 1003 1768 1006 1768 1007 1768 1003 1769 1007 1769 1008 1769 1008 1770 1007 1770 1009 1770 1008 1771 1009 1771 1010 1771 1010 1772 1011 1772 1008 1772 1008 1773 1011 1773 1012 1773 1008 1774 1012 1774 1013 1774 1008 1775 1013 1775 1014 1775 1014 1776 1013 1776 886 1776 1014 1777 886 1777 1015 1777 1015 1778 886 1778 1016 1778 1015 1779 1016 1779 1017 1779 1017 1780 1016 1780 1018 1780 1017 1781 1018 1781 1019 1781 1019 1782 1018 1782 1020 1782 1019 1783 1020 1783 1021 1783 1021 1784 1020 1784 1022 1784 1021 1785 1022 1785 1023 1785 1023 1786 1022 1786 1024 1786 1023 1787 1024 1787 1025 1787 1025 1788 1024 1788 1026 1788 1025 1789 1026 1789 1027 1789 1027 1790 1026 1790 1028 1790 1027 1791 1028 1791 1029 1791 1029 1792 1028 1792 908 1792 1029 1793 908 1793 910 1793 1004 1794 1003 1794 1030 1794 1030 1795 1003 1795 1008 1795 1030 1796 1008 1796 1031 1796 1031 1797 1008 1797 1014 1797 1031 1798 1014 1798 1032 1798 1032 1799 1014 1799 1033 1799 1032 1800 1033 1800 1034 1800 1034 1801 1033 1801 1035 1801 1034 1802 1035 1802 1036 1802 1036 1803 1035 1803 1037 1803 1036 1804 1037 1804 1038 1804 1038 1805 1037 1805 1039 1805 1038 1806 1039 1806 1040 1806 1040 1807 1039 1807 1041 1807 1040 1808 1041 1808 1042 1808 1042 1809 1041 1809 1043 1809 1042 1810 1043 1810 1044 1810 1044 1811 1043 1811 1045 1811 1044 1812 1045 1812 1046 1812 1046 1813 1045 1813 1047 1813 1046 1814 1047 1814 1048 1814 1048 1815 1047 1815 912 1815 1048 1816 912 1816 914 1816 918 1817 1049 1817 916 1817 916 1818 1049 1818 1050 1818 916 1819 1050 1819 914 1819 914 1820 1050 1820 1048 1820 1049 1821 1051 1821 1050 1821 1050 1822 1051 1822 1052 1822 1050 1823 1052 1823 1048 1823 1048 1824 1052 1824 1046 1824 1051 1825 1053 1825 1052 1825 1052 1826 1053 1826 1054 1826 1052 1827 1054 1827 1046 1827 1046 1828 1054 1828 1044 1828 1053 1829 1055 1829 1054 1829 1054 1830 1055 1830 1056 1830 1054 1831 1056 1831 1044 1831 1044 1832 1056 1832 1042 1832 1055 1833 1057 1833 1056 1833 1056 1834 1057 1834 1058 1834 1056 1835 1058 1835 1042 1835 1042 1836 1058 1836 1040 1836 1057 1837 1059 1837 1058 1837 1058 1838 1059 1838 1060 1838 1058 1839 1060 1839 1040 1839 1040 1840 1060 1840 1038 1840 894 1841 1061 1841 886 1841 886 1842 1061 1842 1062 1842 886 1843 1062 1843 1063 1843 1063 1844 1062 1844 1064 1844 1063 1845 1064 1845 1065 1845 1065 1846 1064 1846 1066 1846 1065 1847 1066 1847 1067 1847 1067 1848 1066 1848 1068 1848 1067 1849 1068 1849 1069 1849 1069 1850 1068 1850 1070 1850 1069 1851 1070 1851 1024 1851 1024 1852 1070 1852 1026 1852 894 1853 896 1853 1061 1853 1061 1854 896 1854 1071 1854 1061 1855 1071 1855 1062 1855 1062 1856 1071 1856 1064 1856 1063 1857 1072 1857 886 1857 886 1858 1072 1858 1073 1858 886 1859 1073 1859 1074 1859 1074 1860 1073 1860 1075 1860 1074 1861 1075 1861 1018 1861 1018 1862 1075 1862 1020 1862 1063 1863 1065 1863 1072 1863 1072 1864 1065 1864 1076 1864 1072 1865 1076 1865 1073 1865 1073 1866 1076 1866 1075 1866 1016 1867 886 1867 1074 1867 1018 1868 1016 1868 1074 1868 1033 1869 1014 1869 1015 1869 1033 1870 1015 1870 1017 1870 893 1871 961 1871 895 1871 895 1872 961 1872 1077 1872 895 1873 1077 1873 897 1873 897 1874 1077 1874 1078 1874 897 1875 1078 1875 899 1875 899 1876 1078 1876 1079 1876 899 1877 1079 1877 901 1877 901 1878 1079 1878 1080 1878 901 1879 1080 1879 903 1879 903 1880 1080 1880 1081 1880 903 1881 1081 1881 905 1881 905 1882 1081 1882 1082 1882 905 1883 1082 1883 907 1883 907 1884 1082 1884 1083 1884 907 1885 1083 1885 909 1885 909 1886 1083 1886 1084 1886 909 1887 1084 1887 911 1887 911 1888 1084 1888 1085 1888 911 1889 1085 1889 913 1889 913 1890 1085 1890 1086 1890 913 1891 1086 1891 915 1891 915 1892 1086 1892 1087 1892 915 1893 1087 1893 917 1893 917 1894 1087 1894 920 1894 896 1895 898 1895 1071 1895 1071 1896 898 1896 1088 1896 1071 1897 1088 1897 1064 1897 1064 1898 1088 1898 1066 1898 1065 1899 1067 1899 1076 1899 1076 1900 1067 1900 1089 1900 1076 1901 1089 1901 1075 1901 1075 1902 1089 1902 1020 1902 1035 1903 1033 1903 1017 1903 1035 1904 1017 1904 1019 1904 961 1905 958 1905 1077 1905 1077 1906 958 1906 1090 1906 1077 1907 1090 1907 1078 1907 1078 1908 1090 1908 1091 1908 1078 1909 1091 1909 1079 1909 1079 1910 1091 1910 1092 1910 1079 1911 1092 1911 1080 1911 1080 1912 1092 1912 1093 1912 1080 1913 1093 1913 1081 1913 1081 1914 1093 1914 1094 1914 1081 1915 1094 1915 1082 1915 1082 1916 1094 1916 1095 1916 1082 1917 1095 1917 1083 1917 1083 1918 1095 1918 1096 1918 1083 1919 1096 1919 1084 1919 1084 1920 1096 1920 1097 1920 1084 1921 1097 1921 1085 1921 1085 1922 1097 1922 1098 1922 1085 1923 1098 1923 1086 1923 1086 1924 1098 1924 1099 1924 1086 1925 1099 1925 1087 1925 1087 1926 1099 1926 1100 1926 1087 1927 1100 1927 920 1927 920 1928 1100 1928 922 1928 898 1929 900 1929 1088 1929 1088 1930 900 1930 1101 1930 1088 1931 1101 1931 1066 1931 1066 1932 1101 1932 1068 1932 1022 1933 1020 1933 1089 1933 1022 1934 1089 1934 1069 1934 1069 1935 1089 1935 1067 1935 1037 1936 1035 1936 1019 1936 1037 1937 1019 1937 1021 1937 958 1938 956 1938 1090 1938 1090 1939 956 1939 1102 1939 1090 1940 1102 1940 1091 1940 1091 1941 1102 1941 1103 1941 1091 1942 1103 1942 1092 1942 1092 1943 1103 1943 1104 1943 1092 1944 1104 1944 1093 1944 1093 1945 1104 1945 1105 1945 1093 1946 1105 1946 1094 1946 1094 1947 1105 1947 1106 1947 1094 1948 1106 1948 1095 1948 1095 1949 1106 1949 1107 1949 1095 1950 1107 1950 1096 1950 1096 1951 1107 1951 1108 1951 1096 1952 1108 1952 1097 1952 1097 1953 1108 1953 1109 1953 1097 1954 1109 1954 1098 1954 1098 1955 1109 1955 1110 1955 1098 1956 1110 1956 1099 1956 1099 1957 1110 1957 1111 1957 1099 1958 1111 1958 1100 1958 1100 1959 1111 1959 1112 1959 1100 1960 1112 1960 922 1960 922 1961 1112 1961 924 1961 900 1962 902 1962 1101 1962 1101 1963 902 1963 1113 1963 1101 1964 1113 1964 1068 1964 1068 1965 1113 1965 1070 1965 1024 1966 1022 1966 1069 1966 1039 1967 1037 1967 1021 1967 1039 1968 1021 1968 1023 1968 956 1969 954 1969 1102 1969 1102 1970 954 1970 951 1970 1102 1971 951 1971 1103 1971 1103 1972 951 1972 949 1972 1103 1973 949 1973 1104 1973 1104 1974 949 1974 1114 1974 1104 1975 1114 1975 1105 1975 1105 1976 1114 1976 1115 1976 1105 1977 1115 1977 1106 1977 1106 1978 1115 1978 1116 1978 1106 1979 1116 1979 1107 1979 1107 1980 1116 1980 1117 1980 1107 1981 1117 1981 1108 1981 1108 1982 1117 1982 1118 1982 1108 1983 1118 1983 1109 1983 1109 1984 1118 1984 1119 1984 1109 1985 1119 1985 1110 1985 1110 1986 1119 1986 1120 1986 1110 1987 1120 1987 1111 1987 1111 1988 1120 1988 1121 1988 1111 1989 1121 1989 1112 1989 1112 1990 1121 1990 1122 1990 1112 1991 1122 1991 924 1991 924 1992 1122 1992 926 1992 902 1993 904 1993 1113 1993 1113 1994 904 1994 1123 1994 1113 1995 1123 1995 1070 1995 1070 1996 1123 1996 1026 1996 1041 1997 1039 1997 1023 1997 1041 1998 1023 1998 1025 1998 1028 1999 1026 1999 1123 1999 1028 2000 1123 2000 906 2000 906 2001 1123 2001 904 2001 1043 2002 1041 2002 1025 2002 1043 2003 1025 2003 1027 2003 908 2004 1028 2004 906 2004 1045 2005 1043 2005 1027 2005 1045 2006 1027 2006 1029 2006 949 2007 946 2007 1114 2007 1114 2008 946 2008 944 2008 1114 2009 944 2009 1115 2009 1115 2010 944 2010 942 2010 1115 2011 942 2011 1116 2011 1116 2012 942 2012 940 2012 1116 2013 940 2013 1117 2013 1117 2014 940 2014 938 2014 1117 2015 938 2015 1118 2015 1118 2016 938 2016 936 2016 1118 2017 936 2017 1119 2017 1119 2018 936 2018 934 2018 1119 2019 934 2019 1120 2019 1120 2020 934 2020 932 2020 1120 2021 932 2021 1121 2021 1121 2022 932 2022 930 2022 1121 2023 930 2023 1122 2023 1122 2024 930 2024 928 2024 1122 2025 928 2025 926 2025 1047 2026 1045 2026 1029 2026 1047 2027 1029 2027 910 2027 912 2028 1047 2028 910 2028 988 2029 943 2029 965 2029 965 2030 943 2030 945 2030 986 2031 988 2031 967 2031 967 2032 988 2032 965 2032 939 2033 941 2033 987 2033 984 2034 986 2034 970 2034 970 2035 986 2035 967 2035 939 2036 987 2036 1124 2036 1124 2037 987 2037 985 2037 1124 2038 985 2038 1125 2038 1125 2039 985 2039 983 2039 1125 2040 983 2040 1126 2040 1126 2041 983 2041 981 2041 1126 2042 981 2042 1127 2042 1127 2043 981 2043 979 2043 1127 2044 979 2044 989 2044 982 2045 984 2045 971 2045 971 2046 984 2046 970 2046 939 2047 1124 2047 937 2047 937 2048 1124 2048 1128 2048 937 2049 1128 2049 935 2049 935 2050 1128 2050 1129 2050 935 2051 1129 2051 933 2051 933 2052 1129 2052 1130 2052 933 2053 1130 2053 931 2053 931 2054 1130 2054 1131 2054 931 2055 1131 2055 929 2055 929 2056 1131 2056 927 2056 1128 2057 1124 2057 1125 2057 980 2058 982 2058 972 2058 972 2059 982 2059 971 2059 1128 2060 1125 2060 1132 2060 1132 2061 1125 2061 1126 2061 1132 2062 1126 2062 1133 2062 1133 2063 1126 2063 1127 2063 1133 2064 1127 2064 1134 2064 1134 2065 1127 2065 989 2065 1134 2066 989 2066 927 2066 978 2067 980 2067 973 2067 973 2068 980 2068 972 2068 1128 2069 1132 2069 1129 2069 1129 2070 1132 2070 1135 2070 1129 2071 1135 2071 1130 2071 1130 2072 1135 2072 1136 2072 1130 2073 1136 2073 1131 2073 1131 2074 1136 2074 927 2074 1135 2075 1132 2075 1133 2075 976 2076 978 2076 974 2076 974 2077 978 2077 973 2077 975 2078 976 2078 974 2078 1135 2079 1133 2079 1137 2079 1137 2080 1133 2080 1134 2080 1137 2081 1134 2081 927 2081 927 2082 1136 2082 1137 2082 1137 2083 1136 2083 1135 2083 1031 2084 1051 2084 1030 2084 1030 2085 1051 2085 1049 2085 1030 2086 1049 2086 1004 2086 1004 2087 1049 2087 918 2087 1004 2088 918 2088 1001 2088 1001 2089 918 2089 919 2089 1001 2090 919 2090 996 2090 996 2091 919 2091 921 2091 996 2092 921 2092 994 2092 994 2093 921 2093 923 2093 994 2094 923 2094 991 2094 991 2095 923 2095 925 2095 991 2096 925 2096 992 2096 1051 2097 1031 2097 1053 2097 1053 2098 1031 2098 1032 2098 1053 2099 1032 2099 1055 2099 1055 2100 1032 2100 1034 2100 1055 2101 1034 2101 1057 2101 1057 2102 1034 2102 1036 2102 1057 2103 1036 2103 1059 2103 1059 2104 1036 2104 1038 2104 1059 2105 1038 2105 1060 2105 203 2106 202 2106 1138 2106 1138 2107 202 2107 969 2107 1138 2108 969 2108 968 2108 968 2109 966 2109 1138 2109 1138 2110 966 2110 1139 2110 1138 2111 1139 2111 1140 2111 1140 2112 1139 2112 1141 2112 1140 2113 1141 2113 1142 2113 1142 2114 1141 2114 1143 2114 1142 2115 1143 2115 1144 2115 1144 2116 1143 2116 1145 2116 1144 2117 1145 2117 1146 2117 1146 2118 1145 2118 1147 2118 1146 2119 1147 2119 1148 2119 1148 2120 1147 2120 1149 2120 1148 2121 1149 2121 1150 2121 1150 2122 1149 2122 1151 2122 1150 2123 1151 2123 1152 2123 1152 2124 1151 2124 1153 2124 1152 2125 1153 2125 1154 2125 1154 2126 1153 2126 1155 2126 1154 2127 1155 2127 1156 2127 1156 2128 1155 2128 1157 2128 1156 2129 1157 2129 1158 2129 1158 2130 1157 2130 1159 2130 1158 2131 1159 2131 1160 2131 1160 2132 1159 2132 1161 2132 1160 2133 1161 2133 1162 2133 1162 2134 1161 2134 1163 2134 1162 2135 1163 2135 1164 2135 1164 2136 1163 2136 1165 2136 1164 2137 1165 2137 1166 2137 1166 2138 1165 2138 1167 2138 1166 2139 1167 2139 1168 2139 1168 2140 1167 2140 1169 2140 1168 2141 1169 2141 1170 2141 1170 2142 1169 2142 1171 2142 1170 2143 1171 2143 881 2143 881 2144 1171 2144 1172 2144 881 2145 1172 2145 879 2145 879 2146 1172 2146 1173 2146 879 2147 1173 2147 877 2147 877 2148 1173 2148 1174 2148 877 2149 1174 2149 1175 2149 1175 2150 1174 2150 1176 2150 1175 2151 1176 2151 1177 2151 1177 2152 1176 2152 1178 2152 1177 2153 1178 2153 1179 2153 1179 2154 1178 2154 1180 2154 1179 2155 1180 2155 1181 2155 1181 2156 1180 2156 1182 2156 1181 2157 1182 2157 1183 2157 1183 2158 1182 2158 1184 2158 1183 2159 1184 2159 1185 2159 1185 2160 1184 2160 1186 2160 1185 2161 1186 2161 1187 2161 1187 2162 1186 2162 1188 2162 1187 2163 1188 2163 1189 2163 1189 2164 1188 2164 1190 2164 1189 2165 1190 2165 1191 2165 1191 2166 1190 2166 1192 2166 1191 2167 1192 2167 1193 2167 1193 2168 1192 2168 1194 2168 1194 2169 1192 2169 1195 2169 1194 2170 1195 2170 1196 2170 1196 2171 1195 2171 1197 2171 1196 2172 1197 2172 1198 2172 1198 2173 1197 2173 1199 2173 1198 2174 1199 2174 1200 2174 1200 2175 1199 2175 1201 2175 1200 2176 1201 2176 1202 2176 1202 2177 1201 2177 1203 2177 1202 2178 1203 2178 1204 2178 1204 2179 1203 2179 1205 2179 1204 2180 1205 2180 1206 2180 1206 2181 1205 2181 1207 2181 1206 2182 1207 2182 321 2182 321 2183 1207 2183 323 2183 323 2184 1207 2184 1208 2184 323 2185 1208 2185 333 2185 333 2186 1208 2186 1209 2186 333 2187 1209 2187 887 2187 887 2188 1209 2188 892 2188 892 2189 1209 2189 1210 2189 892 2190 1210 2190 962 2190 962 2191 1210 2191 960 2191 960 2192 1210 2192 959 2192 959 2193 1210 2193 1211 2193 959 2194 1211 2194 957 2194 957 2195 1211 2195 1212 2195 957 2196 1212 2196 955 2196 955 2197 1212 2197 1213 2197 955 2198 1213 2198 953 2198 953 2199 1213 2199 1214 2199 953 2200 1214 2200 952 2200 952 2201 1214 2201 1215 2201 952 2202 1215 2202 950 2202 950 2203 1215 2203 1216 2203 950 2204 1216 2204 948 2204 948 2205 1216 2205 1217 2205 948 2206 1217 2206 947 2206 947 2207 1217 2207 963 2207 963 2208 1217 2208 1218 2208 963 2209 1218 2209 964 2209 964 2210 1218 2210 1139 2210 964 2211 1139 2211 966 2211 887 2212 331 2212 333 2212 1219 2213 863 2213 1220 2213 1220 2214 863 2214 865 2214 1220 2215 865 2215 1221 2215 1221 2216 865 2216 867 2216 1221 2217 867 2217 1222 2217 1222 2218 867 2218 869 2218 1222 2219 869 2219 1223 2219 1223 2220 869 2220 871 2220 1223 2221 871 2221 1224 2221 1224 2222 871 2222 1225 2222 1224 2223 1225 2223 1226 2223 1226 2224 1225 2224 1227 2224 1226 2225 1227 2225 1228 2225 1228 2226 1227 2226 1229 2226 1228 2227 1229 2227 1230 2227 1230 2228 1229 2228 1181 2228 1230 2229 1181 2229 1183 2229 871 2230 873 2230 1225 2230 1225 2231 873 2231 1231 2231 1225 2232 1231 2232 1227 2232 1227 2233 1231 2233 1232 2233 1227 2234 1232 2234 1229 2234 1229 2235 1232 2235 1179 2235 1229 2236 1179 2236 1181 2236 873 2237 875 2237 1231 2237 1231 2238 875 2238 1233 2238 1231 2239 1233 2239 1232 2239 1232 2240 1233 2240 1177 2240 1232 2241 1177 2241 1179 2241 1233 2242 875 2242 1175 2242 1175 2243 875 2243 877 2243 881 2244 883 2244 1170 2244 1170 2245 883 2245 1234 2245 1170 2246 1234 2246 1168 2246 1168 2247 1234 2247 1235 2247 1168 2248 1235 2248 1166 2248 1166 2249 1235 2249 1236 2249 1166 2250 1236 2250 1164 2250 1164 2251 1236 2251 1237 2251 1164 2252 1237 2252 1162 2252 1162 2253 1237 2253 1238 2253 1162 2254 1238 2254 1160 2254 1160 2255 1238 2255 1239 2255 1160 2256 1239 2256 1158 2256 1158 2257 1239 2257 1240 2257 1158 2258 1240 2258 1156 2258 1156 2259 1240 2259 1241 2259 1156 2260 1241 2260 1154 2260 1154 2261 1241 2261 1242 2261 1154 2262 1242 2262 1152 2262 1152 2263 1242 2263 1243 2263 1152 2264 1243 2264 1150 2264 1150 2265 1243 2265 1244 2265 1150 2266 1244 2266 1148 2266 1148 2267 1244 2267 1245 2267 1148 2268 1245 2268 1146 2268 1146 2269 1245 2269 1246 2269 1146 2270 1246 2270 1144 2270 1144 2271 1246 2271 1247 2271 1144 2272 1247 2272 1142 2272 1142 2273 1247 2273 1248 2273 1142 2274 1248 2274 1140 2274 1140 2275 1248 2275 1249 2275 1140 2276 1249 2276 1138 2276 1138 2277 1249 2277 1250 2277 1138 2278 1250 2278 203 2278 203 2279 1250 2279 1251 2279 203 2280 1251 2280 170 2280 170 2281 1251 2281 1252 2281 170 2282 1252 2282 171 2282 171 2283 1252 2283 1253 2283 171 2284 1253 2284 1254 2284 1254 2285 1253 2285 1255 2285 1254 2286 1255 2286 1256 2286 1256 2287 1255 2287 1257 2287 1256 2288 1257 2288 1258 2288 1258 2289 1257 2289 1259 2289 1258 2290 1259 2290 1260 2290 1260 2291 1259 2291 1261 2291 1260 2292 1261 2292 1262 2292 1262 2293 1261 2293 1263 2293 1262 2294 1263 2294 1264 2294 1264 2295 1263 2295 1265 2295 1264 2296 1265 2296 1266 2296 1266 2297 1265 2297 1267 2297 1266 2298 1267 2298 1268 2298 1268 2299 1267 2299 1269 2299 1268 2300 1269 2300 1270 2300 1270 2301 1269 2301 1271 2301 1270 2302 1271 2302 1272 2302 1272 2303 1271 2303 1273 2303 1272 2304 1273 2304 1274 2304 1274 2305 1273 2305 1275 2305 1274 2306 1275 2306 1276 2306 1276 2307 1275 2307 1277 2307 1276 2308 1277 2308 1278 2308 1278 2309 1277 2309 1279 2309 1278 2310 1279 2310 1280 2310 1280 2311 1279 2311 1281 2311 1280 2312 1281 2312 1282 2312 1282 2313 1281 2313 1283 2313 1282 2314 1283 2314 1284 2314 1284 2315 1283 2315 1285 2315 1284 2316 1285 2316 1286 2316 1286 2317 1285 2317 861 2317 1286 2318 861 2318 1287 2318 1287 2319 861 2319 863 2319 1287 2320 863 2320 1219 2320 883 2321 837 2321 1234 2321 1234 2322 837 2322 1288 2322 1234 2323 1288 2323 1235 2323 1235 2324 1288 2324 1289 2324 1235 2325 1289 2325 1236 2325 1236 2326 1289 2326 1290 2326 1236 2327 1290 2327 1237 2327 1237 2328 1290 2328 1291 2328 1237 2329 1291 2329 1238 2329 1238 2330 1291 2330 1292 2330 1238 2331 1292 2331 1239 2331 1239 2332 1292 2332 1293 2332 1239 2333 1293 2333 1240 2333 1240 2334 1293 2334 1294 2334 1240 2335 1294 2335 1241 2335 1241 2336 1294 2336 1295 2336 1241 2337 1295 2337 1242 2337 1242 2338 1295 2338 1296 2338 1242 2339 1296 2339 1243 2339 1243 2340 1296 2340 1297 2340 1243 2341 1297 2341 1244 2341 1244 2342 1297 2342 1298 2342 1244 2343 1298 2343 1245 2343 1245 2344 1298 2344 1299 2344 1245 2345 1299 2345 1246 2345 1246 2346 1299 2346 1300 2346 1246 2347 1300 2347 1247 2347 1247 2348 1300 2348 1301 2348 1247 2349 1301 2349 1248 2349 1248 2350 1301 2350 1302 2350 1248 2351 1302 2351 1249 2351 1249 2352 1302 2352 1303 2352 1249 2353 1303 2353 1250 2353 1250 2354 1303 2354 1251 2354 1288 2355 837 2355 1304 2355 1304 2356 837 2356 839 2356 1304 2357 839 2357 1305 2357 1305 2358 839 2358 1306 2358 1305 2359 1306 2359 1307 2359 1307 2360 1306 2360 1308 2360 1307 2361 1308 2361 1309 2361 1309 2362 1308 2362 1310 2362 1309 2363 1310 2363 1311 2363 1311 2364 1310 2364 1312 2364 1311 2365 1312 2365 1313 2365 1313 2366 1312 2366 1314 2366 1313 2367 1314 2367 1315 2367 1315 2368 1314 2368 1316 2368 1315 2369 1316 2369 1317 2369 1317 2370 1316 2370 1318 2370 1317 2371 1318 2371 1319 2371 1319 2372 1318 2372 1320 2372 1319 2373 1320 2373 1321 2373 1321 2374 1320 2374 1322 2374 1321 2375 1322 2375 1323 2375 1323 2376 1322 2376 1324 2376 1323 2377 1324 2377 1325 2377 1325 2378 1324 2378 1326 2378 1325 2379 1326 2379 1327 2379 1327 2380 1326 2380 1328 2380 1327 2381 1328 2381 1329 2381 1329 2382 1328 2382 1330 2382 1329 2383 1330 2383 1331 2383 1331 2384 1330 2384 1332 2384 1331 2385 1332 2385 1333 2385 1333 2386 1332 2386 1334 2386 1333 2387 1334 2387 1335 2387 1335 2388 1334 2388 1255 2388 1335 2389 1255 2389 1253 2389 839 2390 841 2390 1306 2390 1306 2391 841 2391 1336 2391 1306 2392 1336 2392 1308 2392 1308 2393 1336 2393 1337 2393 1308 2394 1337 2394 1310 2394 1310 2395 1337 2395 1338 2395 1310 2396 1338 2396 1312 2396 1312 2397 1338 2397 1339 2397 1312 2398 1339 2398 1314 2398 1314 2399 1339 2399 1340 2399 1314 2400 1340 2400 1316 2400 1316 2401 1340 2401 1341 2401 1316 2402 1341 2402 1318 2402 1318 2403 1341 2403 1342 2403 1318 2404 1342 2404 1320 2404 1320 2405 1342 2405 1343 2405 1320 2406 1343 2406 1322 2406 1322 2407 1343 2407 1344 2407 1322 2408 1344 2408 1324 2408 1324 2409 1344 2409 1345 2409 1324 2410 1345 2410 1326 2410 1326 2411 1345 2411 1346 2411 1326 2412 1346 2412 1328 2412 1328 2413 1346 2413 1347 2413 1328 2414 1347 2414 1330 2414 1330 2415 1347 2415 1348 2415 1330 2416 1348 2416 1332 2416 1332 2417 1348 2417 1349 2417 1332 2418 1349 2418 1334 2418 1334 2419 1349 2419 1257 2419 1334 2420 1257 2420 1255 2420 841 2421 843 2421 1336 2421 1336 2422 843 2422 1350 2422 1336 2423 1350 2423 1337 2423 1337 2424 1350 2424 1351 2424 1337 2425 1351 2425 1338 2425 1338 2426 1351 2426 1352 2426 1338 2427 1352 2427 1339 2427 1339 2428 1352 2428 1353 2428 1339 2429 1353 2429 1340 2429 1340 2430 1353 2430 1354 2430 1340 2431 1354 2431 1341 2431 1341 2432 1354 2432 1355 2432 1341 2433 1355 2433 1342 2433 1342 2434 1355 2434 1356 2434 1342 2435 1356 2435 1343 2435 1343 2436 1356 2436 1357 2436 1343 2437 1357 2437 1344 2437 1344 2438 1357 2438 1358 2438 1344 2439 1358 2439 1345 2439 1345 2440 1358 2440 1359 2440 1345 2441 1359 2441 1346 2441 1346 2442 1359 2442 1360 2442 1346 2443 1360 2443 1347 2443 1347 2444 1360 2444 1361 2444 1347 2445 1361 2445 1348 2445 1348 2446 1361 2446 1362 2446 1348 2447 1362 2447 1349 2447 1349 2448 1362 2448 1259 2448 1349 2449 1259 2449 1257 2449 1350 2450 843 2450 1363 2450 1363 2451 843 2451 845 2451 1363 2452 845 2452 1364 2452 1364 2453 845 2453 847 2453 1364 2454 847 2454 1365 2454 1365 2455 847 2455 1366 2455 1365 2456 1366 2456 1367 2456 1367 2457 1366 2457 1368 2457 1367 2458 1368 2458 1369 2458 1369 2459 1368 2459 1370 2459 1369 2460 1370 2460 1371 2460 1371 2461 1370 2461 1372 2461 1371 2462 1372 2462 1373 2462 1373 2463 1372 2463 1374 2463 1373 2464 1374 2464 1375 2464 1375 2465 1374 2465 1376 2465 1375 2466 1376 2466 1377 2466 1377 2467 1376 2467 1378 2467 1377 2468 1378 2468 1379 2468 1379 2469 1378 2469 1380 2469 1379 2470 1380 2470 1381 2470 1381 2471 1380 2471 1382 2471 1381 2472 1382 2472 1383 2472 1383 2473 1382 2473 1267 2473 1383 2474 1267 2474 1265 2474 847 2475 849 2475 1366 2475 1366 2476 849 2476 1384 2476 1366 2477 1384 2477 1368 2477 1368 2478 1384 2478 1385 2478 1368 2479 1385 2479 1370 2479 1370 2480 1385 2480 1386 2480 1370 2481 1386 2481 1372 2481 1372 2482 1386 2482 1387 2482 1372 2483 1387 2483 1374 2483 1374 2484 1387 2484 1388 2484 1374 2485 1388 2485 1376 2485 1376 2486 1388 2486 1389 2486 1376 2487 1389 2487 1378 2487 1378 2488 1389 2488 1390 2488 1378 2489 1390 2489 1380 2489 1380 2490 1390 2490 1391 2490 1380 2491 1391 2491 1382 2491 1382 2492 1391 2492 1269 2492 1382 2493 1269 2493 1267 2493 1384 2494 849 2494 1392 2494 1392 2495 849 2495 851 2495 1392 2496 851 2496 1393 2496 1393 2497 851 2497 853 2497 1393 2498 853 2498 1394 2498 1394 2499 853 2499 1395 2499 1394 2500 1395 2500 1396 2500 1396 2501 1395 2501 1397 2501 1396 2502 1397 2502 1398 2502 1398 2503 1397 2503 1399 2503 1398 2504 1399 2504 1400 2504 1400 2505 1399 2505 1401 2505 1400 2506 1401 2506 1402 2506 1402 2507 1401 2507 1277 2507 1402 2508 1277 2508 1275 2508 853 2509 855 2509 1395 2509 1395 2510 855 2510 1403 2510 1395 2511 1403 2511 1397 2511 1397 2512 1403 2512 1404 2512 1397 2513 1404 2513 1399 2513 1399 2514 1404 2514 1405 2514 1399 2515 1405 2515 1401 2515 1401 2516 1405 2516 1279 2516 1401 2517 1279 2517 1277 2517 855 2518 857 2518 1403 2518 1403 2519 857 2519 1406 2519 1403 2520 1406 2520 1404 2520 1404 2521 1406 2521 1407 2521 1404 2522 1407 2522 1405 2522 1405 2523 1407 2523 1281 2523 1405 2524 1281 2524 1279 2524 1406 2525 857 2525 1408 2525 1408 2526 857 2526 859 2526 1408 2527 859 2527 1285 2527 1285 2528 859 2528 861 2528 1206 2529 321 2529 1409 2529 1409 2530 321 2530 311 2530 1409 2531 311 2531 1410 2531 1410 2532 311 2532 305 2532 1410 2533 305 2533 1411 2533 1411 2534 305 2534 1412 2534 1411 2535 1412 2535 1413 2535 1413 2536 1412 2536 1414 2536 1413 2537 1414 2537 1415 2537 1415 2538 1414 2538 1416 2538 1415 2539 1416 2539 1417 2539 1417 2540 1416 2540 1418 2540 1417 2541 1418 2541 1419 2541 1419 2542 1418 2542 1420 2542 1419 2543 1420 2543 1421 2543 1421 2544 1420 2544 1422 2544 1421 2545 1422 2545 1423 2545 1423 2546 1422 2546 1424 2546 1423 2547 1424 2547 1425 2547 1425 2548 1424 2548 1426 2548 1425 2549 1426 2549 1427 2549 1427 2550 1426 2550 1428 2550 1427 2551 1428 2551 1429 2551 1429 2552 1428 2552 1430 2552 1429 2553 1430 2553 1431 2553 1431 2554 1430 2554 1432 2554 1431 2555 1432 2555 1433 2555 1433 2556 1432 2556 1434 2556 1433 2557 1434 2557 1435 2557 1435 2558 1434 2558 1436 2558 1435 2559 1436 2559 1437 2559 1437 2560 1436 2560 1438 2560 1437 2561 1438 2561 1439 2561 1439 2562 1438 2562 1282 2562 1439 2563 1282 2563 1284 2563 305 2564 258 2564 1412 2564 1412 2565 258 2565 1440 2565 1412 2566 1440 2566 1414 2566 1414 2567 1440 2567 1441 2567 1414 2568 1441 2568 1416 2568 1416 2569 1441 2569 1442 2569 1416 2570 1442 2570 1418 2570 1418 2571 1442 2571 1443 2571 1418 2572 1443 2572 1420 2572 1420 2573 1443 2573 1444 2573 1420 2574 1444 2574 1422 2574 1422 2575 1444 2575 1445 2575 1422 2576 1445 2576 1424 2576 1424 2577 1445 2577 1446 2577 1424 2578 1446 2578 1426 2578 1426 2579 1446 2579 1447 2579 1426 2580 1447 2580 1428 2580 1428 2581 1447 2581 1448 2581 1428 2582 1448 2582 1430 2582 1430 2583 1448 2583 1449 2583 1430 2584 1449 2584 1432 2584 1432 2585 1449 2585 1450 2585 1432 2586 1450 2586 1434 2586 1434 2587 1450 2587 1451 2587 1434 2588 1451 2588 1436 2588 1436 2589 1451 2589 1452 2589 1436 2590 1452 2590 1438 2590 1438 2591 1452 2591 1280 2591 1438 2592 1280 2592 1282 2592 1440 2593 258 2593 1453 2593 1453 2594 258 2594 234 2594 1453 2595 234 2595 1454 2595 1454 2596 234 2596 114 2596 1454 2597 114 2597 1455 2597 1455 2598 114 2598 1456 2598 1455 2599 1456 2599 1457 2599 1457 2600 1456 2600 1458 2600 1457 2601 1458 2601 1459 2601 1459 2602 1458 2602 1460 2602 1459 2603 1460 2603 1461 2603 1461 2604 1460 2604 1462 2604 1461 2605 1462 2605 1463 2605 1463 2606 1462 2606 1464 2606 1463 2607 1464 2607 1465 2607 1465 2608 1464 2608 1466 2608 1465 2609 1466 2609 1467 2609 1467 2610 1466 2610 1468 2610 1467 2611 1468 2611 1469 2611 1469 2612 1468 2612 1470 2612 1469 2613 1470 2613 1471 2613 1471 2614 1470 2614 1472 2614 1471 2615 1472 2615 1473 2615 1473 2616 1472 2616 1272 2616 1473 2617 1272 2617 1274 2617 114 2618 113 2618 1456 2618 1456 2619 113 2619 1474 2619 1456 2620 1474 2620 1458 2620 1458 2621 1474 2621 1475 2621 1458 2622 1475 2622 1460 2622 1460 2623 1475 2623 1476 2623 1460 2624 1476 2624 1462 2624 1462 2625 1476 2625 1477 2625 1462 2626 1477 2626 1464 2626 1464 2627 1477 2627 1478 2627 1464 2628 1478 2628 1466 2628 1466 2629 1478 2629 1479 2629 1466 2630 1479 2630 1468 2630 1468 2631 1479 2631 1480 2631 1468 2632 1480 2632 1470 2632 1470 2633 1480 2633 1481 2633 1470 2634 1481 2634 1472 2634 1472 2635 1481 2635 1270 2635 1472 2636 1270 2636 1272 2636 113 2637 233 2637 1474 2637 1474 2638 233 2638 1482 2638 1474 2639 1482 2639 1475 2639 1475 2640 1482 2640 1483 2640 1475 2641 1483 2641 1476 2641 1476 2642 1483 2642 1484 2642 1476 2643 1484 2643 1477 2643 1477 2644 1484 2644 1485 2644 1477 2645 1485 2645 1478 2645 1478 2646 1485 2646 1486 2646 1478 2647 1486 2647 1479 2647 1479 2648 1486 2648 1487 2648 1479 2649 1487 2649 1480 2649 1480 2650 1487 2650 1488 2650 1480 2651 1488 2651 1481 2651 1481 2652 1488 2652 1268 2652 1481 2653 1268 2653 1270 2653 1482 2654 233 2654 1489 2654 1489 2655 233 2655 229 2655 1489 2656 229 2656 1490 2656 1490 2657 229 2657 225 2657 1490 2658 225 2658 1491 2658 1491 2659 225 2659 1492 2659 1491 2660 1492 2660 1493 2660 1493 2661 1492 2661 1494 2661 1493 2662 1494 2662 1495 2662 1495 2663 1494 2663 1496 2663 1495 2664 1496 2664 1497 2664 1497 2665 1496 2665 1260 2665 1497 2666 1260 2666 1262 2666 225 2667 215 2667 1492 2667 1492 2668 215 2668 1498 2668 1492 2669 1498 2669 1494 2669 1494 2670 1498 2670 1499 2670 1494 2671 1499 2671 1496 2671 1496 2672 1499 2672 1258 2672 1496 2673 1258 2673 1260 2673 1498 2674 215 2674 1500 2674 1500 2675 215 2675 204 2675 1500 2676 204 2676 1254 2676 1254 2677 204 2677 171 2677 1193 2678 1501 2678 1191 2678 1191 2679 1501 2679 1502 2679 1191 2680 1502 2680 1189 2680 1189 2681 1502 2681 1503 2681 1189 2682 1503 2682 1187 2682 1187 2683 1503 2683 1504 2683 1187 2684 1504 2684 1185 2684 1185 2685 1504 2685 1505 2685 1185 2686 1505 2686 1183 2686 1183 2687 1505 2687 1230 2687 1501 2688 1506 2688 1502 2688 1502 2689 1506 2689 1507 2689 1502 2690 1507 2690 1503 2690 1503 2691 1507 2691 1508 2691 1503 2692 1508 2692 1504 2692 1504 2693 1508 2693 1509 2693 1504 2694 1509 2694 1505 2694 1505 2695 1509 2695 1510 2695 1505 2696 1510 2696 1230 2696 1230 2697 1510 2697 1228 2697 1506 2698 1511 2698 1507 2698 1507 2699 1511 2699 1512 2699 1507 2700 1512 2700 1508 2700 1508 2701 1512 2701 1513 2701 1508 2702 1513 2702 1509 2702 1509 2703 1513 2703 1514 2703 1509 2704 1514 2704 1510 2704 1510 2705 1514 2705 1515 2705 1510 2706 1515 2706 1228 2706 1228 2707 1515 2707 1226 2707 1511 2708 1516 2708 1512 2708 1512 2709 1516 2709 1517 2709 1512 2710 1517 2710 1513 2710 1513 2711 1517 2711 1518 2711 1513 2712 1518 2712 1514 2712 1514 2713 1518 2713 1519 2713 1514 2714 1519 2714 1515 2714 1515 2715 1519 2715 1520 2715 1515 2716 1520 2716 1226 2716 1226 2717 1520 2717 1224 2717 1516 2718 1521 2718 1517 2718 1517 2719 1521 2719 1522 2719 1517 2720 1522 2720 1518 2720 1518 2721 1522 2721 1523 2721 1518 2722 1523 2722 1519 2722 1519 2723 1523 2723 1524 2723 1519 2724 1524 2724 1520 2724 1520 2725 1524 2725 1223 2725 1520 2726 1223 2726 1224 2726 1521 2727 1525 2727 1522 2727 1522 2728 1525 2728 1526 2728 1522 2729 1526 2729 1523 2729 1523 2730 1526 2730 1527 2730 1523 2731 1527 2731 1524 2731 1524 2732 1527 2732 1222 2732 1524 2733 1222 2733 1223 2733 1525 2734 1528 2734 1526 2734 1526 2735 1528 2735 1529 2735 1526 2736 1529 2736 1527 2736 1527 2737 1529 2737 1221 2737 1527 2738 1221 2738 1222 2738 1528 2739 1530 2739 1529 2739 1529 2740 1530 2740 1220 2740 1529 2741 1220 2741 1221 2741 1530 2742 1219 2742 1220 2742 1287 2743 1219 2743 1531 2743 1531 2744 1219 2744 1530 2744 1531 2745 1530 2745 1532 2745 1532 2746 1530 2746 1528 2746 1532 2747 1528 2747 1533 2747 1533 2748 1528 2748 1525 2748 1533 2749 1525 2749 1534 2749 1534 2750 1525 2750 1521 2750 1534 2751 1521 2751 1535 2751 1535 2752 1521 2752 1516 2752 1535 2753 1516 2753 1536 2753 1536 2754 1516 2754 1511 2754 1536 2755 1511 2755 1537 2755 1537 2756 1511 2756 1506 2756 1537 2757 1506 2757 1538 2757 1538 2758 1506 2758 1501 2758 1538 2759 1501 2759 1539 2759 1539 2760 1501 2760 1193 2760 1539 2761 1193 2761 1540 2761 1540 2762 1193 2762 1194 2762 1540 2763 1194 2763 1541 2763 1541 2764 1194 2764 1196 2764 1541 2765 1196 2765 1542 2765 1542 2766 1196 2766 1198 2766 1542 2767 1198 2767 1543 2767 1543 2768 1198 2768 1200 2768 1543 2769 1200 2769 1544 2769 1544 2770 1200 2770 1202 2770 1544 2771 1202 2771 1545 2771 1545 2772 1202 2772 1204 2772 1545 2773 1204 2773 1409 2773 1409 2774 1204 2774 1206 2774 1208 2775 1207 2775 1546 2775 1546 2776 1207 2776 1205 2776 1546 2777 1205 2777 1547 2777 1547 2778 1205 2778 1203 2778 1547 2779 1203 2779 1548 2779 1548 2780 1203 2780 1201 2780 1548 2781 1201 2781 1549 2781 1549 2782 1201 2782 1199 2782 1549 2783 1199 2783 1550 2783 1550 2784 1199 2784 1197 2784 1550 2785 1197 2785 1551 2785 1551 2786 1197 2786 1195 2786 1551 2787 1195 2787 1552 2787 1552 2788 1195 2788 1192 2788 1552 2789 1192 2789 1190 2789 1209 2790 1208 2790 1553 2790 1553 2791 1208 2791 1546 2791 1553 2792 1546 2792 1554 2792 1554 2793 1546 2793 1547 2793 1554 2794 1547 2794 1555 2794 1555 2795 1547 2795 1548 2795 1555 2796 1548 2796 1556 2796 1556 2797 1548 2797 1549 2797 1556 2798 1549 2798 1557 2798 1557 2799 1549 2799 1550 2799 1557 2800 1550 2800 1558 2800 1558 2801 1550 2801 1551 2801 1558 2802 1551 2802 1559 2802 1559 2803 1551 2803 1552 2803 1559 2804 1552 2804 1560 2804 1560 2805 1552 2805 1190 2805 1560 2806 1190 2806 1188 2806 1210 2807 1209 2807 1561 2807 1561 2808 1209 2808 1553 2808 1561 2809 1553 2809 1562 2809 1562 2810 1553 2810 1554 2810 1562 2811 1554 2811 1563 2811 1563 2812 1554 2812 1555 2812 1563 2813 1555 2813 1564 2813 1564 2814 1555 2814 1556 2814 1564 2815 1556 2815 1565 2815 1565 2816 1556 2816 1557 2816 1565 2817 1557 2817 1566 2817 1566 2818 1557 2818 1558 2818 1566 2819 1558 2819 1567 2819 1567 2820 1558 2820 1559 2820 1567 2821 1559 2821 1568 2821 1568 2822 1559 2822 1560 2822 1568 2823 1560 2823 1569 2823 1569 2824 1560 2824 1188 2824 1569 2825 1188 2825 1186 2825 1211 2826 1210 2826 1570 2826 1570 2827 1210 2827 1561 2827 1570 2828 1561 2828 1571 2828 1571 2829 1561 2829 1562 2829 1571 2830 1562 2830 1572 2830 1572 2831 1562 2831 1563 2831 1572 2832 1563 2832 1573 2832 1573 2833 1563 2833 1564 2833 1573 2834 1564 2834 1574 2834 1574 2835 1564 2835 1565 2835 1574 2836 1565 2836 1575 2836 1575 2837 1565 2837 1566 2837 1575 2838 1566 2838 1576 2838 1576 2839 1566 2839 1567 2839 1576 2840 1567 2840 1577 2840 1577 2841 1567 2841 1568 2841 1577 2842 1568 2842 1578 2842 1578 2843 1568 2843 1569 2843 1578 2844 1569 2844 1579 2844 1579 2845 1569 2845 1186 2845 1579 2846 1186 2846 1184 2846 1212 2847 1211 2847 1580 2847 1580 2848 1211 2848 1570 2848 1580 2849 1570 2849 1581 2849 1581 2850 1570 2850 1571 2850 1581 2851 1571 2851 1582 2851 1582 2852 1571 2852 1572 2852 1582 2853 1572 2853 1583 2853 1583 2854 1572 2854 1573 2854 1583 2855 1573 2855 1584 2855 1584 2856 1573 2856 1574 2856 1584 2857 1574 2857 1585 2857 1585 2858 1574 2858 1575 2858 1585 2859 1575 2859 1586 2859 1586 2860 1575 2860 1576 2860 1586 2861 1576 2861 1587 2861 1587 2862 1576 2862 1577 2862 1587 2863 1577 2863 1588 2863 1588 2864 1577 2864 1578 2864 1588 2865 1578 2865 1589 2865 1589 2866 1578 2866 1579 2866 1589 2867 1579 2867 1590 2867 1590 2868 1579 2868 1184 2868 1590 2869 1184 2869 1182 2869 1213 2870 1212 2870 1591 2870 1591 2871 1212 2871 1580 2871 1591 2872 1580 2872 1592 2872 1592 2873 1580 2873 1581 2873 1592 2874 1581 2874 1593 2874 1593 2875 1581 2875 1582 2875 1593 2876 1582 2876 1594 2876 1594 2877 1582 2877 1583 2877 1594 2878 1583 2878 1595 2878 1595 2879 1583 2879 1584 2879 1595 2880 1584 2880 1596 2880 1596 2881 1584 2881 1585 2881 1596 2882 1585 2882 1597 2882 1597 2883 1585 2883 1586 2883 1597 2884 1586 2884 1598 2884 1598 2885 1586 2885 1587 2885 1598 2886 1587 2886 1599 2886 1599 2887 1587 2887 1588 2887 1599 2888 1588 2888 1600 2888 1600 2889 1588 2889 1589 2889 1600 2890 1589 2890 1601 2890 1601 2891 1589 2891 1590 2891 1601 2892 1590 2892 1602 2892 1602 2893 1590 2893 1182 2893 1602 2894 1182 2894 1180 2894 1214 2895 1213 2895 1603 2895 1603 2896 1213 2896 1591 2896 1603 2897 1591 2897 1604 2897 1604 2898 1591 2898 1592 2898 1604 2899 1592 2899 1605 2899 1605 2900 1592 2900 1593 2900 1605 2901 1593 2901 1606 2901 1606 2902 1593 2902 1594 2902 1606 2903 1594 2903 1607 2903 1607 2904 1594 2904 1595 2904 1607 2905 1595 2905 1608 2905 1608 2906 1595 2906 1596 2906 1608 2907 1596 2907 1609 2907 1609 2908 1596 2908 1597 2908 1609 2909 1597 2909 1610 2909 1610 2910 1597 2910 1598 2910 1610 2911 1598 2911 1611 2911 1611 2912 1598 2912 1599 2912 1611 2913 1599 2913 1612 2913 1612 2914 1599 2914 1600 2914 1612 2915 1600 2915 1613 2915 1613 2916 1600 2916 1601 2916 1613 2917 1601 2917 1614 2917 1614 2918 1601 2918 1602 2918 1614 2919 1602 2919 1615 2919 1615 2920 1602 2920 1180 2920 1615 2921 1180 2921 1178 2921 1215 2922 1214 2922 1616 2922 1616 2923 1214 2923 1603 2923 1616 2924 1603 2924 1617 2924 1617 2925 1603 2925 1604 2925 1617 2926 1604 2926 1618 2926 1618 2927 1604 2927 1605 2927 1618 2928 1605 2928 1619 2928 1619 2929 1605 2929 1606 2929 1619 2930 1606 2930 1620 2930 1620 2931 1606 2931 1607 2931 1620 2932 1607 2932 1621 2932 1621 2933 1607 2933 1608 2933 1621 2934 1608 2934 1622 2934 1622 2935 1608 2935 1609 2935 1622 2936 1609 2936 1623 2936 1623 2937 1609 2937 1610 2937 1623 2938 1610 2938 1624 2938 1624 2939 1610 2939 1611 2939 1624 2940 1611 2940 1625 2940 1625 2941 1611 2941 1612 2941 1625 2942 1612 2942 1626 2942 1626 2943 1612 2943 1613 2943 1626 2944 1613 2944 1627 2944 1627 2945 1613 2945 1614 2945 1627 2946 1614 2946 1628 2946 1628 2947 1614 2947 1615 2947 1628 2948 1615 2948 1629 2948 1629 2949 1615 2949 1178 2949 1629 2950 1178 2950 1176 2950 1216 2951 1215 2951 1630 2951 1630 2952 1215 2952 1616 2952 1630 2953 1616 2953 1631 2953 1631 2954 1616 2954 1617 2954 1631 2955 1617 2955 1632 2955 1632 2956 1617 2956 1618 2956 1632 2957 1618 2957 1633 2957 1633 2958 1618 2958 1619 2958 1633 2959 1619 2959 1634 2959 1634 2960 1619 2960 1620 2960 1634 2961 1620 2961 1635 2961 1635 2962 1620 2962 1621 2962 1635 2963 1621 2963 1636 2963 1636 2964 1621 2964 1622 2964 1636 2965 1622 2965 1637 2965 1637 2966 1622 2966 1623 2966 1637 2967 1623 2967 1638 2967 1638 2968 1623 2968 1624 2968 1638 2969 1624 2969 1639 2969 1639 2970 1624 2970 1625 2970 1639 2971 1625 2971 1640 2971 1640 2972 1625 2972 1626 2972 1640 2973 1626 2973 1641 2973 1641 2974 1626 2974 1627 2974 1641 2975 1627 2975 1642 2975 1642 2976 1627 2976 1628 2976 1642 2977 1628 2977 1643 2977 1643 2978 1628 2978 1629 2978 1643 2979 1629 2979 1644 2979 1644 2980 1629 2980 1176 2980 1644 2981 1176 2981 1174 2981 1217 2982 1216 2982 1645 2982 1645 2983 1216 2983 1630 2983 1645 2984 1630 2984 1646 2984 1646 2985 1630 2985 1631 2985 1646 2986 1631 2986 1647 2986 1647 2987 1631 2987 1632 2987 1647 2988 1632 2988 1648 2988 1648 2989 1632 2989 1633 2989 1648 2990 1633 2990 1649 2990 1649 2991 1633 2991 1634 2991 1649 2992 1634 2992 1650 2992 1650 2993 1634 2993 1635 2993 1650 2994 1635 2994 1651 2994 1651 2995 1635 2995 1636 2995 1651 2996 1636 2996 1652 2996 1652 2997 1636 2997 1637 2997 1652 2998 1637 2998 1653 2998 1653 2999 1637 2999 1638 2999 1653 3000 1638 3000 1654 3000 1654 3001 1638 3001 1639 3001 1654 3002 1639 3002 1655 3002 1655 3003 1639 3003 1640 3003 1655 3004 1640 3004 1656 3004 1656 3005 1640 3005 1641 3005 1656 3006 1641 3006 1657 3006 1657 3007 1641 3007 1642 3007 1657 3008 1642 3008 1658 3008 1658 3009 1642 3009 1643 3009 1658 3010 1643 3010 1659 3010 1659 3011 1643 3011 1644 3011 1659 3012 1644 3012 1173 3012 1173 3013 1644 3013 1174 3013 1141 3014 1139 3014 1218 3014 1218 3015 1217 3015 1660 3015 1660 3016 1217 3016 1645 3016 1660 3017 1645 3017 1661 3017 1661 3018 1645 3018 1646 3018 1661 3019 1646 3019 1662 3019 1662 3020 1646 3020 1647 3020 1662 3021 1647 3021 1663 3021 1663 3022 1647 3022 1648 3022 1663 3023 1648 3023 1664 3023 1664 3024 1648 3024 1649 3024 1664 3025 1649 3025 1665 3025 1665 3026 1649 3026 1650 3026 1665 3027 1650 3027 1666 3027 1666 3028 1650 3028 1651 3028 1666 3029 1651 3029 1667 3029 1667 3030 1651 3030 1652 3030 1667 3031 1652 3031 1668 3031 1668 3032 1652 3032 1653 3032 1668 3033 1653 3033 1669 3033 1669 3034 1653 3034 1654 3034 1669 3035 1654 3035 1670 3035 1670 3036 1654 3036 1655 3036 1670 3037 1655 3037 1671 3037 1671 3038 1655 3038 1656 3038 1671 3039 1656 3039 1672 3039 1672 3040 1656 3040 1657 3040 1672 3041 1657 3041 1673 3041 1673 3042 1657 3042 1658 3042 1673 3043 1658 3043 1674 3043 1674 3044 1658 3044 1659 3044 1674 3045 1659 3045 1172 3045 1172 3046 1659 3046 1173 3046 1335 3047 1253 3047 1252 3047 1252 3048 1251 3048 1675 3048 1675 3049 1251 3049 1303 3049 1675 3050 1303 3050 1676 3050 1676 3051 1303 3051 1302 3051 1676 3052 1302 3052 1677 3052 1677 3053 1302 3053 1301 3053 1677 3054 1301 3054 1678 3054 1678 3055 1301 3055 1300 3055 1678 3056 1300 3056 1679 3056 1679 3057 1300 3057 1299 3057 1679 3058 1299 3058 1680 3058 1680 3059 1299 3059 1298 3059 1680 3060 1298 3060 1681 3060 1681 3061 1298 3061 1297 3061 1681 3062 1297 3062 1682 3062 1682 3063 1297 3063 1296 3063 1682 3064 1296 3064 1683 3064 1683 3065 1296 3065 1295 3065 1683 3066 1295 3066 1684 3066 1684 3067 1295 3067 1294 3067 1684 3068 1294 3068 1685 3068 1685 3069 1294 3069 1293 3069 1685 3070 1293 3070 1686 3070 1686 3071 1293 3071 1292 3071 1686 3072 1292 3072 1687 3072 1687 3073 1292 3073 1291 3073 1687 3074 1291 3074 1688 3074 1688 3075 1291 3075 1290 3075 1688 3076 1290 3076 1689 3076 1689 3077 1290 3077 1289 3077 1689 3078 1289 3078 1304 3078 1304 3079 1289 3079 1288 3079 1499 3080 1498 3080 1500 3080 1499 3081 1500 3081 1256 3081 1256 3082 1500 3082 1254 3082 1490 3083 1491 3083 1690 3083 1690 3084 1491 3084 1493 3084 1690 3085 1493 3085 1691 3085 1691 3086 1493 3086 1495 3086 1691 3087 1495 3087 1692 3087 1692 3088 1495 3088 1497 3088 1692 3089 1497 3089 1693 3089 1693 3090 1497 3090 1262 3090 1693 3091 1262 3091 1264 3091 1483 3092 1482 3092 1489 3092 1489 3093 1490 3093 1694 3093 1694 3094 1490 3094 1690 3094 1694 3095 1690 3095 1695 3095 1695 3096 1690 3096 1691 3096 1695 3097 1691 3097 1696 3097 1696 3098 1691 3098 1692 3098 1696 3099 1692 3099 1697 3099 1697 3100 1692 3100 1693 3100 1697 3101 1693 3101 1698 3101 1698 3102 1693 3102 1264 3102 1698 3103 1264 3103 1266 3103 1454 3104 1455 3104 1699 3104 1699 3105 1455 3105 1457 3105 1699 3106 1457 3106 1700 3106 1700 3107 1457 3107 1459 3107 1700 3108 1459 3108 1701 3108 1701 3109 1459 3109 1461 3109 1701 3110 1461 3110 1702 3110 1702 3111 1461 3111 1463 3111 1702 3112 1463 3112 1703 3112 1703 3113 1463 3113 1465 3113 1703 3114 1465 3114 1704 3114 1704 3115 1465 3115 1467 3115 1704 3116 1467 3116 1705 3116 1705 3117 1467 3117 1469 3117 1705 3118 1469 3118 1706 3118 1706 3119 1469 3119 1471 3119 1706 3120 1471 3120 1707 3120 1707 3121 1471 3121 1473 3121 1707 3122 1473 3122 1708 3122 1708 3123 1473 3123 1274 3123 1708 3124 1274 3124 1276 3124 1441 3125 1440 3125 1453 3125 1453 3126 1454 3126 1709 3126 1709 3127 1454 3127 1699 3127 1709 3128 1699 3128 1710 3128 1710 3129 1699 3129 1700 3129 1710 3130 1700 3130 1711 3130 1711 3131 1700 3131 1701 3131 1711 3132 1701 3132 1712 3132 1712 3133 1701 3133 1702 3133 1712 3134 1702 3134 1713 3134 1713 3135 1702 3135 1703 3135 1713 3136 1703 3136 1714 3136 1714 3137 1703 3137 1704 3137 1714 3138 1704 3138 1715 3138 1715 3139 1704 3139 1705 3139 1715 3140 1705 3140 1716 3140 1716 3141 1705 3141 1706 3141 1716 3142 1706 3142 1717 3142 1717 3143 1706 3143 1707 3143 1717 3144 1707 3144 1718 3144 1718 3145 1707 3145 1708 3145 1718 3146 1708 3146 1719 3146 1719 3147 1708 3147 1276 3147 1719 3148 1276 3148 1278 3148 1545 3149 1409 3149 1410 3149 1410 3150 1411 3150 1720 3150 1720 3151 1411 3151 1413 3151 1720 3152 1413 3152 1721 3152 1721 3153 1413 3153 1415 3153 1721 3154 1415 3154 1722 3154 1722 3155 1415 3155 1417 3155 1722 3156 1417 3156 1723 3156 1723 3157 1417 3157 1419 3157 1723 3158 1419 3158 1724 3158 1724 3159 1419 3159 1421 3159 1724 3160 1421 3160 1725 3160 1725 3161 1421 3161 1423 3161 1725 3162 1423 3162 1726 3162 1726 3163 1423 3163 1425 3163 1726 3164 1425 3164 1727 3164 1727 3165 1425 3165 1427 3165 1727 3166 1427 3166 1728 3166 1728 3167 1427 3167 1429 3167 1728 3168 1429 3168 1729 3168 1729 3169 1429 3169 1431 3169 1729 3170 1431 3170 1730 3170 1730 3171 1431 3171 1433 3171 1730 3172 1433 3172 1731 3172 1731 3173 1433 3173 1435 3173 1731 3174 1435 3174 1732 3174 1732 3175 1435 3175 1437 3175 1732 3176 1437 3176 1733 3176 1733 3177 1437 3177 1439 3177 1733 3178 1439 3178 1734 3178 1734 3179 1439 3179 1284 3179 1734 3180 1284 3180 1286 3180 1734 3181 1286 3181 1287 3181 1734 3182 1287 3182 1531 3182 1407 3183 1406 3183 1408 3183 1407 3184 1408 3184 1283 3184 1283 3185 1408 3185 1285 3185 1393 3186 1394 3186 1735 3186 1735 3187 1394 3187 1396 3187 1735 3188 1396 3188 1736 3188 1736 3189 1396 3189 1398 3189 1736 3190 1398 3190 1737 3190 1737 3191 1398 3191 1400 3191 1737 3192 1400 3192 1738 3192 1738 3193 1400 3193 1402 3193 1738 3194 1402 3194 1739 3194 1739 3195 1402 3195 1275 3195 1739 3196 1275 3196 1273 3196 1385 3197 1384 3197 1392 3197 1392 3198 1393 3198 1740 3198 1740 3199 1393 3199 1735 3199 1740 3200 1735 3200 1741 3200 1741 3201 1735 3201 1736 3201 1741 3202 1736 3202 1742 3202 1742 3203 1736 3203 1737 3203 1742 3204 1737 3204 1743 3204 1743 3205 1737 3205 1738 3205 1743 3206 1738 3206 1744 3206 1744 3207 1738 3207 1739 3207 1744 3208 1739 3208 1745 3208 1745 3209 1739 3209 1273 3209 1745 3210 1273 3210 1271 3210 1364 3211 1365 3211 1746 3211 1746 3212 1365 3212 1367 3212 1746 3213 1367 3213 1747 3213 1747 3214 1367 3214 1369 3214 1747 3215 1369 3215 1748 3215 1748 3216 1369 3216 1371 3216 1748 3217 1371 3217 1749 3217 1749 3218 1371 3218 1373 3218 1749 3219 1373 3219 1750 3219 1750 3220 1373 3220 1375 3220 1750 3221 1375 3221 1751 3221 1751 3222 1375 3222 1377 3222 1751 3223 1377 3223 1752 3223 1752 3224 1377 3224 1379 3224 1752 3225 1379 3225 1753 3225 1753 3226 1379 3226 1381 3226 1753 3227 1381 3227 1754 3227 1754 3228 1381 3228 1383 3228 1754 3229 1383 3229 1755 3229 1755 3230 1383 3230 1265 3230 1755 3231 1265 3231 1263 3231 1351 3232 1350 3232 1363 3232 1363 3233 1364 3233 1756 3233 1756 3234 1364 3234 1746 3234 1756 3235 1746 3235 1757 3235 1757 3236 1746 3236 1747 3236 1757 3237 1747 3237 1758 3237 1758 3238 1747 3238 1748 3238 1758 3239 1748 3239 1759 3239 1759 3240 1748 3240 1749 3240 1759 3241 1749 3241 1760 3241 1760 3242 1749 3242 1750 3242 1760 3243 1750 3243 1761 3243 1761 3244 1750 3244 1751 3244 1761 3245 1751 3245 1762 3245 1762 3246 1751 3246 1752 3246 1762 3247 1752 3247 1763 3247 1763 3248 1752 3248 1753 3248 1763 3249 1753 3249 1764 3249 1764 3250 1753 3250 1754 3250 1764 3251 1754 3251 1765 3251 1765 3252 1754 3252 1755 3252 1765 3253 1755 3253 1766 3253 1766 3254 1755 3254 1263 3254 1766 3255 1263 3255 1261 3255 1689 3256 1304 3256 1305 3256 1689 3257 1305 3257 1307 3257 1674 3258 1172 3258 1171 3258 1674 3259 1171 3259 1169 3259 1177 3260 1233 3260 1175 3260 1143 3261 1141 3261 1660 3261 1660 3262 1141 3262 1218 3262 1143 3263 1660 3263 1661 3263 1333 3264 1335 3264 1675 3264 1675 3265 1335 3265 1252 3265 1333 3266 1675 3266 1676 3266 1258 3267 1499 3267 1256 3267 1484 3268 1483 3268 1694 3268 1694 3269 1483 3269 1489 3269 1484 3270 1694 3270 1695 3270 1442 3271 1441 3271 1709 3271 1709 3272 1441 3272 1453 3272 1442 3273 1709 3273 1710 3273 1544 3274 1545 3274 1720 3274 1720 3275 1545 3275 1410 3275 1544 3276 1720 3276 1721 3276 1145 3277 1143 3277 1661 3277 1145 3278 1661 3278 1662 3278 1331 3279 1333 3279 1676 3279 1331 3280 1676 3280 1677 3280 1485 3281 1484 3281 1695 3281 1485 3282 1695 3282 1696 3282 1443 3283 1442 3283 1710 3283 1443 3284 1710 3284 1711 3284 1543 3285 1544 3285 1721 3285 1543 3286 1721 3286 1722 3286 1147 3287 1145 3287 1662 3287 1147 3288 1662 3288 1663 3288 1329 3289 1331 3289 1677 3289 1329 3290 1677 3290 1678 3290 1261 3291 1259 3291 1362 3291 1486 3292 1485 3292 1696 3292 1486 3293 1696 3293 1697 3293 1444 3294 1443 3294 1711 3294 1444 3295 1711 3295 1712 3295 1542 3296 1543 3296 1722 3296 1542 3297 1722 3297 1723 3297 1149 3298 1147 3298 1663 3298 1149 3299 1663 3299 1664 3299 1327 3300 1329 3300 1678 3300 1327 3301 1678 3301 1679 3301 1766 3302 1261 3302 1362 3302 1766 3303 1362 3303 1361 3303 1487 3304 1486 3304 1697 3304 1487 3305 1697 3305 1698 3305 1445 3306 1444 3306 1712 3306 1445 3307 1712 3307 1713 3307 1541 3308 1542 3308 1723 3308 1541 3309 1723 3309 1724 3309 1151 3310 1149 3310 1664 3310 1151 3311 1664 3311 1665 3311 1325 3312 1327 3312 1679 3312 1325 3313 1679 3313 1680 3313 1765 3314 1766 3314 1361 3314 1765 3315 1361 3315 1360 3315 1488 3316 1487 3316 1698 3316 1488 3317 1698 3317 1266 3317 1446 3318 1445 3318 1713 3318 1446 3319 1713 3319 1714 3319 1540 3320 1541 3320 1724 3320 1540 3321 1724 3321 1725 3321 1153 3322 1151 3322 1665 3322 1153 3323 1665 3323 1666 3323 1323 3324 1325 3324 1680 3324 1323 3325 1680 3325 1681 3325 1764 3326 1765 3326 1360 3326 1764 3327 1360 3327 1359 3327 1268 3328 1488 3328 1266 3328 1447 3329 1446 3329 1714 3329 1447 3330 1714 3330 1715 3330 1539 3331 1540 3331 1725 3331 1539 3332 1725 3332 1726 3332 1155 3333 1153 3333 1666 3333 1155 3334 1666 3334 1667 3334 1321 3335 1323 3335 1681 3335 1321 3336 1681 3336 1682 3336 1763 3337 1764 3337 1359 3337 1763 3338 1359 3338 1358 3338 1448 3339 1447 3339 1715 3339 1448 3340 1715 3340 1716 3340 1538 3341 1539 3341 1726 3341 1538 3342 1726 3342 1727 3342 1157 3343 1155 3343 1667 3343 1157 3344 1667 3344 1668 3344 1319 3345 1321 3345 1682 3345 1319 3346 1682 3346 1683 3346 1762 3347 1763 3347 1358 3347 1762 3348 1358 3348 1357 3348 1271 3349 1269 3349 1391 3349 1449 3350 1448 3350 1716 3350 1449 3351 1716 3351 1717 3351 1537 3352 1538 3352 1727 3352 1537 3353 1727 3353 1728 3353 1159 3354 1157 3354 1668 3354 1159 3355 1668 3355 1669 3355 1317 3356 1319 3356 1683 3356 1317 3357 1683 3357 1684 3357 1761 3358 1762 3358 1357 3358 1761 3359 1357 3359 1356 3359 1745 3360 1271 3360 1391 3360 1745 3361 1391 3361 1390 3361 1450 3362 1449 3362 1717 3362 1450 3363 1717 3363 1718 3363 1536 3364 1537 3364 1728 3364 1536 3365 1728 3365 1729 3365 1161 3366 1159 3366 1669 3366 1161 3367 1669 3367 1670 3367 1315 3368 1317 3368 1684 3368 1315 3369 1684 3369 1685 3369 1760 3370 1761 3370 1356 3370 1760 3371 1356 3371 1355 3371 1744 3372 1745 3372 1390 3372 1744 3373 1390 3373 1389 3373 1451 3374 1450 3374 1718 3374 1451 3375 1718 3375 1719 3375 1535 3376 1536 3376 1729 3376 1535 3377 1729 3377 1730 3377 1163 3378 1161 3378 1670 3378 1163 3379 1670 3379 1671 3379 1313 3380 1315 3380 1685 3380 1313 3381 1685 3381 1686 3381 1759 3382 1760 3382 1355 3382 1759 3383 1355 3383 1354 3383 1743 3384 1744 3384 1389 3384 1743 3385 1389 3385 1388 3385 1452 3386 1451 3386 1719 3386 1452 3387 1719 3387 1278 3387 1534 3388 1535 3388 1730 3388 1534 3389 1730 3389 1731 3389 1165 3390 1163 3390 1671 3390 1165 3391 1671 3391 1672 3391 1311 3392 1313 3392 1686 3392 1311 3393 1686 3393 1687 3393 1758 3394 1759 3394 1354 3394 1758 3395 1354 3395 1353 3395 1742 3396 1743 3396 1388 3396 1742 3397 1388 3397 1387 3397 1280 3398 1452 3398 1278 3398 1533 3399 1534 3399 1731 3399 1533 3400 1731 3400 1732 3400 1167 3401 1165 3401 1672 3401 1167 3402 1672 3402 1673 3402 1309 3403 1311 3403 1687 3403 1309 3404 1687 3404 1688 3404 1757 3405 1758 3405 1353 3405 1757 3406 1353 3406 1352 3406 1741 3407 1742 3407 1387 3407 1741 3408 1387 3408 1386 3408 1532 3409 1533 3409 1732 3409 1532 3410 1732 3410 1733 3410 1169 3411 1167 3411 1673 3411 1169 3412 1673 3412 1674 3412 1307 3413 1309 3413 1688 3413 1307 3414 1688 3414 1689 3414 1756 3415 1757 3415 1352 3415 1756 3416 1352 3416 1351 3416 1740 3417 1741 3417 1386 3417 1740 3418 1386 3418 1385 3418 1283 3419 1281 3419 1407 3419 1531 3420 1532 3420 1733 3420 1531 3421 1733 3421 1734 3421 1363 3422 1756 3422 1351 3422 1392 3423 1740 3423 1385 3423 425 3424 415 3424 402 3424 402 3425 415 3425 414 3425 402 3426 414 3426 403 3426 403 3427 414 3427 413 3427 403 3428 413 3428 404 3428 404 3429 413 3429 412 3429 404 3430 412 3430 405 3430 405 3431 412 3431 411 3431 405 3432 411 3432 406 3432 406 3433 411 3433 410 3433 406 3434 410 3434 407 3434 407 3435 410 3435 409 3435 407 3436 409 3436 408 3436 415 3437 425 3437 416 3437 416 3438 425 3438 420 3438 416 3439 420 3439 417 3439 417 3440 420 3440 10 3440 417 3441 10 3441 418 3441 418 3442 10 3442 9 3442 418 3443 9 3443 419 3443 419 3444 9 3444 5 3444 419 3445 5 3445 3 3445 1013 3446 1767 3446 886 3446 886 3447 1767 3447 1768 3447 1768 3448 1767 3448 1769 3448 1768 3449 1769 3449 1770 3449 1770 3450 1769 3450 1771 3450 1770 3451 1771 3451 1772 3451 1770 3452 1772 3452 1773 3452 1773 3453 1772 3453 1774 3453 1773 3454 1774 3454 1775 3454 1775 3455 1774 3455 1776 3455 1775 3456 1776 3456 1777 3456 1777 3457 1776 3457 1778 3457 1777 3458 1778 3458 1779 3458 1779 3459 1778 3459 1780 3459 927 3460 196 3460 1781 3460 1781 3461 196 3461 1782 3461 1782 3462 196 3462 1783 3462 1783 3463 196 3463 193 3463 1783 3464 193 3464 1784 3464 1784 3465 193 3465 190 3465 1784 3466 190 3466 182 3466 1784 3467 182 3467 1785 3467 1785 3468 182 3468 180 3468 1785 3469 180 3469 1786 3469 1786 3470 180 3470 172 3470 1786 3471 172 3471 1787 3471 1787 3472 172 3472 154 3472 1787 3473 154 3473 1788 3473 1788 3474 154 3474 152 3474 1788 3475 152 3475 1789 3475 1789 3476 152 3476 150 3476 1789 3477 150 3477 148 3477 1789 3478 148 3478 1790 3478 1790 3479 148 3479 146 3479 1790 3480 146 3480 144 3480 144 3481 142 3481 1790 3481 1790 3482 142 3482 1791 3482 1791 3483 142 3483 140 3483 1791 3484 140 3484 138 3484 1791 3485 138 3485 1792 3485 1792 3486 138 3486 137 3486 1792 3487 137 3487 136 3487 1792 3488 136 3488 1793 3488 1793 3489 136 3489 135 3489 1793 3490 135 3490 1794 3490 1794 3491 135 3491 115 3491 1794 3492 115 3492 1795 3492 1795 3493 115 3493 71 3493 1795 3494 71 3494 1796 3494 1796 3495 71 3495 11 3495 1796 3496 11 3496 1797 3496 1797 3497 11 3497 1798 3497 1798 3498 11 3498 0 3498 1798 3499 0 3499 1799 3499 1799 3500 0 3500 2 3500 343 3501 342 3501 1800 3501 1800 3502 342 3502 341 3502 1800 3503 341 3503 1801 3503 1801 3504 341 3504 326 3504 1801 3505 326 3505 1802 3505 1802 3506 326 3506 327 3506 1802 3507 327 3507 1803 3507 1803 3508 327 3508 328 3508 1803 3509 1804 3509 1802 3509 1802 3510 1804 3510 1805 3510 1802 3511 1805 3511 1801 3511 1801 3512 1805 3512 1806 3512 1801 3513 1806 3513 1800 3513 1800 3514 1806 3514 1807 3514 1800 3515 1807 3515 1808 3515 1808 3516 1807 3516 1809 3516 1808 3517 1809 3517 346 3517 346 3518 1809 3518 1810 3518 346 3519 1810 3519 317 3519 317 3520 1810 3520 1811 3520 317 3521 1811 3521 316 3521 316 3522 1811 3522 315 3522 315 3523 1811 3523 347 3523 347 3524 1811 3524 1812 3524 347 3525 1812 3525 1813 3525 1813 3526 1812 3526 1814 3526 1813 3527 1814 3527 348 3527 348 3528 1814 3528 349 3528 349 3529 1814 3529 1815 3529 349 3530 1815 3530 351 3530 351 3531 1815 3531 1816 3531 351 3532 1816 3532 1817 3532 1817 3533 1816 3533 1818 3533 1817 3534 1818 3534 1819 3534 1819 3535 1818 3535 1820 3535 1819 3536 1820 3536 1821 3536 1821 3537 1820 3537 1822 3537 1821 3538 1822 3538 1823 3538 1823 3539 1822 3539 1824 3539 1823 3540 1824 3540 1825 3540 1825 3541 1824 3541 1826 3541 1825 3542 1826 3542 1827 3542 1827 3543 1826 3543 1828 3543 1827 3544 1828 3544 1829 3544 1829 3545 1828 3545 1830 3545 1829 3546 1830 3546 1831 3546 1804 3547 1832 3547 1805 3547 1805 3548 1832 3548 1833 3548 1805 3549 1833 3549 1806 3549 1806 3550 1833 3550 1834 3550 1806 3551 1834 3551 1807 3551 1807 3552 1834 3552 1835 3552 1807 3553 1835 3553 1809 3553 1809 3554 1835 3554 1836 3554 1809 3555 1836 3555 1810 3555 1810 3556 1836 3556 1837 3556 1810 3557 1837 3557 1812 3557 1812 3558 1837 3558 1838 3558 1812 3559 1838 3559 1814 3559 1814 3560 1838 3560 1815 3560 1832 3561 1839 3561 1833 3561 1833 3562 1839 3562 1840 3562 1833 3563 1840 3563 1834 3563 1834 3564 1840 3564 1841 3564 1834 3565 1841 3565 1835 3565 1835 3566 1841 3566 1842 3566 1835 3567 1842 3567 1836 3567 1836 3568 1842 3568 1843 3568 1836 3569 1843 3569 1837 3569 1837 3570 1843 3570 1844 3570 1837 3571 1844 3571 1838 3571 1838 3572 1844 3572 1845 3572 1838 3573 1845 3573 1815 3573 1815 3574 1845 3574 1816 3574 1839 3575 1846 3575 1840 3575 1840 3576 1846 3576 1847 3576 1840 3577 1847 3577 1841 3577 1841 3578 1847 3578 1848 3578 1841 3579 1848 3579 1842 3579 1842 3580 1848 3580 1849 3580 1842 3581 1849 3581 1843 3581 1843 3582 1849 3582 1850 3582 1843 3583 1850 3583 1844 3583 1844 3584 1850 3584 1851 3584 1844 3585 1851 3585 1845 3585 1845 3586 1851 3586 1818 3586 1845 3587 1818 3587 1816 3587 1846 3588 1852 3588 1847 3588 1847 3589 1852 3589 1853 3589 1847 3590 1853 3590 1848 3590 1848 3591 1853 3591 1854 3591 1848 3592 1854 3592 1849 3592 1849 3593 1854 3593 1855 3593 1849 3594 1855 3594 1850 3594 1850 3595 1855 3595 1856 3595 1850 3596 1856 3596 1851 3596 1851 3597 1856 3597 1820 3597 1851 3598 1820 3598 1818 3598 1852 3599 1857 3599 1853 3599 1853 3600 1857 3600 1858 3600 1853 3601 1858 3601 1854 3601 1854 3602 1858 3602 1859 3602 1854 3603 1859 3603 1855 3603 1855 3604 1859 3604 1860 3604 1855 3605 1860 3605 1856 3605 1856 3606 1860 3606 1822 3606 1856 3607 1822 3607 1820 3607 1857 3608 1861 3608 1858 3608 1858 3609 1861 3609 1862 3609 1858 3610 1862 3610 1859 3610 1859 3611 1862 3611 1863 3611 1859 3612 1863 3612 1860 3612 1860 3613 1863 3613 1824 3613 1860 3614 1824 3614 1822 3614 1861 3615 1864 3615 1862 3615 1862 3616 1864 3616 1865 3616 1862 3617 1865 3617 1863 3617 1863 3618 1865 3618 1826 3618 1863 3619 1826 3619 1824 3619 1864 3620 1866 3620 1865 3620 1865 3621 1866 3621 1828 3621 1865 3622 1828 3622 1826 3622 1866 3623 1867 3623 1828 3623 1828 3624 1867 3624 1830 3624 1829 3625 1831 3625 1868 3625 1868 3626 1831 3626 1869 3626 1868 3627 1869 3627 1870 3627 1870 3628 1869 3628 1871 3628 1870 3629 1871 3629 1872 3629 1872 3630 1871 3630 1873 3630 1872 3631 1873 3631 1874 3631 1874 3632 1873 3632 1875 3632 1874 3633 1875 3633 1876 3633 1876 3634 1875 3634 1877 3634 1876 3635 1877 3635 1878 3635 1878 3636 1877 3636 1879 3636 1878 3637 1879 3637 1880 3637 1880 3638 1879 3638 1881 3638 1880 3639 1881 3639 1882 3639 1882 3640 1881 3640 1883 3640 1882 3641 1883 3641 1884 3641 1884 3642 1883 3642 1885 3642 1884 3643 1885 3643 1886 3643 1886 3644 1885 3644 1887 3644 1886 3645 1887 3645 1888 3645 1888 3646 1887 3646 1889 3646 1888 3647 1889 3647 1890 3647 1890 3648 1889 3648 1891 3648 1890 3649 1891 3649 1892 3649 1892 3650 1891 3650 1893 3650 1892 3651 1893 3651 1894 3651 1894 3652 1893 3652 1895 3652 1894 3653 1895 3653 1896 3653 1896 3654 1895 3654 1897 3654 1896 3655 1897 3655 1898 3655 1875 3656 1899 3656 1877 3656 1877 3657 1899 3657 1900 3657 1877 3658 1900 3658 1879 3658 1879 3659 1900 3659 1901 3659 1879 3660 1901 3660 1881 3660 1881 3661 1901 3661 1902 3661 1881 3662 1902 3662 1883 3662 1883 3663 1902 3663 1903 3663 1883 3664 1903 3664 1885 3664 1885 3665 1903 3665 1887 3665 1899 3666 1904 3666 1900 3666 1900 3667 1904 3667 1905 3667 1900 3668 1905 3668 1901 3668 1901 3669 1905 3669 1906 3669 1901 3670 1906 3670 1902 3670 1902 3671 1906 3671 1907 3671 1902 3672 1907 3672 1903 3672 1903 3673 1907 3673 1889 3673 1903 3674 1889 3674 1887 3674 1905 3675 1904 3675 1908 3675 1908 3676 1904 3676 1909 3676 1908 3677 1909 3677 1910 3677 1910 3678 1909 3678 1911 3678 1910 3679 1911 3679 1895 3679 1895 3680 1911 3680 1897 3680 1896 3681 1898 3681 1912 3681 1912 3682 1898 3682 1913 3682 1912 3683 1913 3683 1914 3683 1914 3684 1913 3684 1915 3684 1914 3685 1915 3685 455 3685 455 3686 1915 3686 422 3686 455 3687 454 3687 1914 3687 1914 3688 454 3688 1912 3688 1912 3689 454 3689 1916 3689 1916 3690 454 3690 453 3690 1916 3691 453 3691 452 3691 450 3692 1917 3692 452 3692 452 3693 1917 3693 1918 3693 452 3694 1918 3694 1916 3694 1916 3695 1918 3695 1912 3695 1917 3696 450 3696 1919 3696 1919 3697 450 3697 449 3697 1919 3698 449 3698 1920 3698 1920 3699 449 3699 447 3699 1920 3700 447 3700 1921 3700 1921 3701 447 3701 1922 3701 1921 3702 1922 3702 1890 3702 1890 3703 1922 3703 1888 3703 447 3704 445 3704 1922 3704 1922 3705 445 3705 1888 3705 1888 3706 445 3706 1886 3706 1886 3707 445 3707 443 3707 1886 3708 443 3708 1923 3708 1923 3709 443 3709 441 3709 1923 3710 441 3710 1924 3710 1924 3711 441 3711 1925 3711 1924 3712 1925 3712 1926 3712 1926 3713 1925 3713 1927 3713 1926 3714 1927 3714 1928 3714 1928 3715 1927 3715 1929 3715 1928 3716 1929 3716 1930 3716 1930 3717 1929 3717 1931 3717 1930 3718 1931 3718 1932 3718 1932 3719 1931 3719 1933 3719 1932 3720 1933 3720 1872 3720 1872 3721 1933 3721 1870 3721 439 3722 1934 3722 441 3722 441 3723 1934 3723 1935 3723 441 3724 1935 3724 1925 3724 1925 3725 1935 3725 1927 3725 1934 3726 439 3726 1936 3726 1936 3727 439 3727 438 3727 1936 3728 438 3728 1937 3728 1937 3729 438 3729 437 3729 1937 3730 437 3730 1938 3730 1938 3731 437 3731 367 3731 1938 3732 367 3732 1939 3732 1939 3733 367 3733 359 3733 1939 3734 359 3734 1940 3734 1940 3735 359 3735 355 3735 1940 3736 355 3736 1817 3736 1817 3737 355 3737 351 3737 348 3738 310 3738 1813 3738 1813 3739 310 3739 309 3739 1813 3740 309 3740 347 3740 346 3741 345 3741 1808 3741 1808 3742 345 3742 343 3742 1808 3743 343 3743 1800 3743 1825 3744 1941 3744 1942 3744 1942 3745 1941 3745 1943 3745 1942 3746 1943 3746 1944 3746 1944 3747 1943 3747 1945 3747 1944 3748 1945 3748 1946 3748 1946 3749 1945 3749 1947 3749 1946 3750 1947 3750 1937 3750 1937 3751 1947 3751 1936 3751 1941 3752 1948 3752 1943 3752 1943 3753 1948 3753 1949 3753 1943 3754 1949 3754 1945 3754 1945 3755 1949 3755 1950 3755 1945 3756 1950 3756 1947 3756 1947 3757 1950 3757 1951 3757 1947 3758 1951 3758 1936 3758 1936 3759 1951 3759 1934 3759 1825 3760 1827 3760 1941 3760 1941 3761 1827 3761 1952 3761 1941 3762 1952 3762 1948 3762 1948 3763 1952 3763 1953 3763 1948 3764 1953 3764 1954 3764 1954 3765 1953 3765 1933 3765 1954 3766 1933 3766 1931 3766 1948 3767 1954 3767 1949 3767 1949 3768 1954 3768 1955 3768 1949 3769 1955 3769 1950 3769 1950 3770 1955 3770 1956 3770 1950 3771 1956 3771 1951 3771 1951 3772 1956 3772 1935 3772 1951 3773 1935 3773 1934 3773 1954 3774 1931 3774 1955 3774 1955 3775 1931 3775 1929 3775 1955 3776 1929 3776 1956 3776 1956 3777 1929 3777 1927 3777 1956 3778 1927 3778 1935 3778 1930 3779 1957 3779 1928 3779 1928 3780 1957 3780 1958 3780 1928 3781 1958 3781 1926 3781 1926 3782 1958 3782 1959 3782 1926 3783 1959 3783 1924 3783 1924 3784 1959 3784 1923 3784 1957 3785 1880 3785 1958 3785 1958 3786 1880 3786 1882 3786 1958 3787 1882 3787 1959 3787 1959 3788 1882 3788 1884 3788 1959 3789 1884 3789 1923 3789 1923 3790 1884 3790 1886 3790 1957 3791 1930 3791 1960 3791 1960 3792 1930 3792 1932 3792 1960 3793 1932 3793 1874 3793 1874 3794 1932 3794 1872 3794 1880 3795 1957 3795 1878 3795 1878 3796 1957 3796 1960 3796 1878 3797 1960 3797 1876 3797 1876 3798 1960 3798 1874 3798 1889 3799 1907 3799 1891 3799 1891 3800 1907 3800 1961 3800 1891 3801 1961 3801 1893 3801 1893 3802 1961 3802 1910 3802 1893 3803 1910 3803 1895 3803 1961 3804 1907 3804 1906 3804 1921 3805 1890 3805 1892 3805 1920 3806 1921 3806 1919 3806 1919 3807 1921 3807 1892 3807 1919 3808 1892 3808 1894 3808 1918 3809 1917 3809 1919 3809 1918 3810 1919 3810 1894 3810 1825 3811 1942 3811 1823 3811 1823 3812 1942 3812 1962 3812 1823 3813 1962 3813 1821 3813 1821 3814 1962 3814 1963 3814 1821 3815 1963 3815 1819 3815 1819 3816 1963 3816 1940 3816 1819 3817 1940 3817 1817 3817 1962 3818 1942 3818 1944 3818 1827 3819 1829 3819 1952 3819 1952 3820 1829 3820 1868 3820 1952 3821 1868 3821 1953 3821 1953 3822 1868 3822 1870 3822 1953 3823 1870 3823 1933 3823 1905 3824 1908 3824 1906 3824 1906 3825 1908 3825 1961 3825 1908 3826 1910 3826 1961 3826 1912 3827 1918 3827 1896 3827 1896 3828 1918 3828 1894 3828 1962 3829 1944 3829 1964 3829 1964 3830 1944 3830 1946 3830 1964 3831 1946 3831 1938 3831 1938 3832 1946 3832 1937 3832 1811 3833 1810 3833 1812 3833 1962 3834 1964 3834 1963 3834 1963 3835 1964 3835 1939 3835 1963 3836 1939 3836 1940 3836 1939 3837 1964 3837 1938 3837 891 3838 1965 3838 340 3838 340 3839 1965 3839 1966 3839 340 3840 1966 3840 1967 3840 1967 3841 1966 3841 1968 3841 1967 3842 1968 3842 1969 3842 1969 3843 1968 3843 1970 3843 1969 3844 1970 3844 1971 3844 1971 3845 1970 3845 1972 3845 1971 3846 1972 3846 1973 3846 1973 3847 1972 3847 1974 3847 1973 3848 1974 3848 1975 3848 1975 3849 1974 3849 1976 3849 1975 3850 1976 3850 1977 3850 1977 3851 1976 3851 1978 3851 1977 3852 1978 3852 1979 3852 1979 3853 1978 3853 1980 3853 1979 3854 1980 3854 1981 3854 1981 3855 1980 3855 1982 3855 1981 3856 1982 3856 1983 3856 1983 3857 1982 3857 1984 3857 1983 3858 1984 3858 1985 3858 1985 3859 1984 3859 1986 3859 1985 3860 1986 3860 1987 3860 1987 3861 1986 3861 1988 3861 1987 3862 1988 3862 1989 3862 1989 3863 1988 3863 1990 3863 1989 3864 1990 3864 1991 3864 1991 3865 1990 3865 1992 3865 1991 3866 1992 3866 1993 3866 1993 3867 1992 3867 1994 3867 1993 3868 1994 3868 1995 3868 1995 3869 1994 3869 1996 3869 1995 3870 1996 3870 1997 3870 1997 3871 1996 3871 1998 3871 1997 3872 1998 3872 1999 3872 1999 3873 1998 3873 2000 3873 1999 3874 2000 3874 2001 3874 2001 3875 2000 3875 2002 3875 2001 3876 2002 3876 2003 3876 2003 3877 2002 3877 2004 3877 2003 3878 2004 3878 2005 3878 2005 3879 2004 3879 2006 3879 2005 3880 2006 3880 2007 3880 2007 3881 2006 3881 2008 3881 2007 3882 2008 3882 2009 3882 2009 3883 2008 3883 2010 3883 2009 3884 2010 3884 2011 3884 2011 3885 2010 3885 2012 3885 2011 3886 2012 3886 2013 3886 2013 3887 2012 3887 2014 3887 2013 3888 2014 3888 2015 3888 2015 3889 2014 3889 2016 3889 2015 3890 2016 3890 2017 3890 2017 3891 2016 3891 2018 3891 2017 3892 2018 3892 2019 3892 2019 3893 2018 3893 2020 3893 2019 3894 2020 3894 2021 3894 2021 3895 2020 3895 2022 3895 2021 3896 2022 3896 2023 3896 2023 3897 2022 3897 2024 3897 2023 3898 2024 3898 2025 3898 2025 3899 2024 3899 2026 3899 2025 3900 2026 3900 2027 3900 2027 3901 2026 3901 1784 3901 2027 3902 1784 3902 2028 3902 2028 3903 1784 3903 1785 3903 2028 3904 1785 3904 2029 3904 2029 3905 1785 3905 2030 3905 2029 3906 2030 3906 2031 3906 2031 3907 2030 3907 2032 3907 2031 3908 2032 3908 2033 3908 2033 3909 2032 3909 2034 3909 2033 3910 2034 3910 2035 3910 2035 3911 2034 3911 2036 3911 2035 3912 2036 3912 2037 3912 2037 3913 2036 3913 2038 3913 2037 3914 2038 3914 2039 3914 2039 3915 2038 3915 2040 3915 2039 3916 2040 3916 2041 3916 2041 3917 2040 3917 2042 3917 2041 3918 2042 3918 2043 3918 2043 3919 2042 3919 2044 3919 2043 3920 2044 3920 2045 3920 2045 3921 2044 3921 2046 3921 2045 3922 2046 3922 2047 3922 2047 3923 2046 3923 2048 3923 2047 3924 2048 3924 2049 3924 2049 3925 2048 3925 2050 3925 2049 3926 2050 3926 2051 3926 2051 3927 2050 3927 2052 3927 2051 3928 2052 3928 2053 3928 2053 3929 2052 3929 2054 3929 2053 3930 2054 3930 2055 3930 2055 3931 2054 3931 2056 3931 2055 3932 2056 3932 2057 3932 2057 3933 2056 3933 2058 3933 2057 3934 2058 3934 2059 3934 2059 3935 2058 3935 2060 3935 2059 3936 2060 3936 2061 3936 2061 3937 2060 3937 2062 3937 2061 3938 2062 3938 2063 3938 2063 3939 2062 3939 2064 3939 2063 3940 2064 3940 2065 3940 2065 3941 2064 3941 1830 3941 2065 3942 1830 3942 1867 3942 890 3943 2066 3943 891 3943 891 3944 2066 3944 2067 3944 891 3945 2067 3945 1965 3945 1965 3946 2067 3946 2068 3946 1965 3947 2068 3947 2069 3947 2069 3948 2068 3948 2070 3948 2069 3949 2070 3949 2071 3949 2071 3950 2070 3950 2072 3950 2071 3951 2072 3951 2073 3951 2073 3952 2072 3952 2074 3952 2073 3953 2074 3953 2075 3953 2075 3954 2074 3954 2076 3954 2075 3955 2076 3955 2077 3955 2077 3956 2076 3956 2078 3956 2077 3957 2078 3957 2079 3957 2079 3958 2078 3958 2080 3958 2079 3959 2080 3959 2081 3959 2081 3960 2080 3960 2082 3960 2081 3961 2082 3961 2083 3961 2083 3962 2082 3962 2084 3962 2083 3963 2084 3963 2085 3963 2085 3964 2084 3964 2086 3964 2085 3965 2086 3965 2087 3965 2087 3966 2086 3966 2088 3966 2087 3967 2088 3967 2089 3967 2089 3968 2088 3968 2090 3968 2089 3969 2090 3969 2091 3969 2091 3970 2090 3970 2092 3970 2091 3971 2092 3971 2093 3971 2093 3972 2092 3972 2094 3972 2093 3973 2094 3973 2095 3973 2095 3974 2094 3974 2096 3974 2095 3975 2096 3975 2097 3975 2097 3976 2096 3976 2098 3976 2097 3977 2098 3977 2099 3977 2099 3978 2098 3978 2100 3978 2099 3979 2100 3979 2101 3979 2101 3980 2100 3980 2102 3980 2101 3981 2102 3981 2103 3981 2103 3982 2102 3982 2104 3982 2103 3983 2104 3983 2105 3983 2105 3984 2104 3984 2106 3984 2105 3985 2106 3985 2107 3985 2107 3986 2106 3986 2108 3986 2107 3987 2108 3987 2109 3987 2109 3988 2108 3988 2110 3988 2109 3989 2110 3989 2111 3989 2111 3990 2110 3990 2112 3990 2111 3991 2112 3991 2113 3991 2113 3992 2112 3992 2114 3992 2113 3993 2114 3993 2115 3993 2115 3994 2114 3994 2116 3994 2115 3995 2116 3995 2117 3995 2117 3996 2116 3996 2118 3996 2117 3997 2118 3997 2119 3997 2119 3998 2118 3998 2120 3998 2119 3999 2120 3999 2121 3999 2121 4000 2120 4000 2122 4000 2121 4001 2122 4001 2123 4001 2123 4002 2122 4002 2124 4002 2123 4003 2124 4003 2125 4003 2125 4004 2124 4004 2126 4004 2125 4005 2126 4005 2127 4005 2127 4006 2126 4006 1782 4006 2127 4007 1782 4007 1783 4007 2066 4008 890 4008 2128 4008 2128 4009 890 4009 889 4009 2128 4010 889 4010 2129 4010 2129 4011 889 4011 888 4011 2129 4012 888 4012 885 4012 885 4013 886 4013 2129 4013 2129 4014 886 4014 1768 4014 2129 4015 1768 4015 2130 4015 2130 4016 1768 4016 1770 4016 2130 4017 1770 4017 2131 4017 2131 4018 1770 4018 2132 4018 2131 4019 2132 4019 2133 4019 2133 4020 2132 4020 2134 4020 2133 4021 2134 4021 2135 4021 2135 4022 2134 4022 2136 4022 2135 4023 2136 4023 2070 4023 2070 4024 2136 4024 2072 4024 1770 4025 1773 4025 2132 4025 2132 4026 1773 4026 2137 4026 2132 4027 2137 4027 2134 4027 2134 4028 2137 4028 2138 4028 2134 4029 2138 4029 2136 4029 2136 4030 2138 4030 2139 4030 2136 4031 2139 4031 2072 4031 2072 4032 2139 4032 2074 4032 2137 4033 1773 4033 2140 4033 2140 4034 1773 4034 1775 4034 2140 4035 1775 4035 2141 4035 2141 4036 1775 4036 2142 4036 2141 4037 2142 4037 2143 4037 2143 4038 2142 4038 2144 4038 2143 4039 2144 4039 2145 4039 2145 4040 2144 4040 2146 4040 2145 4041 2146 4041 2078 4041 2078 4042 2146 4042 2080 4042 1775 4043 1777 4043 2142 4043 2142 4044 1777 4044 2147 4044 2142 4045 2147 4045 2144 4045 2144 4046 2147 4046 2148 4046 2144 4047 2148 4047 2146 4047 2146 4048 2148 4048 2149 4048 2146 4049 2149 4049 2080 4049 2080 4050 2149 4050 2082 4050 1777 4051 1779 4051 2147 4051 2147 4052 1779 4052 2150 4052 2147 4053 2150 4053 2148 4053 2148 4054 2150 4054 2151 4054 2148 4055 2151 4055 2149 4055 2149 4056 2151 4056 2152 4056 2149 4057 2152 4057 2082 4057 2082 4058 2152 4058 2084 4058 1779 4059 1780 4059 2150 4059 2150 4060 1780 4060 2153 4060 2150 4061 2153 4061 2151 4061 2151 4062 2153 4062 2154 4062 2151 4063 2154 4063 2152 4063 2152 4064 2154 4064 2155 4064 2152 4065 2155 4065 2084 4065 2084 4066 2155 4066 2086 4066 1780 4067 1778 4067 2153 4067 2153 4068 1778 4068 2156 4068 2153 4069 2156 4069 2154 4069 2154 4070 2156 4070 2157 4070 2154 4071 2157 4071 2155 4071 2155 4072 2157 4072 2158 4072 2155 4073 2158 4073 2086 4073 2086 4074 2158 4074 2088 4074 1778 4075 1776 4075 2156 4075 2156 4076 1776 4076 2159 4076 2156 4077 2159 4077 2157 4077 2157 4078 2159 4078 2160 4078 2157 4079 2160 4079 2158 4079 2158 4080 2160 4080 2161 4080 2158 4081 2161 4081 2088 4081 2088 4082 2161 4082 2090 4082 2159 4083 1776 4083 2162 4083 2162 4084 1776 4084 1774 4084 2162 4085 1774 4085 2163 4085 2163 4086 1774 4086 2164 4086 2163 4087 2164 4087 2165 4087 2165 4088 2164 4088 2166 4088 2165 4089 2166 4089 2167 4089 2167 4090 2166 4090 2168 4090 2167 4091 2168 4091 2094 4091 2094 4092 2168 4092 2096 4092 1774 4093 1772 4093 2164 4093 2164 4094 1772 4094 2169 4094 2164 4095 2169 4095 2166 4095 2166 4096 2169 4096 2170 4096 2166 4097 2170 4097 2168 4097 2168 4098 2170 4098 2171 4098 2168 4099 2171 4099 2096 4099 2096 4100 2171 4100 2098 4100 2169 4101 1772 4101 2172 4101 2172 4102 1772 4102 1771 4102 2172 4103 1771 4103 2173 4103 2173 4104 1771 4104 2174 4104 2173 4105 2174 4105 2175 4105 2175 4106 2174 4106 2176 4106 2175 4107 2176 4107 2177 4107 2177 4108 2176 4108 2178 4108 2177 4109 2178 4109 2102 4109 2102 4110 2178 4110 2104 4110 1771 4111 1769 4111 2174 4111 2174 4112 1769 4112 2179 4112 2174 4113 2179 4113 2176 4113 2176 4114 2179 4114 2180 4114 2176 4115 2180 4115 2178 4115 2178 4116 2180 4116 2181 4116 2178 4117 2181 4117 2104 4117 2104 4118 2181 4118 2106 4118 2179 4119 1769 4119 2182 4119 2182 4120 1769 4120 1767 4120 2182 4121 1767 4121 2183 4121 2183 4122 1767 4122 2184 4122 2183 4123 2184 4123 2185 4123 2185 4124 2184 4124 2186 4124 2185 4125 2186 4125 2187 4125 2187 4126 2186 4126 2188 4126 2187 4127 2188 4127 2110 4127 2110 4128 2188 4128 2112 4128 1767 4129 1013 4129 2184 4129 2184 4130 1013 4130 2189 4130 2184 4131 2189 4131 2186 4131 2186 4132 2189 4132 2190 4132 2186 4133 2190 4133 2188 4133 2188 4134 2190 4134 2191 4134 2188 4135 2191 4135 2112 4135 2112 4136 2191 4136 2114 4136 2189 4137 1013 4137 2192 4137 2192 4138 1013 4138 1012 4138 2192 4139 1012 4139 2193 4139 2193 4140 1012 4140 1011 4140 2193 4141 1011 4141 1010 4141 1010 4142 1009 4142 2193 4142 2193 4143 1009 4143 1007 4143 2193 4144 1007 4144 1006 4144 1006 4145 1005 4145 2193 4145 2193 4146 1005 4146 1002 4146 2193 4147 1002 4147 999 4147 2193 4148 999 4148 2194 4148 2194 4149 999 4149 998 4149 2194 4150 998 4150 997 4150 2194 4151 997 4151 2195 4151 2195 4152 997 4152 995 4152 2195 4153 995 4153 993 4153 2195 4154 993 4154 2196 4154 2196 4155 993 4155 990 4155 2196 4156 990 4156 2197 4156 2197 4157 990 4157 927 4157 2197 4158 927 4158 1781 4158 1782 4159 2198 4159 1781 4159 1781 4160 2198 4160 2199 4160 1781 4161 2199 4161 2197 4161 2197 4162 2199 4162 2200 4162 2197 4163 2200 4163 2196 4163 2196 4164 2200 4164 2201 4164 2196 4165 2201 4165 2195 4165 2195 4166 2201 4166 2202 4166 2195 4167 2202 4167 2194 4167 2194 4168 2202 4168 2203 4168 2194 4169 2203 4169 2193 4169 2193 4170 2203 4170 2204 4170 2193 4171 2204 4171 2192 4171 2192 4172 2204 4172 2190 4172 2192 4173 2190 4173 2189 4173 2127 4174 1783 4174 2026 4174 2026 4175 1783 4175 1784 4175 1785 4176 1786 4176 2030 4176 2030 4177 1786 4177 2205 4177 2030 4178 2205 4178 2032 4178 2032 4179 2205 4179 2206 4179 2032 4180 2206 4180 2034 4180 2034 4181 2206 4181 2207 4181 2034 4182 2207 4182 2036 4182 2036 4183 2207 4183 2208 4183 2036 4184 2208 4184 2038 4184 2038 4185 2208 4185 2209 4185 2038 4186 2209 4186 2040 4186 2040 4187 2209 4187 2210 4187 2040 4188 2210 4188 2042 4188 2042 4189 2210 4189 2211 4189 2042 4190 2211 4190 2044 4190 2044 4191 2211 4191 2212 4191 2044 4192 2212 4192 2046 4192 2046 4193 2212 4193 2213 4193 2046 4194 2213 4194 2048 4194 2048 4195 2213 4195 2214 4195 2048 4196 2214 4196 2050 4196 2050 4197 2214 4197 2215 4197 2050 4198 2215 4198 2052 4198 2052 4199 2215 4199 2216 4199 2052 4200 2216 4200 2054 4200 2054 4201 2216 4201 2217 4201 2054 4202 2217 4202 2056 4202 2056 4203 2217 4203 2218 4203 2056 4204 2218 4204 2058 4204 2058 4205 2218 4205 2219 4205 2058 4206 2219 4206 2060 4206 2060 4207 2219 4207 2220 4207 2060 4208 2220 4208 2062 4208 2062 4209 2220 4209 2221 4209 2062 4210 2221 4210 2064 4210 2064 4211 2221 4211 1831 4211 2064 4212 1831 4212 1830 4212 1786 4213 1787 4213 2205 4213 2205 4214 1787 4214 2222 4214 2205 4215 2222 4215 2206 4215 2206 4216 2222 4216 2223 4216 2206 4217 2223 4217 2207 4217 2207 4218 2223 4218 2224 4218 2207 4219 2224 4219 2208 4219 2208 4220 2224 4220 2225 4220 2208 4221 2225 4221 2209 4221 2209 4222 2225 4222 2226 4222 2209 4223 2226 4223 2210 4223 2210 4224 2226 4224 2227 4224 2210 4225 2227 4225 2211 4225 2211 4226 2227 4226 2228 4226 2211 4227 2228 4227 2212 4227 2212 4228 2228 4228 2229 4228 2212 4229 2229 4229 2213 4229 2213 4230 2229 4230 2230 4230 2213 4231 2230 4231 2214 4231 2214 4232 2230 4232 2231 4232 2214 4233 2231 4233 2215 4233 2215 4234 2231 4234 2232 4234 2215 4235 2232 4235 2216 4235 2216 4236 2232 4236 2233 4236 2216 4237 2233 4237 2217 4237 2217 4238 2233 4238 2234 4238 2217 4239 2234 4239 2218 4239 2218 4240 2234 4240 2235 4240 2218 4241 2235 4241 2219 4241 2219 4242 2235 4242 2236 4242 2219 4243 2236 4243 2220 4243 2220 4244 2236 4244 2237 4244 2220 4245 2237 4245 2221 4245 2221 4246 2237 4246 1869 4246 2221 4247 1869 4247 1831 4247 2222 4248 1787 4248 2238 4248 2238 4249 1787 4249 1788 4249 2238 4250 1788 4250 2239 4250 2239 4251 1788 4251 2240 4251 2239 4252 2240 4252 2241 4252 2241 4253 2240 4253 2242 4253 2241 4254 2242 4254 2243 4254 2243 4255 2242 4255 2244 4255 2243 4256 2244 4256 2245 4256 2245 4257 2244 4257 2246 4257 2245 4258 2246 4258 2247 4258 2247 4259 2246 4259 2248 4259 2247 4260 2248 4260 2249 4260 2249 4261 2248 4261 2250 4261 2249 4262 2250 4262 2251 4262 2251 4263 2250 4263 2252 4263 2251 4264 2252 4264 2253 4264 2253 4265 2252 4265 2254 4265 2253 4266 2254 4266 2255 4266 2255 4267 2254 4267 2256 4267 2255 4268 2256 4268 2257 4268 2257 4269 2256 4269 2258 4269 2257 4270 2258 4270 2259 4270 2259 4271 2258 4271 2260 4271 2259 4272 2260 4272 2261 4272 2261 4273 2260 4273 2262 4273 2261 4274 2262 4274 2263 4274 2263 4275 2262 4275 2264 4275 2263 4276 2264 4276 2265 4276 2265 4277 2264 4277 1873 4277 2265 4278 1873 4278 1871 4278 1788 4279 1789 4279 2240 4279 2240 4280 1789 4280 2266 4280 2240 4281 2266 4281 2242 4281 2242 4282 2266 4282 2267 4282 2242 4283 2267 4283 2244 4283 2244 4284 2267 4284 2268 4284 2244 4285 2268 4285 2246 4285 2246 4286 2268 4286 2269 4286 2246 4287 2269 4287 2248 4287 2248 4288 2269 4288 2270 4288 2248 4289 2270 4289 2250 4289 2250 4290 2270 4290 2271 4290 2250 4291 2271 4291 2252 4291 2252 4292 2271 4292 2272 4292 2252 4293 2272 4293 2254 4293 2254 4294 2272 4294 2273 4294 2254 4295 2273 4295 2256 4295 2256 4296 2273 4296 2274 4296 2256 4297 2274 4297 2258 4297 2258 4298 2274 4298 2275 4298 2258 4299 2275 4299 2260 4299 2260 4300 2275 4300 2276 4300 2260 4301 2276 4301 2262 4301 2262 4302 2276 4302 2277 4302 2262 4303 2277 4303 2264 4303 2264 4304 2277 4304 1875 4304 2264 4305 1875 4305 1873 4305 1789 4306 1790 4306 2266 4306 2266 4307 1790 4307 2278 4307 2266 4308 2278 4308 2267 4308 2267 4309 2278 4309 2279 4309 2267 4310 2279 4310 2268 4310 2268 4311 2279 4311 2280 4311 2268 4312 2280 4312 2269 4312 2269 4313 2280 4313 2281 4313 2269 4314 2281 4314 2270 4314 2270 4315 2281 4315 2282 4315 2270 4316 2282 4316 2271 4316 2271 4317 2282 4317 2283 4317 2271 4318 2283 4318 2272 4318 2272 4319 2283 4319 2284 4319 2272 4320 2284 4320 2273 4320 2273 4321 2284 4321 2285 4321 2273 4322 2285 4322 2274 4322 2274 4323 2285 4323 2286 4323 2274 4324 2286 4324 2275 4324 2275 4325 2286 4325 2287 4325 2275 4326 2287 4326 2276 4326 2276 4327 2287 4327 2288 4327 2276 4328 2288 4328 2277 4328 2277 4329 2288 4329 1899 4329 2277 4330 1899 4330 1875 4330 2278 4331 1790 4331 2289 4331 2289 4332 1790 4332 1791 4332 2289 4333 1791 4333 2290 4333 2290 4334 1791 4334 1792 4334 2290 4335 1792 4335 2291 4335 2291 4336 1792 4336 2292 4336 2291 4337 2292 4337 2293 4337 2293 4338 2292 4338 2294 4338 2293 4339 2294 4339 2295 4339 2295 4340 2294 4340 2296 4340 2295 4341 2296 4341 2297 4341 2297 4342 2296 4342 2298 4342 2297 4343 2298 4343 2299 4343 2299 4344 2298 4344 2300 4344 2299 4345 2300 4345 2301 4345 2301 4346 2300 4346 2302 4346 2301 4347 2302 4347 2303 4347 2303 4348 2302 4348 2304 4348 2303 4349 2304 4349 2305 4349 2305 4350 2304 4350 1911 4350 2305 4351 1911 4351 1909 4351 1792 4352 1793 4352 2292 4352 2292 4353 1793 4353 1794 4353 2292 4354 1794 4354 2306 4354 2306 4355 1794 4355 1795 4355 2306 4356 1795 4356 2307 4356 2307 4357 1795 4357 1796 4357 2307 4358 1796 4358 2308 4358 2308 4359 1796 4359 1797 4359 2308 4360 1797 4360 2309 4360 2309 4361 1797 4361 1798 4361 2309 4362 1798 4362 2310 4362 2310 4363 1798 4363 1799 4363 2310 4364 1799 4364 2311 4364 2311 4365 1799 4365 2 4365 2311 4366 2 4366 4 4366 2311 4367 4 4367 2312 4367 2312 4368 4 4368 6 4368 2312 4369 6 4369 2313 4369 2313 4370 6 4370 8 4370 2313 4371 8 4371 2314 4371 2314 4372 8 4372 422 4372 2314 4373 422 4373 1915 4373 2314 4374 1915 4374 2315 4374 2315 4375 1915 4375 1913 4375 2315 4376 1913 4376 2316 4376 2316 4377 1913 4377 1898 4377 2316 4378 1898 4378 1897 4378 2316 4379 1897 4379 2304 4379 2304 4380 1897 4380 1911 4380 2305 4381 1909 4381 2317 4381 2317 4382 1909 4382 1904 4382 2317 4383 1904 4383 2318 4383 2318 4384 1904 4384 1899 4384 2318 4385 1899 4385 2288 4385 1869 4386 2237 4386 1871 4386 1871 4387 2237 4387 2319 4387 1871 4388 2319 4388 2265 4388 2265 4389 2319 4389 2320 4389 2265 4390 2320 4390 2263 4390 2263 4391 2320 4391 2321 4391 2263 4392 2321 4392 2261 4392 2261 4393 2321 4393 2322 4393 2261 4394 2322 4394 2259 4394 2259 4395 2322 4395 2323 4395 2259 4396 2323 4396 2257 4396 2257 4397 2323 4397 2324 4397 2257 4398 2324 4398 2255 4398 2255 4399 2324 4399 2325 4399 2255 4400 2325 4400 2253 4400 2253 4401 2325 4401 2326 4401 2253 4402 2326 4402 2251 4402 2251 4403 2326 4403 2327 4403 2251 4404 2327 4404 2249 4404 2249 4405 2327 4405 2328 4405 2249 4406 2328 4406 2247 4406 2247 4407 2328 4407 2329 4407 2247 4408 2329 4408 2245 4408 2245 4409 2329 4409 2330 4409 2245 4410 2330 4410 2243 4410 2243 4411 2330 4411 2331 4411 2243 4412 2331 4412 2241 4412 2241 4413 2331 4413 2332 4413 2241 4414 2332 4414 2239 4414 2239 4415 2332 4415 2238 4415 2065 4416 1867 4416 2333 4416 2333 4417 1867 4417 1866 4417 2333 4418 1866 4418 2334 4418 2334 4419 1866 4419 1864 4419 2334 4420 1864 4420 2335 4420 2335 4421 1864 4421 1861 4421 2335 4422 1861 4422 2336 4422 2336 4423 1861 4423 1857 4423 2336 4424 1857 4424 2337 4424 2337 4425 1857 4425 1852 4425 2337 4426 1852 4426 2338 4426 2338 4427 1852 4427 1846 4427 2338 4428 1846 4428 2339 4428 2339 4429 1846 4429 1839 4429 2339 4430 1839 4430 2340 4430 2340 4431 1839 4431 1832 4431 2340 4432 1832 4432 2341 4432 2341 4433 1832 4433 2342 4433 2341 4434 2342 4434 2343 4434 2343 4435 2342 4435 2344 4435 2343 4436 2344 4436 2345 4436 2345 4437 2344 4437 2346 4437 2345 4438 2346 4438 2347 4438 2347 4439 2346 4439 2348 4439 2347 4440 2348 4440 2349 4440 2349 4441 2348 4441 2350 4441 2349 4442 2350 4442 2351 4442 2351 4443 2350 4443 2352 4443 2351 4444 2352 4444 2353 4444 2353 4445 2352 4445 2354 4445 2353 4446 2354 4446 2355 4446 2355 4447 2354 4447 2356 4447 2355 4448 2356 4448 2357 4448 2357 4449 2356 4449 2358 4449 2357 4450 2358 4450 2359 4450 2359 4451 2358 4451 2360 4451 2359 4452 2360 4452 2361 4452 2361 4453 2360 4453 2362 4453 2361 4454 2362 4454 2363 4454 2363 4455 2362 4455 2364 4455 2363 4456 2364 4456 2365 4456 2365 4457 2364 4457 2366 4457 2365 4458 2366 4458 2367 4458 2367 4459 2366 4459 2368 4459 2367 4460 2368 4460 2369 4460 2369 4461 2368 4461 2370 4461 2369 4462 2370 4462 2371 4462 2371 4463 2370 4463 2372 4463 2371 4464 2372 4464 2373 4464 2373 4465 2372 4465 2374 4465 2373 4466 2374 4466 2375 4466 2375 4467 2374 4467 2376 4467 2375 4468 2376 4468 2377 4468 2377 4469 2376 4469 2378 4469 2377 4470 2378 4470 2379 4470 2379 4471 2378 4471 2380 4471 2379 4472 2380 4472 1973 4472 1973 4473 2380 4473 1971 4473 1832 4474 1804 4474 2342 4474 2342 4475 1804 4475 2381 4475 2342 4476 2381 4476 2344 4476 2344 4477 2381 4477 2382 4477 2344 4478 2382 4478 2346 4478 2346 4479 2382 4479 2383 4479 2346 4480 2383 4480 2348 4480 2348 4481 2383 4481 2384 4481 2348 4482 2384 4482 2350 4482 2350 4483 2384 4483 2385 4483 2350 4484 2385 4484 2352 4484 2352 4485 2385 4485 2386 4485 2352 4486 2386 4486 2354 4486 2354 4487 2386 4487 2387 4487 2354 4488 2387 4488 2356 4488 2356 4489 2387 4489 2388 4489 2356 4490 2388 4490 2358 4490 2358 4491 2388 4491 2389 4491 2358 4492 2389 4492 2360 4492 2360 4493 2389 4493 2390 4493 2360 4494 2390 4494 2362 4494 2362 4495 2390 4495 2391 4495 2362 4496 2391 4496 2364 4496 2364 4497 2391 4497 2392 4497 2364 4498 2392 4498 2366 4498 2366 4499 2392 4499 2393 4499 2366 4500 2393 4500 2368 4500 2368 4501 2393 4501 2394 4501 2368 4502 2394 4502 2370 4502 2370 4503 2394 4503 2395 4503 2370 4504 2395 4504 2372 4504 2372 4505 2395 4505 2396 4505 2372 4506 2396 4506 2374 4506 2374 4507 2396 4507 2397 4507 2374 4508 2397 4508 2376 4508 2376 4509 2397 4509 2398 4509 2376 4510 2398 4510 2378 4510 2378 4511 2398 4511 2399 4511 2378 4512 2399 4512 2380 4512 2380 4513 2399 4513 2400 4513 2380 4514 2400 4514 1971 4514 1971 4515 2400 4515 1969 4515 1804 4516 1803 4516 2381 4516 2381 4517 1803 4517 2401 4517 2381 4518 2401 4518 2382 4518 2382 4519 2401 4519 2402 4519 2382 4520 2402 4520 2383 4520 2383 4521 2402 4521 2403 4521 2383 4522 2403 4522 2384 4522 2384 4523 2403 4523 2404 4523 2384 4524 2404 4524 2385 4524 2385 4525 2404 4525 2405 4525 2385 4526 2405 4526 2386 4526 2386 4527 2405 4527 2406 4527 2386 4528 2406 4528 2387 4528 2387 4529 2406 4529 2407 4529 2387 4530 2407 4530 2388 4530 2388 4531 2407 4531 2408 4531 2388 4532 2408 4532 2389 4532 2389 4533 2408 4533 2409 4533 2389 4534 2409 4534 2390 4534 2390 4535 2409 4535 2410 4535 2390 4536 2410 4536 2391 4536 2391 4537 2410 4537 2411 4537 2391 4538 2411 4538 2392 4538 2392 4539 2411 4539 2412 4539 2392 4540 2412 4540 2393 4540 2393 4541 2412 4541 2413 4541 2393 4542 2413 4542 2394 4542 2394 4543 2413 4543 2414 4543 2394 4544 2414 4544 2395 4544 2395 4545 2414 4545 2415 4545 2395 4546 2415 4546 2396 4546 2396 4547 2415 4547 2416 4547 2396 4548 2416 4548 2397 4548 2397 4549 2416 4549 2417 4549 2397 4550 2417 4550 2398 4550 2398 4551 2417 4551 2418 4551 2398 4552 2418 4552 2399 4552 2399 4553 2418 4553 2419 4553 2399 4554 2419 4554 2400 4554 2400 4555 2419 4555 2420 4555 2400 4556 2420 4556 1969 4556 1969 4557 2420 4557 1967 4557 1803 4558 328 4558 2401 4558 2401 4559 328 4559 2402 4559 328 4560 330 4560 2402 4560 2402 4561 330 4561 2403 4561 335 4562 2405 4562 330 4562 330 4563 2405 4563 2404 4563 330 4564 2404 4564 2403 4564 338 4565 2410 4565 335 4565 335 4566 2410 4566 2409 4566 335 4567 2409 4567 2408 4567 340 4568 2417 4568 338 4568 338 4569 2417 4569 2416 4569 338 4570 2416 4570 2415 4570 2417 4571 340 4571 2418 4571 2418 4572 340 4572 2419 4572 2415 4573 2414 4573 338 4573 338 4574 2414 4574 2413 4574 338 4575 2413 4575 2412 4575 2410 4576 338 4576 2411 4576 2411 4577 338 4577 2412 4577 2408 4578 2407 4578 335 4578 335 4579 2407 4579 2406 4579 335 4580 2406 4580 2405 4580 2125 4581 2127 4581 2024 4581 2024 4582 2127 4582 2026 4582 2123 4583 2125 4583 2022 4583 2022 4584 2125 4584 2024 4584 2121 4585 2123 4585 2020 4585 2020 4586 2123 4586 2022 4586 2119 4587 2121 4587 2018 4587 2018 4588 2121 4588 2020 4588 2117 4589 2119 4589 2016 4589 2016 4590 2119 4590 2018 4590 2115 4591 2117 4591 2014 4591 2014 4592 2117 4592 2016 4592 2113 4593 2115 4593 2012 4593 2012 4594 2115 4594 2014 4594 2111 4595 2113 4595 2010 4595 2010 4596 2113 4596 2012 4596 2109 4597 2111 4597 2008 4597 2008 4598 2111 4598 2010 4598 2107 4599 2109 4599 2006 4599 2006 4600 2109 4600 2008 4600 2105 4601 2107 4601 2004 4601 2004 4602 2107 4602 2006 4602 2103 4603 2105 4603 2002 4603 2002 4604 2105 4604 2004 4604 2101 4605 2103 4605 2000 4605 2000 4606 2103 4606 2002 4606 2099 4607 2101 4607 1998 4607 1998 4608 2101 4608 2000 4608 2097 4609 2099 4609 1996 4609 1996 4610 2099 4610 1998 4610 2095 4611 2097 4611 1994 4611 1994 4612 2097 4612 1996 4612 2093 4613 2095 4613 1992 4613 1992 4614 2095 4614 1994 4614 2091 4615 2093 4615 1990 4615 1990 4616 2093 4616 1992 4616 2089 4617 2091 4617 1988 4617 1988 4618 2091 4618 1990 4618 2087 4619 2089 4619 1986 4619 1986 4620 2089 4620 1988 4620 2085 4621 2087 4621 1984 4621 1984 4622 2087 4622 1986 4622 2083 4623 2085 4623 1982 4623 1982 4624 2085 4624 1984 4624 2081 4625 2083 4625 1980 4625 1980 4626 2083 4626 1982 4626 2079 4627 2081 4627 1978 4627 1978 4628 2081 4628 1980 4628 2077 4629 2079 4629 1976 4629 1976 4630 2079 4630 1978 4630 2075 4631 2077 4631 1974 4631 1974 4632 2077 4632 1976 4632 2073 4633 2075 4633 1972 4633 1972 4634 2075 4634 1974 4634 2071 4635 2073 4635 1970 4635 1970 4636 2073 4636 1972 4636 2069 4637 2071 4637 1968 4637 1968 4638 2071 4638 1970 4638 1965 4639 2069 4639 1966 4639 1966 4640 2069 4640 1968 4640 2419 4641 340 4641 2420 4641 2420 4642 340 4642 1967 4642 2198 4643 1782 4643 2126 4643 2126 4644 2124 4644 2198 4644 2198 4645 2124 4645 2421 4645 2198 4646 2421 4646 2199 4646 2199 4647 2421 4647 2200 4647 2124 4648 2122 4648 2421 4648 2421 4649 2122 4649 2422 4649 2421 4650 2422 4650 2200 4650 2200 4651 2422 4651 2201 4651 2122 4652 2120 4652 2422 4652 2422 4653 2120 4653 2423 4653 2422 4654 2423 4654 2201 4654 2201 4655 2423 4655 2202 4655 2120 4656 2118 4656 2423 4656 2423 4657 2118 4657 2424 4657 2423 4658 2424 4658 2202 4658 2202 4659 2424 4659 2203 4659 2118 4660 2116 4660 2424 4660 2424 4661 2116 4661 2425 4661 2424 4662 2425 4662 2203 4662 2203 4663 2425 4663 2204 4663 2116 4664 2114 4664 2425 4664 2425 4665 2114 4665 2191 4665 2425 4666 2191 4666 2204 4666 2204 4667 2191 4667 2190 4667 2110 4668 2108 4668 2187 4668 2187 4669 2108 4669 2426 4669 2187 4670 2426 4670 2185 4670 2185 4671 2426 4671 2427 4671 2185 4672 2427 4672 2183 4672 2183 4673 2427 4673 2182 4673 2108 4674 2106 4674 2426 4674 2426 4675 2106 4675 2181 4675 2426 4676 2181 4676 2427 4676 2427 4677 2181 4677 2180 4677 2427 4678 2180 4678 2182 4678 2182 4679 2180 4679 2179 4679 2102 4680 2100 4680 2177 4680 2177 4681 2100 4681 2428 4681 2177 4682 2428 4682 2175 4682 2175 4683 2428 4683 2429 4683 2175 4684 2429 4684 2173 4684 2173 4685 2429 4685 2172 4685 2100 4686 2098 4686 2428 4686 2428 4687 2098 4687 2171 4687 2428 4688 2171 4688 2429 4688 2429 4689 2171 4689 2170 4689 2429 4690 2170 4690 2172 4690 2172 4691 2170 4691 2169 4691 2094 4692 2092 4692 2167 4692 2167 4693 2092 4693 2430 4693 2167 4694 2430 4694 2165 4694 2165 4695 2430 4695 2431 4695 2165 4696 2431 4696 2163 4696 2163 4697 2431 4697 2162 4697 2092 4698 2090 4698 2430 4698 2430 4699 2090 4699 2161 4699 2430 4700 2161 4700 2431 4700 2431 4701 2161 4701 2160 4701 2431 4702 2160 4702 2162 4702 2162 4703 2160 4703 2159 4703 2078 4704 2076 4704 2145 4704 2145 4705 2076 4705 2432 4705 2145 4706 2432 4706 2143 4706 2143 4707 2432 4707 2433 4707 2143 4708 2433 4708 2141 4708 2141 4709 2433 4709 2140 4709 2076 4710 2074 4710 2432 4710 2432 4711 2074 4711 2139 4711 2432 4712 2139 4712 2433 4712 2433 4713 2139 4713 2138 4713 2433 4714 2138 4714 2140 4714 2140 4715 2138 4715 2137 4715 2070 4716 2068 4716 2135 4716 2135 4717 2068 4717 2434 4717 2135 4718 2434 4718 2133 4718 2133 4719 2434 4719 2435 4719 2133 4720 2435 4720 2131 4720 2131 4721 2435 4721 2130 4721 2068 4722 2067 4722 2434 4722 2434 4723 2067 4723 2066 4723 2434 4724 2066 4724 2435 4724 2435 4725 2066 4725 2128 4725 2435 4726 2128 4726 2130 4726 2130 4727 2128 4727 2129 4727 2025 4728 2027 4728 2436 4728 2436 4729 2027 4729 2028 4729 2436 4730 2028 4730 2437 4730 2437 4731 2028 4731 2029 4731 2437 4732 2029 4732 2031 4732 2023 4733 2025 4733 2438 4733 2438 4734 2025 4734 2436 4734 2438 4735 2436 4735 2439 4735 2439 4736 2436 4736 2437 4736 2439 4737 2437 4737 2440 4737 2440 4738 2437 4738 2031 4738 2440 4739 2031 4739 2033 4739 2021 4740 2023 4740 2441 4740 2441 4741 2023 4741 2438 4741 2441 4742 2438 4742 2442 4742 2442 4743 2438 4743 2439 4743 2442 4744 2439 4744 2443 4744 2443 4745 2439 4745 2440 4745 2443 4746 2440 4746 2444 4746 2444 4747 2440 4747 2033 4747 2444 4748 2033 4748 2035 4748 2019 4749 2021 4749 2445 4749 2445 4750 2021 4750 2441 4750 2445 4751 2441 4751 2446 4751 2446 4752 2441 4752 2442 4752 2446 4753 2442 4753 2447 4753 2447 4754 2442 4754 2443 4754 2447 4755 2443 4755 2448 4755 2448 4756 2443 4756 2444 4756 2448 4757 2444 4757 2449 4757 2449 4758 2444 4758 2035 4758 2449 4759 2035 4759 2037 4759 2017 4760 2019 4760 2450 4760 2450 4761 2019 4761 2445 4761 2450 4762 2445 4762 2451 4762 2451 4763 2445 4763 2446 4763 2451 4764 2446 4764 2452 4764 2452 4765 2446 4765 2447 4765 2452 4766 2447 4766 2453 4766 2453 4767 2447 4767 2448 4767 2453 4768 2448 4768 2454 4768 2454 4769 2448 4769 2449 4769 2454 4770 2449 4770 2455 4770 2455 4771 2449 4771 2037 4771 2455 4772 2037 4772 2039 4772 2015 4773 2017 4773 2456 4773 2456 4774 2017 4774 2450 4774 2456 4775 2450 4775 2457 4775 2457 4776 2450 4776 2451 4776 2457 4777 2451 4777 2458 4777 2458 4778 2451 4778 2452 4778 2458 4779 2452 4779 2459 4779 2459 4780 2452 4780 2453 4780 2459 4781 2453 4781 2460 4781 2460 4782 2453 4782 2454 4782 2460 4783 2454 4783 2461 4783 2461 4784 2454 4784 2455 4784 2461 4785 2455 4785 2462 4785 2462 4786 2455 4786 2039 4786 2462 4787 2039 4787 2041 4787 2013 4788 2015 4788 2463 4788 2463 4789 2015 4789 2456 4789 2463 4790 2456 4790 2464 4790 2464 4791 2456 4791 2457 4791 2464 4792 2457 4792 2465 4792 2465 4793 2457 4793 2458 4793 2465 4794 2458 4794 2466 4794 2466 4795 2458 4795 2459 4795 2466 4796 2459 4796 2467 4796 2467 4797 2459 4797 2460 4797 2467 4798 2460 4798 2468 4798 2468 4799 2460 4799 2461 4799 2468 4800 2461 4800 2469 4800 2469 4801 2461 4801 2462 4801 2469 4802 2462 4802 2470 4802 2470 4803 2462 4803 2041 4803 2470 4804 2041 4804 2043 4804 2011 4805 2013 4805 2471 4805 2471 4806 2013 4806 2463 4806 2471 4807 2463 4807 2472 4807 2472 4808 2463 4808 2464 4808 2472 4809 2464 4809 2473 4809 2473 4810 2464 4810 2465 4810 2473 4811 2465 4811 2474 4811 2474 4812 2465 4812 2466 4812 2474 4813 2466 4813 2475 4813 2475 4814 2466 4814 2467 4814 2475 4815 2467 4815 2476 4815 2476 4816 2467 4816 2468 4816 2476 4817 2468 4817 2477 4817 2477 4818 2468 4818 2469 4818 2477 4819 2469 4819 2478 4819 2478 4820 2469 4820 2470 4820 2478 4821 2470 4821 2479 4821 2479 4822 2470 4822 2043 4822 2479 4823 2043 4823 2045 4823 2009 4824 2011 4824 2480 4824 2480 4825 2011 4825 2471 4825 2480 4826 2471 4826 2481 4826 2481 4827 2471 4827 2472 4827 2481 4828 2472 4828 2482 4828 2482 4829 2472 4829 2473 4829 2482 4830 2473 4830 2483 4830 2483 4831 2473 4831 2474 4831 2483 4832 2474 4832 2484 4832 2484 4833 2474 4833 2475 4833 2484 4834 2475 4834 2485 4834 2485 4835 2475 4835 2476 4835 2485 4836 2476 4836 2486 4836 2486 4837 2476 4837 2477 4837 2486 4838 2477 4838 2487 4838 2487 4839 2477 4839 2478 4839 2487 4840 2478 4840 2488 4840 2488 4841 2478 4841 2479 4841 2488 4842 2479 4842 2489 4842 2489 4843 2479 4843 2045 4843 2489 4844 2045 4844 2047 4844 2007 4845 2009 4845 2490 4845 2490 4846 2009 4846 2480 4846 2490 4847 2480 4847 2491 4847 2491 4848 2480 4848 2481 4848 2491 4849 2481 4849 2492 4849 2492 4850 2481 4850 2482 4850 2492 4851 2482 4851 2493 4851 2493 4852 2482 4852 2483 4852 2493 4853 2483 4853 2494 4853 2494 4854 2483 4854 2484 4854 2494 4855 2484 4855 2495 4855 2495 4856 2484 4856 2485 4856 2495 4857 2485 4857 2496 4857 2496 4858 2485 4858 2486 4858 2496 4859 2486 4859 2497 4859 2497 4860 2486 4860 2487 4860 2497 4861 2487 4861 2498 4861 2498 4862 2487 4862 2488 4862 2498 4863 2488 4863 2499 4863 2499 4864 2488 4864 2489 4864 2499 4865 2489 4865 2500 4865 2500 4866 2489 4866 2047 4866 2500 4867 2047 4867 2049 4867 2005 4868 2007 4868 2501 4868 2501 4869 2007 4869 2490 4869 2501 4870 2490 4870 2502 4870 2502 4871 2490 4871 2491 4871 2502 4872 2491 4872 2503 4872 2503 4873 2491 4873 2492 4873 2503 4874 2492 4874 2504 4874 2504 4875 2492 4875 2493 4875 2504 4876 2493 4876 2505 4876 2505 4877 2493 4877 2494 4877 2505 4878 2494 4878 2506 4878 2506 4879 2494 4879 2495 4879 2506 4880 2495 4880 2507 4880 2507 4881 2495 4881 2496 4881 2507 4882 2496 4882 2508 4882 2508 4883 2496 4883 2497 4883 2508 4884 2497 4884 2509 4884 2509 4885 2497 4885 2498 4885 2509 4886 2498 4886 2510 4886 2510 4887 2498 4887 2499 4887 2510 4888 2499 4888 2511 4888 2511 4889 2499 4889 2500 4889 2511 4890 2500 4890 2512 4890 2512 4891 2500 4891 2049 4891 2512 4892 2049 4892 2051 4892 2003 4893 2005 4893 2513 4893 2513 4894 2005 4894 2501 4894 2513 4895 2501 4895 2514 4895 2514 4896 2501 4896 2502 4896 2514 4897 2502 4897 2515 4897 2515 4898 2502 4898 2503 4898 2515 4899 2503 4899 2516 4899 2516 4900 2503 4900 2504 4900 2516 4901 2504 4901 2517 4901 2517 4902 2504 4902 2505 4902 2517 4903 2505 4903 2518 4903 2518 4904 2505 4904 2506 4904 2518 4905 2506 4905 2519 4905 2519 4906 2506 4906 2507 4906 2519 4907 2507 4907 2520 4907 2520 4908 2507 4908 2508 4908 2520 4909 2508 4909 2521 4909 2521 4910 2508 4910 2509 4910 2521 4911 2509 4911 2522 4911 2522 4912 2509 4912 2510 4912 2522 4913 2510 4913 2523 4913 2523 4914 2510 4914 2511 4914 2523 4915 2511 4915 2524 4915 2524 4916 2511 4916 2512 4916 2524 4917 2512 4917 2525 4917 2525 4918 2512 4918 2051 4918 2525 4919 2051 4919 2053 4919 2001 4920 2003 4920 2526 4920 2526 4921 2003 4921 2513 4921 2526 4922 2513 4922 2527 4922 2527 4923 2513 4923 2514 4923 2527 4924 2514 4924 2528 4924 2528 4925 2514 4925 2515 4925 2528 4926 2515 4926 2529 4926 2529 4927 2515 4927 2516 4927 2529 4928 2516 4928 2530 4928 2530 4929 2516 4929 2517 4929 2530 4930 2517 4930 2531 4930 2531 4931 2517 4931 2518 4931 2531 4932 2518 4932 2532 4932 2532 4933 2518 4933 2519 4933 2532 4934 2519 4934 2533 4934 2533 4935 2519 4935 2520 4935 2533 4936 2520 4936 2534 4936 2534 4937 2520 4937 2521 4937 2534 4938 2521 4938 2535 4938 2535 4939 2521 4939 2522 4939 2535 4940 2522 4940 2536 4940 2536 4941 2522 4941 2523 4941 2536 4942 2523 4942 2537 4942 2537 4943 2523 4943 2524 4943 2537 4944 2524 4944 2538 4944 2538 4945 2524 4945 2525 4945 2538 4946 2525 4946 2539 4946 2539 4947 2525 4947 2053 4947 2539 4948 2053 4948 2055 4948 1999 4949 2001 4949 2540 4949 2540 4950 2001 4950 2526 4950 2540 4951 2526 4951 2541 4951 2541 4952 2526 4952 2527 4952 2541 4953 2527 4953 2542 4953 2542 4954 2527 4954 2528 4954 2542 4955 2528 4955 2543 4955 2543 4956 2528 4956 2529 4956 2543 4957 2529 4957 2544 4957 2544 4958 2529 4958 2530 4958 2544 4959 2530 4959 2545 4959 2545 4960 2530 4960 2531 4960 2545 4961 2531 4961 2546 4961 2546 4962 2531 4962 2532 4962 2546 4963 2532 4963 2547 4963 2547 4964 2532 4964 2533 4964 2547 4965 2533 4965 2548 4965 2548 4966 2533 4966 2534 4966 2548 4967 2534 4967 2549 4967 2549 4968 2534 4968 2535 4968 2549 4969 2535 4969 2550 4969 2550 4970 2535 4970 2536 4970 2550 4971 2536 4971 2551 4971 2551 4972 2536 4972 2537 4972 2551 4973 2537 4973 2552 4973 2552 4974 2537 4974 2538 4974 2552 4975 2538 4975 2553 4975 2553 4976 2538 4976 2539 4976 2553 4977 2539 4977 2554 4977 2554 4978 2539 4978 2055 4978 2554 4979 2055 4979 2057 4979 1997 4980 1999 4980 2555 4980 2555 4981 1999 4981 2540 4981 2555 4982 2540 4982 2556 4982 2556 4983 2540 4983 2541 4983 2556 4984 2541 4984 2557 4984 2557 4985 2541 4985 2542 4985 2557 4986 2542 4986 2558 4986 2558 4987 2542 4987 2543 4987 2558 4988 2543 4988 2559 4988 2559 4989 2543 4989 2544 4989 2559 4990 2544 4990 2560 4990 2560 4991 2544 4991 2545 4991 2560 4992 2545 4992 2561 4992 2561 4993 2545 4993 2546 4993 2561 4994 2546 4994 2562 4994 2562 4995 2546 4995 2547 4995 2562 4996 2547 4996 2563 4996 2563 4997 2547 4997 2548 4997 2563 4998 2548 4998 2564 4998 2564 4999 2548 4999 2549 4999 2564 5000 2549 5000 2565 5000 2565 5001 2549 5001 2550 5001 2565 5002 2550 5002 2566 5002 2566 5003 2550 5003 2551 5003 2566 5004 2551 5004 2567 5004 2567 5005 2551 5005 2552 5005 2567 5006 2552 5006 2568 5006 2568 5007 2552 5007 2553 5007 2568 5008 2553 5008 2569 5008 2569 5009 2553 5009 2554 5009 2569 5010 2554 5010 2570 5010 2570 5011 2554 5011 2057 5011 2570 5012 2057 5012 2059 5012 1995 5013 1997 5013 2571 5013 2571 5014 1997 5014 2555 5014 2571 5015 2555 5015 2572 5015 2572 5016 2555 5016 2556 5016 2572 5017 2556 5017 2573 5017 2573 5018 2556 5018 2557 5018 2573 5019 2557 5019 2574 5019 2574 5020 2557 5020 2558 5020 2574 5021 2558 5021 2575 5021 2575 5022 2558 5022 2559 5022 2575 5023 2559 5023 2576 5023 2576 5024 2559 5024 2560 5024 2576 5025 2560 5025 2577 5025 2577 5026 2560 5026 2561 5026 2577 5027 2561 5027 2578 5027 2578 5028 2561 5028 2562 5028 2578 5029 2562 5029 2579 5029 2579 5030 2562 5030 2563 5030 2579 5031 2563 5031 2580 5031 2580 5032 2563 5032 2564 5032 2580 5033 2564 5033 2581 5033 2581 5034 2564 5034 2565 5034 2581 5035 2565 5035 2582 5035 2582 5036 2565 5036 2566 5036 2582 5037 2566 5037 2583 5037 2583 5038 2566 5038 2567 5038 2583 5039 2567 5039 2584 5039 2584 5040 2567 5040 2568 5040 2584 5041 2568 5041 2585 5041 2585 5042 2568 5042 2569 5042 2585 5043 2569 5043 2586 5043 2586 5044 2569 5044 2570 5044 2586 5045 2570 5045 2587 5045 2587 5046 2570 5046 2059 5046 2587 5047 2059 5047 2061 5047 1993 5048 1995 5048 2588 5048 2588 5049 1995 5049 2571 5049 2588 5050 2571 5050 2589 5050 2589 5051 2571 5051 2572 5051 2589 5052 2572 5052 2590 5052 2590 5053 2572 5053 2573 5053 2590 5054 2573 5054 2591 5054 2591 5055 2573 5055 2574 5055 2591 5056 2574 5056 2592 5056 2592 5057 2574 5057 2575 5057 2592 5058 2575 5058 2593 5058 2593 5059 2575 5059 2576 5059 2593 5060 2576 5060 2594 5060 2594 5061 2576 5061 2577 5061 2594 5062 2577 5062 2595 5062 2595 5063 2577 5063 2578 5063 2595 5064 2578 5064 2596 5064 2596 5065 2578 5065 2579 5065 2596 5066 2579 5066 2597 5066 2597 5067 2579 5067 2580 5067 2597 5068 2580 5068 2598 5068 2598 5069 2580 5069 2581 5069 2598 5070 2581 5070 2599 5070 2599 5071 2581 5071 2582 5071 2599 5072 2582 5072 2600 5072 2600 5073 2582 5073 2583 5073 2600 5074 2583 5074 2601 5074 2601 5075 2583 5075 2584 5075 2601 5076 2584 5076 2602 5076 2602 5077 2584 5077 2585 5077 2602 5078 2585 5078 2603 5078 2603 5079 2585 5079 2586 5079 2603 5080 2586 5080 2604 5080 2604 5081 2586 5081 2587 5081 2604 5082 2587 5082 2605 5082 2605 5083 2587 5083 2061 5083 2605 5084 2061 5084 2063 5084 1991 5085 1993 5085 2606 5085 2606 5086 1993 5086 2588 5086 2606 5087 2588 5087 2607 5087 2607 5088 2588 5088 2589 5088 2607 5089 2589 5089 2608 5089 2608 5090 2589 5090 2590 5090 2608 5091 2590 5091 2609 5091 2609 5092 2590 5092 2591 5092 2609 5093 2591 5093 2610 5093 2610 5094 2591 5094 2592 5094 2610 5095 2592 5095 2611 5095 2611 5096 2592 5096 2593 5096 2611 5097 2593 5097 2612 5097 2612 5098 2593 5098 2594 5098 2612 5099 2594 5099 2613 5099 2613 5100 2594 5100 2595 5100 2613 5101 2595 5101 2614 5101 2614 5102 2595 5102 2596 5102 2614 5103 2596 5103 2615 5103 2615 5104 2596 5104 2597 5104 2615 5105 2597 5105 2616 5105 2616 5106 2597 5106 2598 5106 2616 5107 2598 5107 2617 5107 2617 5108 2598 5108 2599 5108 2617 5109 2599 5109 2618 5109 2618 5110 2599 5110 2600 5110 2618 5111 2600 5111 2619 5111 2619 5112 2600 5112 2601 5112 2619 5113 2601 5113 2620 5113 2620 5114 2601 5114 2602 5114 2620 5115 2602 5115 2621 5115 2621 5116 2602 5116 2603 5116 2621 5117 2603 5117 2622 5117 2622 5118 2603 5118 2604 5118 2622 5119 2604 5119 2623 5119 2623 5120 2604 5120 2605 5120 2623 5121 2605 5121 2624 5121 2624 5122 2605 5122 2063 5122 2624 5123 2063 5123 2065 5123 1989 5124 1991 5124 2625 5124 2625 5125 1991 5125 2606 5125 2625 5126 2606 5126 2626 5126 2626 5127 2606 5127 2607 5127 2626 5128 2607 5128 2627 5128 2627 5129 2607 5129 2608 5129 2627 5130 2608 5130 2628 5130 2628 5131 2608 5131 2609 5131 2628 5132 2609 5132 2629 5132 2629 5133 2609 5133 2610 5133 2629 5134 2610 5134 2630 5134 2630 5135 2610 5135 2611 5135 2630 5136 2611 5136 2631 5136 2631 5137 2611 5137 2612 5137 2631 5138 2612 5138 2632 5138 2632 5139 2612 5139 2613 5139 2632 5140 2613 5140 2633 5140 2633 5141 2613 5141 2614 5141 2633 5142 2614 5142 2634 5142 2634 5143 2614 5143 2615 5143 2634 5144 2615 5144 2635 5144 2635 5145 2615 5145 2616 5145 2635 5146 2616 5146 2636 5146 2636 5147 2616 5147 2617 5147 2636 5148 2617 5148 2637 5148 2637 5149 2617 5149 2618 5149 2637 5150 2618 5150 2638 5150 2638 5151 2618 5151 2619 5151 2638 5152 2619 5152 2639 5152 2639 5153 2619 5153 2620 5153 2639 5154 2620 5154 2640 5154 2640 5155 2620 5155 2621 5155 2640 5156 2621 5156 2641 5156 2641 5157 2621 5157 2622 5157 2641 5158 2622 5158 2642 5158 2642 5159 2622 5159 2623 5159 2642 5160 2623 5160 2643 5160 2643 5161 2623 5161 2624 5161 2643 5162 2624 5162 2333 5162 2333 5163 2624 5163 2065 5163 1987 5164 1989 5164 2644 5164 2644 5165 1989 5165 2625 5165 2644 5166 2625 5166 2645 5166 2645 5167 2625 5167 2626 5167 2645 5168 2626 5168 2646 5168 2646 5169 2626 5169 2627 5169 2646 5170 2627 5170 2647 5170 2647 5171 2627 5171 2628 5171 2647 5172 2628 5172 2648 5172 2648 5173 2628 5173 2629 5173 2648 5174 2629 5174 2649 5174 2649 5175 2629 5175 2630 5175 2649 5176 2630 5176 2650 5176 2650 5177 2630 5177 2631 5177 2650 5178 2631 5178 2651 5178 2651 5179 2631 5179 2632 5179 2651 5180 2632 5180 2652 5180 2652 5181 2632 5181 2633 5181 2652 5182 2633 5182 2653 5182 2653 5183 2633 5183 2634 5183 2653 5184 2634 5184 2654 5184 2654 5185 2634 5185 2635 5185 2654 5186 2635 5186 2655 5186 2655 5187 2635 5187 2636 5187 2655 5188 2636 5188 2656 5188 2656 5189 2636 5189 2637 5189 2656 5190 2637 5190 2657 5190 2657 5191 2637 5191 2638 5191 2657 5192 2638 5192 2658 5192 2658 5193 2638 5193 2639 5193 2658 5194 2639 5194 2659 5194 2659 5195 2639 5195 2640 5195 2659 5196 2640 5196 2660 5196 2660 5197 2640 5197 2641 5197 2660 5198 2641 5198 2661 5198 2661 5199 2641 5199 2642 5199 2661 5200 2642 5200 2662 5200 2662 5201 2642 5201 2643 5201 2662 5202 2643 5202 2334 5202 2334 5203 2643 5203 2333 5203 1985 5204 1987 5204 2663 5204 2663 5205 1987 5205 2644 5205 2663 5206 2644 5206 2664 5206 2664 5207 2644 5207 2645 5207 2664 5208 2645 5208 2665 5208 2665 5209 2645 5209 2646 5209 2665 5210 2646 5210 2666 5210 2666 5211 2646 5211 2647 5211 2666 5212 2647 5212 2667 5212 2667 5213 2647 5213 2648 5213 2667 5214 2648 5214 2668 5214 2668 5215 2648 5215 2649 5215 2668 5216 2649 5216 2669 5216 2669 5217 2649 5217 2650 5217 2669 5218 2650 5218 2670 5218 2670 5219 2650 5219 2651 5219 2670 5220 2651 5220 2671 5220 2671 5221 2651 5221 2652 5221 2671 5222 2652 5222 2672 5222 2672 5223 2652 5223 2653 5223 2672 5224 2653 5224 2673 5224 2673 5225 2653 5225 2654 5225 2673 5226 2654 5226 2674 5226 2674 5227 2654 5227 2655 5227 2674 5228 2655 5228 2675 5228 2675 5229 2655 5229 2656 5229 2675 5230 2656 5230 2676 5230 2676 5231 2656 5231 2657 5231 2676 5232 2657 5232 2677 5232 2677 5233 2657 5233 2658 5233 2677 5234 2658 5234 2678 5234 2678 5235 2658 5235 2659 5235 2678 5236 2659 5236 2679 5236 2679 5237 2659 5237 2660 5237 2679 5238 2660 5238 2680 5238 2680 5239 2660 5239 2661 5239 2680 5240 2661 5240 2681 5240 2681 5241 2661 5241 2662 5241 2681 5242 2662 5242 2335 5242 2335 5243 2662 5243 2334 5243 1983 5244 1985 5244 2682 5244 2682 5245 1985 5245 2663 5245 2682 5246 2663 5246 2683 5246 2683 5247 2663 5247 2664 5247 2683 5248 2664 5248 2684 5248 2684 5249 2664 5249 2665 5249 2684 5250 2665 5250 2685 5250 2685 5251 2665 5251 2666 5251 2685 5252 2666 5252 2686 5252 2686 5253 2666 5253 2667 5253 2686 5254 2667 5254 2687 5254 2687 5255 2667 5255 2668 5255 2687 5256 2668 5256 2688 5256 2688 5257 2668 5257 2669 5257 2688 5258 2669 5258 2689 5258 2689 5259 2669 5259 2670 5259 2689 5260 2670 5260 2690 5260 2690 5261 2670 5261 2671 5261 2690 5262 2671 5262 2691 5262 2691 5263 2671 5263 2672 5263 2691 5264 2672 5264 2692 5264 2692 5265 2672 5265 2673 5265 2692 5266 2673 5266 2693 5266 2693 5267 2673 5267 2674 5267 2693 5268 2674 5268 2694 5268 2694 5269 2674 5269 2675 5269 2694 5270 2675 5270 2695 5270 2695 5271 2675 5271 2676 5271 2695 5272 2676 5272 2696 5272 2696 5273 2676 5273 2677 5273 2696 5274 2677 5274 2697 5274 2697 5275 2677 5275 2678 5275 2697 5276 2678 5276 2698 5276 2698 5277 2678 5277 2679 5277 2698 5278 2679 5278 2699 5278 2699 5279 2679 5279 2680 5279 2699 5280 2680 5280 2700 5280 2700 5281 2680 5281 2681 5281 2700 5282 2681 5282 2336 5282 2336 5283 2681 5283 2335 5283 1981 5284 1983 5284 2701 5284 2701 5285 1983 5285 2682 5285 2701 5286 2682 5286 2702 5286 2702 5287 2682 5287 2683 5287 2702 5288 2683 5288 2703 5288 2703 5289 2683 5289 2684 5289 2703 5290 2684 5290 2704 5290 2704 5291 2684 5291 2685 5291 2704 5292 2685 5292 2705 5292 2705 5293 2685 5293 2686 5293 2705 5294 2686 5294 2706 5294 2706 5295 2686 5295 2687 5295 2706 5296 2687 5296 2707 5296 2707 5297 2687 5297 2688 5297 2707 5298 2688 5298 2708 5298 2708 5299 2688 5299 2689 5299 2708 5300 2689 5300 2709 5300 2709 5301 2689 5301 2690 5301 2709 5302 2690 5302 2710 5302 2710 5303 2690 5303 2691 5303 2710 5304 2691 5304 2711 5304 2711 5305 2691 5305 2692 5305 2711 5306 2692 5306 2712 5306 2712 5307 2692 5307 2693 5307 2712 5308 2693 5308 2713 5308 2713 5309 2693 5309 2694 5309 2713 5310 2694 5310 2714 5310 2714 5311 2694 5311 2695 5311 2714 5312 2695 5312 2715 5312 2715 5313 2695 5313 2696 5313 2715 5314 2696 5314 2716 5314 2716 5315 2696 5315 2697 5315 2716 5316 2697 5316 2717 5316 2717 5317 2697 5317 2698 5317 2717 5318 2698 5318 2718 5318 2718 5319 2698 5319 2699 5319 2718 5320 2699 5320 2719 5320 2719 5321 2699 5321 2700 5321 2719 5322 2700 5322 2337 5322 2337 5323 2700 5323 2336 5323 1979 5324 1981 5324 2720 5324 2720 5325 1981 5325 2701 5325 2720 5326 2701 5326 2721 5326 2721 5327 2701 5327 2702 5327 2721 5328 2702 5328 2722 5328 2722 5329 2702 5329 2703 5329 2722 5330 2703 5330 2723 5330 2723 5331 2703 5331 2704 5331 2723 5332 2704 5332 2724 5332 2724 5333 2704 5333 2705 5333 2724 5334 2705 5334 2725 5334 2725 5335 2705 5335 2706 5335 2725 5336 2706 5336 2726 5336 2726 5337 2706 5337 2707 5337 2726 5338 2707 5338 2727 5338 2727 5339 2707 5339 2708 5339 2727 5340 2708 5340 2728 5340 2728 5341 2708 5341 2709 5341 2728 5342 2709 5342 2729 5342 2729 5343 2709 5343 2710 5343 2729 5344 2710 5344 2730 5344 2730 5345 2710 5345 2711 5345 2730 5346 2711 5346 2731 5346 2731 5347 2711 5347 2712 5347 2731 5348 2712 5348 2732 5348 2732 5349 2712 5349 2713 5349 2732 5350 2713 5350 2733 5350 2733 5351 2713 5351 2714 5351 2733 5352 2714 5352 2734 5352 2734 5353 2714 5353 2715 5353 2734 5354 2715 5354 2735 5354 2735 5355 2715 5355 2716 5355 2735 5356 2716 5356 2736 5356 2736 5357 2716 5357 2717 5357 2736 5358 2717 5358 2737 5358 2737 5359 2717 5359 2718 5359 2737 5360 2718 5360 2738 5360 2738 5361 2718 5361 2719 5361 2738 5362 2719 5362 2338 5362 2338 5363 2719 5363 2337 5363 1977 5364 1979 5364 2739 5364 2739 5365 1979 5365 2720 5365 2739 5366 2720 5366 2740 5366 2740 5367 2720 5367 2721 5367 2740 5368 2721 5368 2741 5368 2741 5369 2721 5369 2722 5369 2741 5370 2722 5370 2742 5370 2742 5371 2722 5371 2723 5371 2742 5372 2723 5372 2743 5372 2743 5373 2723 5373 2724 5373 2743 5374 2724 5374 2744 5374 2744 5375 2724 5375 2725 5375 2744 5376 2725 5376 2745 5376 2745 5377 2725 5377 2726 5377 2745 5378 2726 5378 2746 5378 2746 5379 2726 5379 2727 5379 2746 5380 2727 5380 2747 5380 2747 5381 2727 5381 2728 5381 2747 5382 2728 5382 2748 5382 2748 5383 2728 5383 2729 5383 2748 5384 2729 5384 2749 5384 2749 5385 2729 5385 2730 5385 2749 5386 2730 5386 2750 5386 2750 5387 2730 5387 2731 5387 2750 5388 2731 5388 2751 5388 2751 5389 2731 5389 2732 5389 2751 5390 2732 5390 2752 5390 2752 5391 2732 5391 2733 5391 2752 5392 2733 5392 2753 5392 2753 5393 2733 5393 2734 5393 2753 5394 2734 5394 2754 5394 2754 5395 2734 5395 2735 5395 2754 5396 2735 5396 2755 5396 2755 5397 2735 5397 2736 5397 2755 5398 2736 5398 2756 5398 2756 5399 2736 5399 2737 5399 2756 5400 2737 5400 2757 5400 2757 5401 2737 5401 2738 5401 2757 5402 2738 5402 2339 5402 2339 5403 2738 5403 2338 5403 1975 5404 1977 5404 2758 5404 2758 5405 1977 5405 2739 5405 2758 5406 2739 5406 2759 5406 2759 5407 2739 5407 2740 5407 2759 5408 2740 5408 2760 5408 2760 5409 2740 5409 2741 5409 2760 5410 2741 5410 2761 5410 2761 5411 2741 5411 2742 5411 2761 5412 2742 5412 2762 5412 2762 5413 2742 5413 2743 5413 2762 5414 2743 5414 2763 5414 2763 5415 2743 5415 2744 5415 2763 5416 2744 5416 2764 5416 2764 5417 2744 5417 2745 5417 2764 5418 2745 5418 2765 5418 2765 5419 2745 5419 2746 5419 2765 5420 2746 5420 2766 5420 2766 5421 2746 5421 2747 5421 2766 5422 2747 5422 2767 5422 2767 5423 2747 5423 2748 5423 2767 5424 2748 5424 2768 5424 2768 5425 2748 5425 2749 5425 2768 5426 2749 5426 2769 5426 2769 5427 2749 5427 2750 5427 2769 5428 2750 5428 2770 5428 2770 5429 2750 5429 2751 5429 2770 5430 2751 5430 2771 5430 2771 5431 2751 5431 2752 5431 2771 5432 2752 5432 2772 5432 2772 5433 2752 5433 2753 5433 2772 5434 2753 5434 2773 5434 2773 5435 2753 5435 2754 5435 2773 5436 2754 5436 2774 5436 2774 5437 2754 5437 2755 5437 2774 5438 2755 5438 2775 5438 2775 5439 2755 5439 2756 5439 2775 5440 2756 5440 2776 5440 2776 5441 2756 5441 2757 5441 2776 5442 2757 5442 2340 5442 2340 5443 2757 5443 2339 5443 1973 5444 1975 5444 2379 5444 2379 5445 1975 5445 2758 5445 2379 5446 2758 5446 2377 5446 2377 5447 2758 5447 2759 5447 2377 5448 2759 5448 2375 5448 2375 5449 2759 5449 2760 5449 2375 5450 2760 5450 2373 5450 2373 5451 2760 5451 2761 5451 2373 5452 2761 5452 2371 5452 2371 5453 2761 5453 2762 5453 2371 5454 2762 5454 2369 5454 2369 5455 2762 5455 2763 5455 2369 5456 2763 5456 2367 5456 2367 5457 2763 5457 2764 5457 2367 5458 2764 5458 2365 5458 2365 5459 2764 5459 2765 5459 2365 5460 2765 5460 2363 5460 2363 5461 2765 5461 2766 5461 2363 5462 2766 5462 2361 5462 2361 5463 2766 5463 2767 5463 2361 5464 2767 5464 2359 5464 2359 5465 2767 5465 2768 5465 2359 5466 2768 5466 2357 5466 2357 5467 2768 5467 2769 5467 2357 5468 2769 5468 2355 5468 2355 5469 2769 5469 2770 5469 2355 5470 2770 5470 2353 5470 2353 5471 2770 5471 2771 5471 2353 5472 2771 5472 2351 5472 2351 5473 2771 5473 2772 5473 2351 5474 2772 5474 2349 5474 2349 5475 2772 5475 2773 5475 2349 5476 2773 5476 2347 5476 2347 5477 2773 5477 2774 5477 2347 5478 2774 5478 2345 5478 2345 5479 2774 5479 2775 5479 2345 5480 2775 5480 2343 5480 2343 5481 2775 5481 2776 5481 2343 5482 2776 5482 2341 5482 2341 5483 2776 5483 2340 5483 2222 5484 2238 5484 2223 5484 2223 5485 2238 5485 2332 5485 2223 5486 2332 5486 2224 5486 2224 5487 2332 5487 2331 5487 2224 5488 2331 5488 2225 5488 2225 5489 2331 5489 2330 5489 2225 5490 2330 5490 2226 5490 2226 5491 2330 5491 2329 5491 2226 5492 2329 5492 2227 5492 2227 5493 2329 5493 2328 5493 2227 5494 2328 5494 2228 5494 2228 5495 2328 5495 2327 5495 2228 5496 2327 5496 2229 5496 2229 5497 2327 5497 2326 5497 2229 5498 2326 5498 2230 5498 2230 5499 2326 5499 2325 5499 2230 5500 2325 5500 2231 5500 2231 5501 2325 5501 2324 5501 2231 5502 2324 5502 2232 5502 2232 5503 2324 5503 2323 5503 2232 5504 2323 5504 2233 5504 2233 5505 2323 5505 2322 5505 2233 5506 2322 5506 2234 5506 2234 5507 2322 5507 2321 5507 2234 5508 2321 5508 2235 5508 2235 5509 2321 5509 2320 5509 2235 5510 2320 5510 2236 5510 2236 5511 2320 5511 2319 5511 2236 5512 2319 5512 2237 5512 2278 5513 2289 5513 2279 5513 2279 5514 2289 5514 2777 5514 2279 5515 2777 5515 2280 5515 2280 5516 2777 5516 2778 5516 2280 5517 2778 5517 2281 5517 2281 5518 2778 5518 2779 5518 2281 5519 2779 5519 2282 5519 2282 5520 2779 5520 2780 5520 2282 5521 2780 5521 2283 5521 2283 5522 2780 5522 2781 5522 2283 5523 2781 5523 2284 5523 2284 5524 2781 5524 2782 5524 2284 5525 2782 5525 2285 5525 2285 5526 2782 5526 2783 5526 2285 5527 2783 5527 2286 5527 2286 5528 2783 5528 2784 5528 2286 5529 2784 5529 2287 5529 2287 5530 2784 5530 2318 5530 2287 5531 2318 5531 2288 5531 2289 5532 2290 5532 2777 5532 2777 5533 2290 5533 2785 5533 2777 5534 2785 5534 2778 5534 2778 5535 2785 5535 2786 5535 2778 5536 2786 5536 2779 5536 2779 5537 2786 5537 2787 5537 2779 5538 2787 5538 2780 5538 2780 5539 2787 5539 2788 5539 2780 5540 2788 5540 2781 5540 2781 5541 2788 5541 2789 5541 2781 5542 2789 5542 2782 5542 2782 5543 2789 5543 2790 5543 2782 5544 2790 5544 2783 5544 2783 5545 2790 5545 2791 5545 2783 5546 2791 5546 2784 5546 2784 5547 2791 5547 2317 5547 2784 5548 2317 5548 2318 5548 2291 5549 2293 5549 2785 5549 2785 5550 2293 5550 2786 5550 2787 5551 2786 5551 2295 5551 2295 5552 2786 5552 2293 5552 2290 5553 2291 5553 2785 5553 2292 5554 2306 5554 2294 5554 2294 5555 2306 5555 2792 5555 2294 5556 2792 5556 2296 5556 2296 5557 2792 5557 2793 5557 2296 5558 2793 5558 2298 5558 2298 5559 2793 5559 2794 5559 2298 5560 2794 5560 2300 5560 2300 5561 2794 5561 2795 5561 2300 5562 2795 5562 2302 5562 2302 5563 2795 5563 2316 5563 2302 5564 2316 5564 2304 5564 2788 5565 2787 5565 2297 5565 2297 5566 2787 5566 2295 5566 2306 5567 2307 5567 2792 5567 2792 5568 2307 5568 2796 5568 2792 5569 2796 5569 2793 5569 2793 5570 2796 5570 2797 5570 2793 5571 2797 5571 2794 5571 2794 5572 2797 5572 2798 5572 2794 5573 2798 5573 2795 5573 2795 5574 2798 5574 2315 5574 2795 5575 2315 5575 2316 5575 2789 5576 2788 5576 2299 5576 2299 5577 2788 5577 2297 5577 2307 5578 2308 5578 2796 5578 2796 5579 2308 5579 2799 5579 2796 5580 2799 5580 2797 5580 2797 5581 2799 5581 2800 5581 2797 5582 2800 5582 2798 5582 2798 5583 2800 5583 2314 5583 2798 5584 2314 5584 2315 5584 2790 5585 2789 5585 2301 5585 2301 5586 2789 5586 2299 5586 2308 5587 2309 5587 2799 5587 2799 5588 2309 5588 2801 5588 2799 5589 2801 5589 2800 5589 2800 5590 2801 5590 2313 5590 2800 5591 2313 5591 2314 5591 2791 5592 2790 5592 2303 5592 2303 5593 2790 5593 2301 5593 2309 5594 2310 5594 2801 5594 2801 5595 2310 5595 2312 5595 2801 5596 2312 5596 2313 5596 2311 5597 2312 5597 2310 5597 2317 5598 2791 5598 2305 5598 2305 5599 2791 5599 2303 5599</p>
        </triangles>
      </mesh>
    </geometry>
  </library_geometries>
  <library_visual_scenes>
    <visual_scene id="Scene" name="Scene">
      <node id="Sail" name="Sail" type="NODE">
        <matrix sid="transform">0.02 0 0 0 0 0.02 0 0 0 0 0.02 0 0 0 0 1</matrix>
        <instance_geometry url="#Sail_001-mesh" name="Sail"/>
      </node>
    </visual_scene>
  </library_visual_scenes>
  <scene>
    <instance_visual_scene url="#Scene"/>
  </scene>
</COLLADA>